,Date,Open,High,Low,Close,BinanceCoinVolume,Market Cap,BinanceCoinMean
1,24-Apr-21,526.76,527.44,483.96,496.42,4070234640,76166401717,511.59
2,23-Apr-21,505.86,530.07,452.44,526.57,8893557870,80792431547,516.215
3,22-Apr-21,544.01,582.04,481.26,506.01,8342960849,77639041510,525.01
4,21-Apr-21,586.9,612.69,537.35,546.02,8456300946,83777978676,566.46
5,20-Apr-21,503.8,588.06,475.59,587.03,9330924061,90069573288,545.415
6,19-Apr-21,481.4,539.71,469.15,505.09,7141301320,77497870497,493.245
7,18-Apr-21,520.59,526.06,429.05,481.03,6711806048,73806479141,500.81
8,17-Apr-21,509.58,548.6,509.05,520.42,5195399091,79849049194,515
9,16-Apr-21,542.57,548.89,493.01,510.22,6886285728,78284562613,526.395
10,15-Apr-21,550.41,556.83,536.08,542.63,4608061831,83854448856,546.52
11,14-Apr-21,550.4,590.42,526.53,549.59,7452346448,84929962001,549.995
12,13-Apr-21,596.99,602.3,532.96,549.59,9433830832,84929138157,573.29
13,12-Apr-21,526.7,637.44,516.28,598.72,14436315725,92522278160,562.71
14,11-Apr-21,471.65,529.65,459.59,525.39,5697422904,81189295175,498.52
15,10-Apr-21,454.34,487.28,451.36,472.56,6160670397,73026065780,463.45
16,9-Apr-21,418.05,453.7,405.44,453.18,4701175013,70030932980,435.615
17,8-Apr-21,376.27,422.47,372.52,418.04,4550316562,64600635460,397.155
18,7-Apr-21,403.7,414.36,358.74,374.66,5976362849,57897068143,389.18
19,6-Apr-21,368.1,412.26,364.13,403.59,5277448222,62368004529,385.845
20,5-Apr-21,351.24,381.03,339.46,367.77,4073047973,56832907205,359.505
21,4-Apr-21,323.35,353.43,319.85,351.62,3200674446,54337497318,337.485
22,3-Apr-21,338.91,349.63,319.19,323.13,2953164849,49934722802,331.02
23,2-Apr-21,335.09,356.78,329.75,339.01,3950524039,52387808184,337.05
24,1-Apr-21,302.25,339.21,301.59,335.21,3718677616,51801379680,318.73
25,31-Mar-21,311.55,316.49,289.01,302.06,3545493416,46678707631,306.805
26,30-Mar-21,275.24,311.43,271.58,311.43,4039620710,48125603373,293.335
27,29-Mar-21,268.97,277.48,265.37,275.21,2067448661,42529681607,272.09
28,28-Mar-21,269.31,280.99,262.29,269.19,2527142069,41598879256,269.25
29,27-Mar-21,255.12,275.59,250.49,269.1,2457659540,41585130057,262.11
30,26-Mar-21,234.79,255.1,234.79,255.1,2099285452,39422018823,244.945
31,25-Mar-21,249.47,250.14,227.29,234.89,2314734091,36297499650,242.18
32,24-Mar-21,255.89,268.62,243.23,249.85,2385752951,38610229807,252.87
33,23-Mar-21,255.95,263.15,253.01,255.69,2010488139,39512436988,255.82
34,22-Mar-21,265.07,276.97,255.21,255.9,2323911466,39544969150,260.485
35,21-Mar-21,264.96,268.88,257.52,264.89,1718563711,40933596276,264.925
36,20-Mar-21,264.09,274.87,262.97,264.74,2004752539,40911268601,264.415
37,19-Mar-21,261.63,269.23,256.27,264.06,1873443830,40805530274,262.845
38,18-Mar-21,269.64,277.77,258.73,261.7,2445995134,40441972615,265.67
39,17-Mar-21,258.39,270.96,249.93,269.85,2271426252,41701420904,264.12
40,16-Mar-21,254.45,258.88,242.18,258.1,2425543830,39885015333,256.275
41,15-Mar-21,264.06,267.23,250.61,254.66,2488528410,39353447071,259.36
42,14-Mar-21,276.19,276.37,264.64,264.64,2044273970,40895052332,270.415
43,13-Mar-21,263.59,283.01,256.19,276.1,2903774859,42667226946,269.845
44,12-Mar-21,290,290.03,253.95,263.69,3960814749,40748105862,276.845
45,11-Mar-21,278.51,313.11,273.38,289.79,4676132222,44782177641,284.15
46,10-Mar-21,293.42,295.07,268.58,279.36,4544623650,43169973367,286.39
47,9-Mar-21,240.4,296.66,236.05,293.46,8676266998,45349688818,266.93
48,8-Mar-21,240.18,242.69,229.44,240.32,5016770824,37137112622,240.25
49,7-Mar-21,226.67,243.34,225.55,240.18,5081569247,37115563235,233.425
50,6-Mar-21,226.2,232.1,220.08,226.67,4489684331,35027459802,226.435
51,5-Mar-21,229.84,230.37,216.27,226.37,4969642573,34981982954,228.105
52,4-Mar-21,241.05,249.47,226.08,229.95,5580339595,35534051133,235.5
53,3-Mar-21,239.69,254.25,236.91,241.09,5827707431,37256520784,240.39
54,2-Mar-21,254.95,264.17,228.64,239.52,5882262804,37014085021,247.235
55,1-Mar-21,209.95,259.49,209.95,254.63,5008256561,39348672761,232.29
56,28-Feb-21,225.45,228.17,195.85,209.57,3129699003,32386116331,217.51
57,27-Feb-21,221.98,237.18,220.1,225.25,2755271254,34808423808,223.615
58,26-Feb-21,235.27,238.76,210.31,221.68,4167145958,34256894118,228.475
59,25-Feb-21,254.47,264.71,233.89,233.89,4059853073,36143048172,244.18
60,24-Feb-21,231.12,280.09,214.52,254.36,7154121651,39306825006,242.74
61,23-Feb-21,267.36,268.54,190.41,230.99,8280752930,35696185048,249.175
62,22-Feb-21,294.61,295.48,223.02,267.51,7885768925,41339035406,281.06
63,21-Feb-21,254.54,307.59,250.54,293.92,8505963719,45420831168,274.23
64,20-Feb-21,332.92,334.46,227.91,255.95,9680520706,39553242902,294.435
65,19-Feb-21,195.99,342.88,195.39,332.62,17982945189,51400081848,264.305
66,18-Feb-21,165.02,199.46,163.27,195.93,6110987389,30278016489,180.475
67,17-Feb-21,130.08,175.12,127.09,164.67,5236224271,25446929134,147.375
68,16-Feb-21,129.74,133.28,126.8,130.06,1925775294,20098017962,129.9
69,15-Feb-21,136.28,139.22,119.73,129.57,2414986848,20022485368,132.925
70,14-Feb-21,133.47,138.76,128.73,136.43,2312597445,21082369583,134.95
71,13-Feb-21,136.93,138.47,125.73,133.45,2116751635,20622814703,135.19
72,12-Feb-21,124.16,140.24,121.73,136.95,2981627650,21163016404,130.555
73,11-Feb-21,129.31,131.54,119.1,124.43,2809765027,19229172295,126.87
74,10-Feb-21,107.71,148.07,107.71,129.74,7000323240,20048643233,118.725
75,9-Feb-21,79.81,115.13,78.45,107.9,4425849540,16673976092,93.855
76,8-Feb-21,68.53,79.83,67.86,79.83,2133574291,12336590447,74.18
77,7-Feb-21,72.87,74.61,64.5,68.59,1493688265,10599484196,70.73
78,6-Feb-21,67.85,75.4,62.21,72.73,2114553792,11239725838,70.29
79,5-Feb-21,56.01,68.46,56.01,67.85,1431595319,10484364380,61.93
80,4-Feb-21,52.24,57.07,51.6,55.93,940905214,8642265397,54.085
81,3-Feb-21,51.05,52.68,49.96,52.24,714000888,8073200035,51.645
82,2-Feb-21,51.55,52.91,49.39,51.06,1006694242,7889888370,51.305
83,1-Feb-21,44.31,52.14,43.52,51.61,1256933735,7975081034,47.96
84,31-Jan-21,44.8,45.71,43.43,44.28,512545443,6842092373,44.54
85,30-Jan-21,42.85,44.99,42.68,44.77,533768579,6918784867,43.81
86,29-Jan-21,42.39,44.01,41.91,42.85,651771603,6622092912,42.62
87,28-Jan-21,40.99,43.08,40.51,42.53,533847527,6572141169,41.76
88,27-Jan-21,41.76,42.05,39.73,40.99,519618043,6335052741,41.375
89,26-Jan-21,41.66,42.48,40.01,41.69,546536514,6443203629,41.675
90,25-Jan-21,41.88,43.35,40.63,41.62,507172505,6432226784,41.75
91,24-Jan-21,40.86,42.19,40.5,41.88,450486066,6472081160,41.37
92,23-Jan-21,40.87,41.85,39.59,40.82,468609053,6307329734,40.845
93,22-Jan-21,38.64,41.41,36.95,40.86,561072899,6313834019,39.75
94,21-Jan-21,42.61,42.64,38.45,38.65,621983627,5972049400,40.63
95,20-Jan-21,42.66,42.75,40.31,42.61,684094133,6584162604,42.635
96,19-Jan-21,45.34,47.1,41.94,42.79,750638729,6622630370,44.065
97,18-Jan-21,45.77,46.8,44.16,45.35,586905636,6458589310,45.56
98,17-Jan-21,43.16,46.65,41.09,45.68,664875513,6505788375,44.42
99,16-Jan-21,40.92,43.92,40.73,43.17,604218252,6147951452,42.045
100,15-Jan-21,41.79,42.41,39.1,40.92,562019413,5827131331,41.355
101,14-Jan-21,40.12,41.87,39.66,41.79,534108764,5951694799,40.955
102,13-Jan-21,38.11,40.4,37.14,40.14,542384725,5715620009,39.125
103,12-Jan-21,38.28,39.93,37.19,38.11,567249584,5427343148,38.195
104,11-Jan-21,42.47,42.48,35.17,38.37,890728694,5541076413,40.42
105,10-Jan-21,43.94,45.16,40.59,42.45,701488832,6129838356,43.195
106,9-Jan-21,42.37,44.12,41.59,43.93,590039660,6344192423,43.15
107,8-Jan-21,43.57,43.59,40.53,42.4,650561500,6122161936,42.985
108,7-Jan-21,42.2,44.47,41.5,43.45,829964770,6274391512,42.825
109,6-Jan-21,41.78,42.19,40.59,42.17,641021601,6089040529,41.975
110,5-Jan-21,40.94,41.73,38.98,41.73,644270927,6026750037,41.335
111,4-Jan-21,41.2,43.13,38.14,40.93,807877171,5910034134,41.065
112,3-Jan-21,38.25,41.61,37.82,41.15,758008613,5942182741,39.7
113,2-Jan-21,37.92,38.84,36.93,38.24,521965394,5522336922,38.08
114,1-Jan-21,37.37,38.93,37.05,37.91,459165743,5473732252,37.64
115,31-Dec-20,38.12,38.16,36.74,37.38,404140896,5397344408,37.75
116,30-Dec-20,38.95,39.16,36.9,38.14,501223201,5507131905,38.545
117,29-Dec-20,35.85,39.48,35.34,38.95,938849532,5625044698,37.4
118,28-Dec-20,33.53,35.98,33.4,35.84,611476292,5176189132,34.685
119,27-Dec-20,33.48,34.85,32.09,33.51,567285548,4839330614,33.495
120,26-Dec-20,33.17,33.95,32.6,33.48,434464851,4834318541,33.325
121,25-Dec-20,32.49,33.44,31.86,33.16,421026462,4789239871,32.825
122,24-Dec-20,31.11,32.71,30.46,32.5,488263504,4693298909,31.805
123,23-Dec-20,33.48,34.38,30.07,31.1,582613805,4490740605,32.29
124,22-Dec-20,32.2,33.76,30.59,33.48,563925549,4835157313,32.84
125,21-Dec-20,34.2,35.56,31.64,32.27,583000547,4659931518,33.235
126,20-Dec-20,33.29,35.54,32.67,34.16,583559932,4932970916,33.725
127,19-Dec-20,30.94,34.17,30.94,33.3,534843839,4808212174,32.12
128,18-Dec-20,30.18,31.18,29.7,30.94,359055461,4467702132,30.56
129,17-Dec-20,30.49,31.45,29.83,30.18,479985920,4358786912,30.335
130,16-Dec-20,29.55,30.6,29.06,30.49,347039607,4402984095,30.02
131,15-Dec-20,30.03,30.3,29.38,29.55,294288115,4266821620,29.79
132,14-Dec-20,29.11,30.17,28.69,30.03,335453986,4336468154,29.57
133,13-Dec-20,28.17,29.25,28.06,29.1,265728020,4202475239,28.635
134,12-Dec-20,27.36,28.24,27.33,28.16,238973887,4067131459,27.76
135,11-Dec-20,27.7,27.74,26.77,27.36,278060132,3951108419,27.53
136,10-Dec-20,28.13,28.24,27.43,27.7,263890750,3999511565,27.915
137,9-Dec-20,27.64,28.38,27,28.13,323390504,4062056065,27.885
138,8-Dec-20,29.38,29.49,27.51,27.64,323672206,3990863862,28.51
139,7-Dec-20,29.53,29.66,29.09,29.38,238972454,4242395534,29.455
140,6-Dec-20,29.73,30.13,29.1,29.54,249993855,4265885903,29.635
141,5-Dec-20,29.08,30,28.76,29.73,307895991,4293133190,29.405
142,4-Dec-20,30.72,31.12,28.93,29.07,362626786,4198217551,29.895
143,3-Dec-20,30.3,30.77,29.98,30.7,324897560,4433921194,30.5
144,2-Dec-20,30.15,30.91,29.75,30.3,371441750,4375137745,30.225
145,1-Dec-20,31.41,31.87,29.48,30.11,467818960,4347836463,30.76
146,30-Nov-20,30.12,31.53,29.79,31.39,389608481,4533324240,30.755
147,29-Nov-20,29.16,30.45,28.96,30.12,347773041,4349179641,29.64
148,28-Nov-20,28.47,29.62,27.99,29.14,338275296,4208572006,28.805
149,27-Nov-20,28.23,28.71,27.3,28.48,361093513,4112003794,28.355
150,26-Nov-20,31.32,31.73,26.54,28.2,659590250,4072974928,29.76
151,25-Nov-20,33.86,35.28,30.77,31.34,599500600,4526129072,32.6
152,24-Nov-20,30.97,35.11,30.85,33.8,840230024,4881396848,32.385
153,23-Nov-20,29.93,31.04,29.82,30.97,433686948,4471602512,30.45
154,22-Nov-20,30.39,31.07,29.09,29.93,426289161,4321376636,30.16
155,21-Nov-20,28.89,30.73,28.35,30.39,419204706,4388701800,29.64
156,20-Nov-20,28.09,29.27,28.09,28.89,321436881,4172193980,28.49
157,19-Nov-20,28.08,28.34,27.65,28.09,282317319,4056972965,28.085
158,18-Nov-20,28.53,28.78,27.54,28.08,327690836,4054382129,28.305
159,17-Nov-20,28.17,28.75,28.17,28.53,320321793,4120003069,28.35
160,16-Nov-20,27.62,28.18,27.5,28.06,275039274,4052641542,27.84
161,15-Nov-20,27.94,28.17,27.11,27.62,254946427,3988657963,27.78
162,14-Nov-20,28.18,28.18,27.41,27.94,254114574,4034170650,28.06
163,13-Nov-20,27.61,28.48,27.56,28.18,292737428,4069690555,27.895
164,12-Nov-20,27.96,28.16,27.35,27.61,266092376,3987759263,27.785
165,11-Nov-20,28.19,28.62,27.87,27.96,279645463,4037055489,28.075
166,10-Nov-20,28.02,28.47,27.71,28.19,310738349,4071303515,28.105
167,9-Nov-20,28.31,28.92,27.41,28.02,335957338,4045986040,28.165
168,8-Nov-20,27.74,28.69,27.51,28.31,321186882,4087444400,28.025
169,7-Nov-20,29.02,29.84,26.99,27.74,362934993,4005562956,28.38
170,6-Nov-20,27.68,29.42,27.68,29.02,343104562,4190389442,28.35
171,5-Nov-20,26.93,27.9,26.72,27.68,299236756,3996575588,27.305
172,4-Nov-20,26.86,26.96,25.97,26.93,383972480,3889087338,26.895
173,3-Nov-20,27.88,27.88,25.9,26.86,457901613,3878334077,27.37
174,2-Nov-20,28.46,29.28,27.83,27.88,390864652,4026622517,28.17
175,1-Nov-20,28.43,28.67,28.1,28.46,338657898,4110036786,28.445
176,31-Oct-20,28.51,28.89,28.17,28.43,360596998,4105653935,28.47
177,30-Oct-20,29.84,30.19,27.59,28.51,531974962,4116801767,29.175
178,29-Oct-20,30.36,30.42,29.51,29.84,426303252,4309449684,30.1
179,28-Oct-20,31.64,31.93,29.87,30.36,477279858,4384689479,31
180,27-Oct-20,31.15,32.35,31,31.64,715978374,4568839011,31.395
181,26-Oct-20,30.11,31.31,29.99,31.15,624224136,4498922939,30.63
182,25-Oct-20,30.59,30.97,29.96,30.11,391997739,4347726477,30.35
183,24-Oct-20,30.63,30.84,30.46,30.59,407454460,4417226481,30.61
184,23-Oct-20,30.66,31.16,30.1,30.63,514504830,4423744907,30.645
185,22-Oct-20,29.77,31.3,29.76,30.66,530907796,4427243882,30.215
186,21-Oct-20,28.81,30.38,28.71,29.77,510855830,4299323300,29.29
187,20-Oct-20,29.93,30.08,28.54,28.8,493774162,4159406132,29.365
188,19-Oct-20,30.66,30.66,29.86,29.93,385913101,4321376045,30.295
189,18-Oct-20,30.24,31,30.22,30.66,440840685,4427436309,30.45
190,17-Oct-20,30.04,30.56,29.72,30.25,377026508,4368043546,30.145
191,16-Oct-20,31.31,31.92,29.67,29.99,546849696,4331460193,30.65
192,15-Oct-20,30.89,31.57,30.5,31.3,504135680,4519328173,31.095
193,14-Oct-20,30.74,31.3,30.46,30.91,460297911,4463912580,30.825
194,13-Oct-20,30.67,31.77,30.27,30.71,600050050,4434255414,30.69
195,12-Oct-20,28.55,31.08,28.49,30.71,718406691,4435401470,29.63
196,11-Oct-20,28.38,28.74,27.96,28.56,408482939,4123613065,28.47
197,10-Oct-20,28.44,29.22,28.16,28.31,426434526,4088508780,28.375
198,9-Oct-20,27.74,28.54,27.53,28.45,465984452,4107649100,28.095
199,8-Oct-20,27.71,27.81,26.6,27.71,431553686,4000828629,27.71
200,7-Oct-20,27.7,27.87,26.94,27.7,394557518,4000760079,27.7
201,6-Oct-20,28.67,28.97,27.3,27.71,505088690,4002159704,28.19
202,5-Oct-20,29.01,29.3,28.17,28.66,425642119,4138562603,28.835
203,4-Oct-20,28.21,29.14,28.07,28.94,514574736,4179682323,28.575
204,3-Oct-20,27.35,28.29,27.14,28.2,495908650,4072598561,27.775
205,2-Oct-20,27.45,28.18,25.89,27.29,638940976,3940231194,27.37
206,1-Oct-20,29.32,29.38,26.36,27.43,630087805,3961356701,28.375
207,30-Sep-20,28.88,29.56,28.04,29.29,566560144,4229794764,29.085
208,29-Sep-20,26.99,29,26.98,28.84,612454595,4165115470,27.915
209,28-Sep-20,26.24,27.73,25.92,26.98,530311672,3896032265,26.61
210,27-Sep-20,26.21,26.89,25.74,26.2,435755666,3783338709,26.205
211,26-Sep-20,24.68,26.45,24.54,26.22,490827676,3786510684,25.45
212,25-Sep-20,24.59,25.07,23.88,24.66,442583904,3561555011,24.625
213,24-Sep-20,22.85,24.68,22.7,24.61,475917196,3554397706,23.73
214,23-Sep-20,24.05,24.25,22.7,22.86,446713264,3300697550,23.455
215,22-Sep-20,23.19,24.52,22.85,24.1,340023558,3480304977,23.645
216,21-Sep-20,26.43,26.7,22.55,23.27,462503299,3360034461,24.85
217,20-Sep-20,27.25,27.33,25.26,26.39,343197520,3811197212,26.82
218,19-Sep-20,27.62,27.88,26.76,27.25,331216806,3935239344,27.435
219,18-Sep-20,26.99,28.78,26.71,27.4,482149967,3956664775,27.195
220,17-Sep-20,27.93,28.84,26.14,26.99,512578971,3897985086,27.46
221,16-Sep-20,27.2,28.52,26.08,27.96,664539530,4038270839,27.58
222,15-Sep-20,31.16,31.27,26.86,27.2,861821910,3928203643,29.18
223,14-Sep-20,31.1,33.49,29.17,31.18,1009392260,4502400574,31.14
224,13-Sep-20,28.53,32.33,28.22,31.06,1144638251,4485069875,29.795
225,12-Sep-20,25.45,28.53,25.45,28.53,688007352,4119897328,26.99
226,11-Sep-20,24.56,25.73,23.08,25.45,420689466,3675351150,25.005
227,10-Sep-20,24.54,25.61,24.21,24.56,456365135,3546608927,24.55
228,9-Sep-20,23.22,24.56,22.54,24.53,456284484,3542334928,23.875
229,8-Sep-20,22.43,23.42,21.36,23.19,555422363,3348824083,22.81
230,7-Sep-20,23.19,23.51,20.27,22.39,555588378,3233740277,22.79
231,6-Sep-20,19.48,23.41,18.68,23.19,740680573,3348883884,21.335
232,5-Sep-20,21.04,21.55,18.18,19.48,399969033,2812861769,20.26
233,4-Sep-20,20.6,21.83,19.98,21.06,489923568,3040639911,20.83
234,3-Sep-20,24.7,25.51,20.52,20.62,574956638,2977646779,22.66
235,2-Sep-20,24.81,25.79,23.61,24.69,577817197,3565450183,24.75
236,1-Sep-20,23.19,25.41,22.99,24.82,450200844,3584473534,24.005
237,31-Aug-20,23.65,23.91,23.05,23.19,215511200,3349228654,23.42
238,30-Aug-20,23.01,23.84,22.96,23.64,228141192,3414480811,23.325
239,29-Aug-20,23.13,23.51,22.83,23.01,213897145,3322978734,23.07
240,28-Aug-20,23.08,23.53,22.71,23.13,260086579,3340674193,23.105
241,27-Aug-20,22.26,23.14,21.92,23.08,296206828,3333012206,22.67
242,26-Aug-20,21.47,22.48,21.34,22.28,255812854,3216988911,21.875
243,25-Aug-20,22.61,22.63,21.15,21.48,234877041,3101183769,22.045
244,24-Aug-20,21.87,22.9,21.77,22.61,192633739,3264433403,22.24
245,23-Aug-20,22.22,22.22,21.61,21.87,181970641,3158293019,22.045
246,22-Aug-20,22.12,22.24,21.46,22.24,208053381,3211575905,22.18
247,21-Aug-20,23.1,23.35,21.86,22.13,245533836,3195571930,22.615
248,20-Aug-20,22.37,23.27,22.13,23.09,240389084,3334719466,22.73
249,19-Aug-20,23.06,23.25,22.01,22.31,224754805,3221767589,22.685
250,18-Aug-20,23.49,23.68,22.58,23.07,259152684,3331052285,23.28
251,17-Aug-20,23.5,23.86,23.09,23.51,264606385,3395013043,23.505
252,16-Aug-20,23.05,23.77,22.83,23.5,271264839,3393135634,23.275
253,15-Aug-20,23.09,23.88,22.9,23.02,269746412,3324491959,23.055
254,14-Aug-20,22.08,23.36,21.7,23.07,357386067,3331429313,22.575
255,13-Aug-20,21.77,22.15,20.75,22.08,299981376,3187853579,21.925
256,12-Aug-20,21.31,22.19,20.62,21.75,256078366,3141052138,21.53
257,11-Aug-20,22.63,22.76,20.84,21.26,310846749,3069642355,21.945
258,10-Aug-20,22.48,22.84,22.28,22.61,239664308,3265580526,22.545
259,9-Aug-20,22.89,22.94,22.16,22.48,216694610,3245614914,22.685
260,8-Aug-20,22.31,22.94,21.94,22.88,236392685,3303750487,22.595
261,7-Aug-20,22.72,23,21.63,22.31,326409994,3221933538,22.515
262,6-Aug-20,23.32,23.33,22.57,22.71,246554661,3279135270,23.015
263,5-Aug-20,22.29,23.56,22.14,23.34,344072749,3369902765,22.815
264,4-Aug-20,22.05,22.4,21.62,22.28,241931958,3217751647,22.165
265,3-Aug-20,20.94,22.38,20.77,22.06,265708949,3184888210,21.5
266,2-Aug-20,21.55,22.02,19.97,20.94,299350525,3024579087,21.245
267,1-Aug-20,20.67,21.62,20.6,21.53,264604008,3109135453,21.1
268,31-Jul-20,19.99,20.84,19.93,20.67,229781080,2984615923,20.33
269,30-Jul-20,19.9,20.07,19.57,20.01,200436410,2889970345,19.955
270,29-Jul-20,20.19,20.37,19.86,19.9,204440432,2873053585,20.045
271,28-Jul-20,19.7,20.61,19.5,20.17,284409544,2913192575,19.935
272,27-Jul-20,19.52,20.14,18.55,19.62,325386899,2833304045,19.57
273,26-Jul-20,19.75,20.23,19.36,19.52,248581857,2818964003,19.635
274,25-Jul-20,19.16,19.98,19.14,19.78,257057785,2855845136,19.47
275,24-Jul-20,18.68,19.52,18.27,19.15,248008823,2765804467,18.915
276,23-Jul-20,18.09,18.69,18.07,18.67,220207323,2696546476,18.38
277,22-Jul-20,17.71,18.09,17.51,18.09,191909868,2612590172,17.9
278,21-Jul-20,17.47,17.95,17.41,17.72,187854335,2755396351,17.595
279,20-Jul-20,17.96,18.27,17.33,17.48,203143854,2719514136,17.72
280,19-Jul-20,17.13,18.05,16.91,17.96,213342724,2792782900,17.545
281,18-Jul-20,17.09,17.27,16.86,17.13,149402466,2663832333,17.11
282,17-Jul-20,17.14,17.48,17.02,17.08,153498441,2657340752,17.11
283,16-Jul-20,17.59,17.7,16.73,17.14,191191483,2666496807,17.365
284,15-Jul-20,18.07,18.13,17.45,17.59,169152686,2736079874,17.83
285,14-Jul-20,18.39,18.71,17.93,18.08,203397123,2812556212,18.235
286,13-Jul-20,18.24,18.89,17.77,18.41,261690866,2863363146,18.325
287,12-Jul-20,17.63,18.58,17.61,18.24,224015851,2836452254,17.935
288,11-Jul-20,17.28,17.66,17.08,17.62,186743534,2740895828,17.45
289,10-Jul-20,16.88,17.29,16.41,17.26,174222029,2684758451,17.07
290,9-Jul-20,17.24,17.44,16.57,16.88,179705380,2626216970,17.06
291,8-Jul-20,16.77,17.41,16.66,17.23,212383912,2679533358,17
292,7-Jul-20,16.28,16.86,16.02,16.77,196296818,2608385875,16.525
293,6-Jul-20,15.48,16.33,15.45,16.3,172232440,2534746174,15.89
294,5-Jul-20,15.55,15.63,15.25,15.48,138494209,2407743527,15.515
295,4-Jul-20,15.29,15.6,15.26,15.55,146316736,2419059513,15.42
296,3-Jul-20,15.53,15.59,15.27,15.29,138591561,2378461574,15.41
297,2-Jul-20,15.82,15.96,15.25,15.54,151839908,2416805639,15.68
298,1-Jul-20,15.41,15.88,15.35,15.83,159837869,2462062195,15.62
299,30-Jun-20,15.49,15.59,15.32,15.41,151582461,2397377912,15.45
300,29-Jun-20,15.41,15.6,15.23,15.51,167963469,2411632830,15.46
301,28-Jun-20,15.19,15.51,15.02,15.42,159817886,2398389948,15.305
302,27-Jun-20,15.75,15.9,15.08,15.19,152435707,2361864421,15.47
303,26-Jun-20,15.92,16.01,15.64,15.75,136599245,2449582459,15.835
304,25-Jun-20,16.02,16.05,15.63,15.92,143049947,2476565795,15.97
305,24-Jun-20,16.43,16.66,16.01,16.03,168239834,2492749448,16.23
306,23-Jun-20,16.47,16.5,16.26,16.42,165960947,2554312286,16.445
307,22-Jun-20,16,16.48,16,16.48,181943736,2562512331,16.24
308,21-Jun-20,16.04,16.25,15.98,16,151504787,2488778109,16.02
309,20-Jun-20,15.91,16.14,15.81,16.05,158722069,2495984577,15.98
310,19-Jun-20,16.21,16.29,15.9,15.91,160670035,2474135854,16.06
311,18-Jun-20,16.4,16.53,15.98,16.21,176409002,2521030877,16.305
312,17-Jun-20,16.42,16.61,16.11,16.4,190623459,2551197615,16.41
313,16-Jun-20,16.39,16.62,16.24,16.42,197512179,2554217172,16.405
314,15-Jun-20,16.66,16.68,15.63,16.38,205913863,2548438215,16.52
315,14-Jun-20,16.83,16.87,16.55,16.66,197988813,2590657273,16.745
316,13-Jun-20,16.68,16.84,16.54,16.82,217773557,2616708430,16.75
317,12-Jun-20,16.29,16.78,16.16,16.67,220884223,2592663212,16.48
318,11-Jun-20,17.41,17.52,16.21,16.31,214293278,2536636730,16.86
319,10-Jun-20,17.44,17.5,17.26,17.41,218805704,2707966985,17.425
320,9-Jun-20,17.4,17.48,17.25,17.44,203076335,2711841300,17.42
321,8-Jun-20,17.45,17.56,17.29,17.39,201873195,2705254792,17.42
322,7-Jun-20,17.54,17.65,16.96,17.45,229571456,2713654465,17.495
323,6-Jun-20,17.69,17.91,17.53,17.54,247410758,2727481713,17.615
324,5-Jun-20,17.57,17.9,17.49,17.69,264892611,2751255650,17.63
325,4-Jun-20,17.55,17.65,17.14,17.57,251564500,2732138446,17.56
326,3-Jun-20,17.23,17.62,17.1,17.55,278598569,2728954685,17.39
327,2-Jun-20,17.92,18.16,16.9,17.24,285916007,2681344663,17.58
328,1-Jun-20,17.07,18,17.01,17.91,343444957,2786431039,17.49
329,31-May-20,17.74,18.11,16.92,17.04,306613468,2650418986,17.39
330,30-May-20,17.04,17.76,16.96,17.74,330991078,2759752874,17.39
331,29-May-20,17.08,17.23,16.72,17.04,302410995,2650598907,17.06
332,28-May-20,16.5,17.12,16.47,17.06,307231707,2653353544,16.78
333,27-May-20,16.21,16.56,16.18,16.49,289787288,2565311105,16.35
334,26-May-20,16.41,16.49,16.05,16.21,264787793,2521646463,16.31
335,25-May-20,16.07,16.42,15.96,16.4,295250983,2550943106,16.235
336,24-May-20,16.58,16.79,16.08,16.08,250849075,2501565035,16.33
337,23-May-20,16.63,16.83,16.36,16.59,281071630,2580073085,16.61
338,22-May-20,16.13,16.85,15.98,16.64,308017283,2588067684,16.385
339,21-May-20,16.89,17.04,15.79,16.12,283593221,2507622080,16.505
340,20-May-20,17.14,17.32,16.66,16.89,305581860,2626708056,17.015
341,19-May-20,16.64,17.15,16.37,17.15,351679092,2668180081,16.895
342,18-May-20,16.32,16.84,16.28,16.64,337613743,2587549865,16.48
343,17-May-20,16.03,16.48,16.03,16.31,329675187,2537526373,16.17
344,16-May-20,15.75,16.23,15.65,16.05,339913391,2496641247,15.9
345,15-May-20,16.35,16.45,15.65,15.75,340889408,2450383625,16.05
346,14-May-20,16.14,16.54,15.92,16.36,388231861,2544238407,16.25
347,13-May-20,15.74,16.25,15.72,16.14,359517914,2510187961,15.94
348,12-May-20,15.12,16.16,14.99,15.74,394508013,2448311765,15.43
349,11-May-20,15.34,15.49,14.28,15.1,404659513,2348222492,15.22
350,10-May-20,16.94,16.94,14.72,15.3,436166815,2379038126,16.12
351,9-May-20,17.22,17.48,16.89,16.94,365221789,2634163527,17.08
352,8-May-20,17.02,17.44,16.91,17.24,382131707,2681682517,17.13
353,7-May-20,16.66,17.29,16.35,17.01,414976837,2646177022,16.835
354,6-May-20,16.91,17.16,16.66,16.66,364717662,2590782069,16.785
355,5-May-20,17.09,17.32,16.73,16.92,358987881,2631646244,17.005
356,4-May-20,17.14,17.36,16.46,17.1,390548947,2659795202,17.12
357,3-May-20,17.58,17.8,17.03,17.13,381109061,2663768293,17.355
358,2-May-20,17.55,17.63,17.41,17.58,393955300,2735098062,17.565
359,1-May-20,17.05,17.89,17.03,17.56,453439052,2732001168,17.305
360,30-Apr-20,17.45,18.13,16.78,17.03,498015944,2649408578,17.24
361,29-Apr-20,16.45,17.55,16.37,17.49,463165164,2720924144,16.97
362,28-Apr-20,16.45,16.57,16.28,16.44,361059754,2557690119,16.445
363,27-Apr-20,16.43,16.66,16.21,16.46,389838383,2560634167,16.445
364,26-Apr-20,16.3,16.48,16.2,16.38,400076436,2548277411,16.34
365,25-Apr-20,16.01,16.42,15.96,16.31,362345240,2536091111,16.16
366,24-Apr-20,15.99,16.32,15.89,16.02,375266800,2491141137,16.005
367,23-Apr-20,15.7,16.15,15.53,16.01,446947832,2489553066,15.855
368,22-Apr-20,15.2,15.85,15.02,15.69,395820106,2440862572,15.445
369,21-Apr-20,15.06,15.49,14.88,15.21,390367736,2365055829,15.135
370,20-Apr-20,16.14,16.46,15.01,15.09,398870343,2346334037,15.615
371,19-Apr-20,16.61,16.71,16.1,16.14,402957217,2510351930,16.375
372,18-Apr-20,15.75,16.72,15.73,16.59,479760692,2580847660,16.17
373,17-Apr-20,15.7,15.94,15.35,15.74,396448352,2447383046,15.72
374,16-Apr-20,14.58,15.7,14.24,15.7,478820058,2442350989,15.14
375,15-Apr-20,15.54,15.84,14.54,14.59,425648054,2269891487,15.065
376,14-Apr-20,15.01,15.92,14.84,15.53,515331620,2414719312,15.27
377,13-Apr-20,14.4,15.05,13.72,15.03,459561236,2338405291,14.715
378,12-Apr-20,13.81,14.75,13.73,14.38,414752932,2235857452,14.095
379,11-Apr-20,13.74,14.07,13.61,13.8,364313702,2147073560,13.77
380,10-Apr-20,15.06,15.11,13.59,13.74,394331907,2136720360,14.4
381,9-Apr-20,15.07,15.18,14.76,15.06,444821353,2342787878,15.065
382,8-Apr-20,14.69,15.26,14.56,15.06,434986928,2341772649,14.875
383,7-Apr-20,15.07,15.45,14.37,14.68,452816635,2283519607,14.875
384,6-Apr-20,13.73,15.12,13.69,15.08,491814166,2346196872,14.405
385,5-Apr-20,13.82,13.97,13.47,13.73,398954313,2136159300,13.775
386,4-Apr-20,13.37,14.01,13.22,13.82,416644565,2150221628,13.595
387,3-Apr-20,13.05,13.57,13,13.37,406426751,2079993665,13.21
388,2-Apr-20,12.73,13.55,12.61,13.07,398592822,2032342068,12.9
389,1-Apr-20,12.58,12.74,12.06,12.74,332222983,1981787101,12.66
390,31-Mar-20,12.28,12.74,12.23,12.58,372566080,1956901646,12.43
391,30-Mar-20,11.42,12.38,11.34,12.29,305631180,1911055190,11.855
392,29-Mar-20,12.19,12.28,11.39,11.44,218854042,1779529888,11.815
393,28-Mar-20,12.53,12.53,11.82,12.19,256061862,1896476688,12.36
394,27-Mar-20,13.22,13.28,12.51,12.52,263730266,1947826173,12.87
395,26-Mar-20,12.33,13.22,12.26,13.22,299218749,2055823709,12.775
396,25-Mar-20,12.4,12.63,12.12,12.32,288895593,1916881081,12.36
397,24-Mar-20,12.12,12.57,11.85,12.4,333522129,1928844946,12.26
398,23-Mar-20,11.16,12.13,10.93,12.12,359015601,1884749571,11.64
399,22-Mar-20,12.08,12.39,11.14,11.16,308670064,1735514181,11.62
400,21-Mar-20,11.9,12.31,11.35,12.06,386174572,1875460321,11.98
401,20-Mar-20,12.28,13.62,10.74,11.88,433929425,1847133244,12.08
402,19-Mar-20,10.12,12.6,10.12,12.28,407534104,1909934856,11.2
403,18-Mar-20,10.04,10.24,9.76,10.12,264539835,1573897290,10.08
404,17-Mar-20,9.37,10.45,9.37,10.08,288591005,1567370634,9.725
405,16-Mar-20,10.43,10.43,8.68,9.39,314940366,1459875427,9.91
406,15-Mar-20,10.13,11.17,10.02,10.44,336142093,1623183882,10.285
407,14-Mar-20,10.84,11.29,9.97,10.14,301943026,1577212181,10.49
408,13-Mar-20,9.52,11.35,6.96,10.83,681143272,1684938085,10.175
409,12-Mar-20,16.53,16.56,9.52,9.6,444641540,1493178250,13.065
410,11-Mar-20,16.88,17.1,15.57,16.52,288383091,2570218252,16.7
411,10-Mar-20,16.58,17.44,16.44,16.88,360300206,2624783869,16.73
412,9-Mar-20,16.98,17.46,15.72,16.57,417649798,2577359027,16.775
413,8-Mar-20,20.21,20.29,16.96,16.97,365362955,2640090329,18.59
414,7-Mar-20,21.28,21.43,19.85,20.18,337204407,3138663736,20.73
415,6-Mar-20,20.83,21.7,20.78,21.29,449180749,3311126110,21.06
416,5-Mar-20,19.96,21.47,19.96,20.8,424802925,3235479596,20.38
417,4-Mar-20,19.66,20.23,19.59,19.96,363898093,3104386463,19.81
418,3-Mar-20,19.79,20.36,19.34,19.64,355662760,3054303981,19.715
419,2-Mar-20,19.04,20.05,18.78,19.81,428747453,3081814362,19.425
420,1-Mar-20,19.57,20.05,18.5,18.96,380913102,2949478830,19.265
421,29-Feb-20,18.95,20.18,18.88,19.58,584219366,3046045200,19.265
422,28-Feb-20,19.07,19.72,18.1,18.85,461435237,2932619604,18.96
423,27-Feb-20,18.79,19.62,17.82,19.12,406092296,2974261568,18.955
424,26-Feb-20,20.36,20.52,18.14,18.8,443909390,2923955254,19.58
425,25-Feb-20,22.14,22.14,20.2,20.34,356163893,3164000936,21.24
426,24-Feb-20,22.82,23.25,21.61,22.04,357640680,3428670929,22.43
427,23-Feb-20,21.98,22.97,21.98,22.83,439036993,3550727461,22.405
428,22-Feb-20,22.19,22.32,21.67,21.97,328794302,3416905532,22.08
429,21-Feb-20,22.19,22.76,21.87,22.18,396181352,3450562889,22.185
430,20-Feb-20,22.35,22.67,21.32,22.23,358656850,3457448465,22.29
431,19-Feb-20,24.07,24.33,22.22,22.33,298250332,3473680872,23.2
432,18-Feb-20,23.52,24.3,22.9,24.06,392689678,3741929997,23.79
433,17-Feb-20,23.42,23.55,21.69,23.55,418783808,3663104094,23.485
434,16-Feb-20,24.23,25.21,22.12,23.47,471225913,3649884929,23.85
435,15-Feb-20,26.3,26.44,23.71,24.15,454859713,3756157245,25.225
436,14-Feb-20,25.43,26.47,25.15,26.3,471534694,4090142477,25.865
437,13-Feb-20,26.46,27.12,24.76,25.44,463998187,3956869413,25.95
438,12-Feb-20,25.66,26.88,25.42,26.47,492328618,4116553352,26.065
439,11-Feb-20,25.26,25.7,24.2,25.64,567226060,3987557482,25.45
440,10-Feb-20,24.34,25.81,23.55,25.22,730144278,3922374050,24.78
441,9-Feb-20,21.76,24.31,21.75,24.31,523664695,3780873790,23.035
442,8-Feb-20,22.06,22.17,20.98,21.78,376067881,3387965858,21.92
443,7-Feb-20,20.58,22.48,20.47,22.06,485529457,3431490967,21.32
444,6-Feb-20,19.23,20.79,19.08,20.6,394704716,3203319484,19.915
445,5-Feb-20,18.2,19.41,18.17,19.22,301486499,2988645526,18.71
446,4-Feb-20,18.47,18.6,17.9,18.18,213533737,2827247893,18.325
447,3-Feb-20,18.45,18.79,18.23,18.46,227749150,2871636149,18.455
448,2-Feb-20,18.2,18.77,17.9,18.45,256209045,2869369978,18.325
449,1-Feb-20,18.2,18.57,18.07,18.22,238461925,2833617693,18.21
450,31-Jan-20,18.59,18.84,17.85,18.21,245035922,2832476037,18.4
451,30-Jan-20,17.92,18.7,17.73,18.59,264686498,2891490938,18.255
452,29-Jan-20,18.07,18.43,17.88,17.91,221674739,2786094248,17.99
453,28-Jan-20,17.68,18.12,17.5,18.12,257579475,2817568636,17.9
454,27-Jan-20,17.44,17.9,17.28,17.69,227584506,2751653009,17.565
455,26-Jan-20,16.97,17.49,16.87,17.44,248646036,2712347641,17.205
456,25-Jan-20,17.05,17.11,16.6,16.98,208315919,2640407667,17.015
457,24-Jan-20,17.03,17.4,16.49,17.05,213341615,2651498156,17.04
458,23-Jan-20,17.81,17.82,16.79,17.02,221009513,2647453375,17.415
459,22-Jan-20,18.12,18.35,17.6,17.8,237634401,2768298455,17.96
460,21-Jan-20,17.33,18.15,17.17,18.13,295922233,2819517646,17.73
461,20-Jan-20,17.39,17.55,16.86,17.33,245125919,2694716492,17.36
462,19-Jan-20,17.83,18.44,16.84,17.37,266285621,2701556607,17.6
463,18-Jan-20,18.13,18.31,17.56,17.82,257317647,2772273817,17.975
464,17-Jan-20,17.11,18.36,17.09,18.14,347229168,2820689255,17.625
465,16-Jan-20,17.65,17.66,16.44,17.08,260423404,2656091975,17.365
466,15-Jan-20,16.6,18.1,16.39,17.65,380806616,2745971388,17.125
467,14-Jan-20,15.22,16.79,15.19,16.63,299316969,2585972299,15.925
468,13-Jan-20,15.32,15.36,14.99,15.23,211785744,2368399884,15.275
469,12-Jan-20,14.95,15.47,14.87,15.32,231150158,2383146449,15.135
470,11-Jan-20,15.02,15.25,14.78,14.95,201663503,2324702656,14.985
471,10-Jan-20,14.48,15.03,14.18,15.03,200173072,2337067557,14.755
472,9-Jan-20,14.59,14.61,14.31,14.5,169699829,2255020118,14.545
473,8-Jan-20,15.02,15.24,14.34,14.6,183632222,2271292397,14.81
474,7-Jan-20,14.97,15.14,14.57,15.01,191948560,2334489402,14.99
475,6-Jan-20,14.11,15,14.11,14.96,224800409,2326488219,14.535
476,5-Jan-20,13.89,14.41,13.89,14.11,202552703,2194781443,14
477,4-Jan-20,13.67,13.92,13.56,13.89,182230374,2160640037,13.78
478,3-Jan-20,13.04,13.76,13.01,13.66,173683857,2124701780,13.35
479,2-Jan-20,13.7,13.72,12.99,13.03,156376427,2026178426,13.365
480,1-Jan-20,13.73,13.87,13.65,13.69,172980718,2129155037,13.71
481,31-Dec-19,13.95,14.1,13.65,13.73,166278254,2135152371,13.84
482,30-Dec-19,14.16,14.47,13.92,13.95,187275635,2169339286,14.055
483,29-Dec-19,13.7,14.23,13.65,14.15,225354585,2200851434,13.925
484,28-Dec-19,13.35,13.79,13.33,13.71,197525901,2131695468,13.53
485,27-Dec-19,13.21,13.44,13.12,13.36,164413385,2078393489,13.285
486,26-Dec-19,13.18,13.52,13.16,13.21,157660620,2054427896,13.195
487,25-Dec-19,13.46,13.48,13.07,13.17,152718120,2049171218,13.315
488,24-Dec-19,13.38,13.77,13.33,13.44,177372409,2091124420,13.41
489,23-Dec-19,13.81,14,13.31,13.37,159105887,2079375570,13.59
490,22-Dec-19,13.39,13.85,13.37,13.84,204111890,2151987387,13.615
491,21-Dec-19,13.57,13.58,13.33,13.38,192827533,2081183680,13.475
492,20-Dec-19,13.46,13.59,13.23,13.57,203861105,2110754367,13.515
493,19-Dec-19,13.57,13.78,12.97,13.45,174965245,2091312286,13.51
494,18-Dec-19,12.38,13.61,12.29,13.54,234697405,2105229821,12.96
495,17-Dec-19,13.56,13.58,12.18,12.39,186995962,1926624068,12.975
496,16-Dec-19,14.49,14.53,13.46,13.56,178952097,2108889027,14.025
497,15-Dec-19,14.51,14.57,14.19,14.49,167670329,2253796378,14.5
498,14-Dec-19,14.88,15.01,14.37,14.51,173092733,2256062410,14.695
499,13-Dec-19,14.82,15,14.74,14.88,177476227,2314190903,14.85
500,12-Dec-19,14.82,14.9,14.56,14.82,165964330,2304769038,14.82
501,11-Dec-19,14.95,15.12,14.71,14.82,170909631,2305761910,14.885
502,10-Dec-19,15.44,15.47,14.78,14.96,192615787,2326653545,15.2
503,9-Dec-19,15.67,15.85,15.35,15.45,209955476,2402814942,15.56
504,8-Dec-19,15.66,15.85,15.51,15.67,223721643,2437963813,15.665
505,7-Dec-19,15.7,15.85,15.63,15.67,242693199,2436807070,15.685
506,6-Dec-19,15.77,15.86,15.45,15.71,236694082,2443683754,15.74
507,5-Dec-19,15.26,16.08,14.95,15.76,255410908,2451700222,15.51
508,4-Dec-19,15.35,15.69,15.01,15.28,237605471,2376597490,15.315
509,3-Dec-19,15.19,15.55,15.05,15.31,219927266,2381198047,15.25
510,2-Dec-19,15.51,15.71,15.15,15.19,200809249,2362891697,15.35
511,1-Dec-19,15.74,15.74,15.05,15.5,203268417,2410249227,15.62
512,30-Nov-19,16.26,16.37,15.54,15.72,213428131,2444407390,15.99
513,29-Nov-19,15.68,16.34,15.65,16.27,250074235,2531096195,15.975
514,28-Nov-19,16.1,16.23,15.65,15.68,194516396,2439314462,15.89
515,27-Nov-19,15.49,16.2,14.94,16.1,255021618,2503874750,15.795
516,26-Nov-19,15.27,15.86,15.23,15.53,205893351,2415058208,15.4
517,25-Nov-19,15.29,15.74,14.2,15.27,242510343,2374635550,15.28
518,24-Nov-19,16.4,16.49,15.28,15.28,232363837,2376408889,15.84
519,23-Nov-19,15.58,16.47,15.15,16.42,255961052,2553835169,16
520,22-Nov-19,16.84,17.27,14.69,15.58,341456274,2423526845,16.21
521,21-Nov-19,18.16,18.19,16.62,16.84,228429806,2619271948,17.5
522,20-Nov-19,18.71,18.93,17.85,18.17,210091849,2826455734,18.44
523,19-Nov-19,19.31,19.63,18.38,18.7,206923366,2909049614,19.005
524,18-Nov-19,20.34,20.43,18.94,19.32,224380017,3004482390,19.83
525,17-Nov-19,20.28,20.62,20.03,20.26,224982344,3151297091,20.27
526,16-Nov-19,20.32,20.63,20.09,20.28,211016746,3154697160,20.3
527,15-Nov-19,21.24,21.29,20.18,20.32,225530775,3159918981,20.78
528,14-Nov-19,21.28,21.51,20.97,21.26,237992230,3307441359,21.27
529,13-Nov-19,20.87,21.64,20.71,21.25,252296146,3305222292,21.06
530,12-Nov-19,20.14,20.86,20.09,20.86,227650068,3244098617,20.5
531,11-Nov-19,20.48,20.64,19.92,20.13,209454454,3131442373,20.305
532,10-Nov-19,19.73,20.63,19.73,20.48,239714468,3185665329,20.105
533,9-Nov-19,19.68,19.98,19.6,19.74,176812608,3069586392,19.71
534,8-Nov-19,20.69,20.69,19.47,19.69,184596047,3062638047,20.19
535,7-Nov-19,20.81,20.96,20.25,20.65,222003636,3211356528,20.73
536,6-Nov-19,20.72,20.92,20.28,20.82,241489968,3237951225,20.77
537,5-Nov-19,20.74,20.92,20.45,20.72,263685442,3223447634,20.73
538,4-Nov-19,20.23,20.92,20.18,20.74,296502530,3225517472,20.485
539,3-Nov-19,20.27,20.43,19.89,20.21,257571666,3142781986,20.24
540,2-Nov-19,20.02,20.4,19.86,20.27,273890078,3152261627,20.145
541,1-Nov-19,19.99,20.06,19.78,20.02,198377285,3114078497,20.005
542,31-Oct-19,20.1,20.4,19.54,20,250225840,3110770519,20.05
543,30-Oct-19,20.49,20.58,19.23,20.09,250293832,3124258265,20.29
544,29-Oct-19,19.81,20.92,19.7,20.48,317609149,3184941705,20.145
545,28-Oct-19,19.34,20.9,19.31,19.76,337867337,3073144009,19.55
546,27-Oct-19,18.89,19.59,18.57,19.35,292948855,3008958175,19.12
547,26-Oct-19,18.63,19.78,18.18,18.89,292124012,2938042518,18.76
548,25-Oct-19,17.07,18.91,16.48,18.62,344418868,2895480470,17.845
549,24-Oct-19,16.71,17.16,16.49,16.89,200253301,2627259624,16.8
550,23-Oct-19,18.2,18.3,16.42,16.71,201092098,2599201125,17.455
551,22-Oct-19,18.3,18.8,18.17,18.2,234929207,2830084058,18.25
552,21-Oct-19,18.46,18.51,18.06,18.31,188130463,2847185142,18.385
553,20-Oct-19,18.29,18.57,17.88,18.44,225458859,2867774149,18.365
554,19-Oct-19,18.25,18.51,17.97,18.29,211728668,2844540342,18.27
555,18-Oct-19,18.58,18.75,17.81,18.25,208244557,2839196964,18.415
556,17-Oct-19,17.84,18.76,17.71,18.57,250474298,2888358527,18.205
557,16-Oct-19,18.52,18.6,17.52,17.84,229668087,2774782680,18.18
558,15-Oct-19,18.43,19.15,18.2,18.54,325479444,2884374240,18.485
559,14-Oct-19,18.31,18.62,17.95,18.46,246674814,2871126616,18.385
560,13-Oct-19,17.26,18.76,17.18,18.31,275090600,2847569964,17.785
561,12-Oct-19,16.71,17.51,16.69,17.28,228500831,2687348920,16.995
562,11-Oct-19,17.57,17.63,16.71,16.71,194750430,2598945538,17.14
563,10-Oct-19,17.8,17.95,17.13,17.57,236960467,2732959386,17.685
564,9-Oct-19,16.11,17.97,16.01,17.81,295619363,2769576934,16.96
565,8-Oct-19,16.14,16.35,15.89,16.11,135346905,2505415410,16.125
566,7-Oct-19,15.34,16.19,15.19,16.13,147393768,2509483159,15.735
567,6-Oct-19,15.72,15.75,15.26,15.35,116659103,2387329910,15.535
568,5-Oct-19,15.75,15.8,15.47,15.72,123665932,2445593918,15.735
569,4-Oct-19,15.72,15.9,15.5,15.76,121510968,2450498699,15.74
570,3-Oct-19,15.95,16.01,15.43,15.73,117720712,2446088605,15.84
571,2-Oct-19,15.91,15.97,15.67,15.95,106103588,2480818020,15.93
572,1-Oct-19,15.88,16.29,15.78,15.9,125165661,2473533188,15.89
573,30-Sep-19,15.31,15.87,14.87,15.86,124329060,2467228254,15.585
574,29-Sep-19,15.85,15.92,15.14,15.31,109712932,2380504960,15.58
575,28-Sep-19,15.79,15.96,15.56,15.85,123900187,2465477590,15.82
576,27-Sep-19,15.46,15.82,14.93,15.79,139548410,2455965666,15.625
577,26-Sep-19,16.26,16.59,14.84,15.46,157594803,2404567795,15.86
578,25-Sep-19,16.06,16.6,15.2,16.26,179697117,2528773872,16.16
579,24-Sep-19,19.48,19.63,15.98,16.07,229488109,2499115713,17.775
580,23-Sep-19,20.53,20.53,19.47,19.49,146934616,3030706995,20.01
581,22-Sep-19,21.09,21.09,20.26,20.53,153747684,3192478010,20.81
582,21-Sep-19,21.38,21.54,20.99,21.08,175114438,3279053001,21.23
583,20-Sep-19,21.63,21.64,21.09,21.37,198988737,3324048452,21.5
584,19-Sep-19,22.24,22.49,20.63,21.61,249524458,3361863927,21.925
585,18-Sep-19,21.01,22.9,21.01,22.26,369440814,3461538669,21.635
586,17-Sep-19,20.4,21.36,20.28,21.01,209209108,3267105838,20.705
587,16-Sep-19,20.6,20.97,20.2,20.4,143466438,3172717473,20.5
588,15-Sep-19,21.07,21.13,20.6,20.6,151856190,3203891493,20.835
589,14-Sep-19,20.9,21.2,20.88,21.07,163028906,3277404969,20.985
590,13-Sep-19,20.93,21.31,20.64,20.89,171327680,3248767822,20.91
591,12-Sep-19,20.89,21.03,19.96,20.92,202313591,3254182239,20.905
592,11-Sep-19,21.91,22.04,20.77,20.9,147044919,3250611594,21.405
593,10-Sep-19,22.29,22.41,21.63,21.91,139754246,3407987322,22.1
594,9-Sep-19,22.57,22.65,21.98,22.29,155543678,3466507440,22.43
595,8-Sep-19,22.57,22.83,22.38,22.56,175027324,3509171073,22.565
596,7-Sep-19,22.14,22.67,22.07,22.55,203280778,3507193557,22.345
597,6-Sep-19,22.76,23.42,21.82,22.15,240129733,3445627920,22.455
598,5-Sep-19,21.82,23.54,21.57,22.76,259054353,3540186403,22.29
599,4-Sep-19,22.53,22.67,21.67,21.8,148909991,3390126221,22.165
600,3-Sep-19,22.76,22.93,22.37,22.51,181166381,3501837462,22.635
601,2-Sep-19,21.57,22.89,21.2,22.77,237417710,3541124996,22.17
602,1-Sep-19,21.26,21.78,21.17,21.57,173772205,3354720068,21.415
603,31-Aug-19,22.21,22.44,21.19,21.27,167589166,3307630392,21.74
604,30-Aug-19,21.89,22.62,21.64,22.22,196253457,3455847937,22.055
605,29-Aug-19,23.69,23.69,21.82,21.89,200824073,3404637328,22.79
606,28-Aug-19,25.7,26.02,23.69,23.7,206092745,3686666048,24.7
607,27-Aug-19,26.12,26.15,25.1,25.69,196715449,3995579226,25.905
608,26-Aug-19,26.14,27.08,25.86,26.11,277691463,4060803662,26.125
609,25-Aug-19,26.49,26.53,25.87,26.13,165296408,4064461677,26.31
610,24-Aug-19,27.16,27.16,26.23,26.5,164452279,4121048295,26.83
611,23-Aug-19,27.09,27.39,26.85,27.17,195437616,4226014866,27.13
612,22-Aug-19,26.99,27.45,26.43,27.09,193368566,4213363666,27.04
613,21-Aug-19,28.17,28.17,26.59,26.99,198468093,4198513863,27.58
614,20-Aug-19,28.81,28.81,28.06,28.17,209875661,4381078784,28.49
615,19-Aug-19,27.95,29.06,27.82,28.81,259250527,4480857766,28.38
616,18-Aug-19,27.49,28.1,27.18,27.93,229491438,4344520680,27.71
617,17-Aug-19,27.65,27.94,27.14,27.48,196083314,4274230064,27.565
618,16-Aug-19,28.06,28.08,26.9,27.64,203654965,4299745921,27.85
619,15-Aug-19,27.1,28.18,26.7,28.04,248072109,4361785696,27.57
620,14-Aug-19,29.46,29.47,27.1,27.11,227534067,4215913076,28.285
621,13-Aug-19,30.17,30.36,29.27,29.47,241841209,4583088148,29.82
622,12-Aug-19,30.08,30.48,29.85,30.17,278357603,4692057690,30.125
623,11-Aug-19,29.68,30.29,29.51,30.06,263951565,4675006646,29.87
624,10-Aug-19,29.94,30.05,29.17,29.68,248736115,4616618693,29.81
625,9-Aug-19,30.87,31.18,29.91,29.96,222912268,4660109133,30.415
626,8-Aug-19,29.37,31.3,29.03,30.83,404379079,4795639295,30.1
627,7-Aug-19,27.64,29.61,27.44,29.35,314659493,4565682087,28.495
628,6-Aug-19,28.04,28.43,27.35,27.64,192614971,4298737322,27.84
629,5-Aug-19,27.54,28.33,27.5,28.01,183750146,4356875572,27.775
630,4-Aug-19,27.88,28.07,27.36,27.56,136844756,4285994667,27.72
631,3-Aug-19,28.08,28.43,27.74,27.89,153702445,4337897094,27.985
632,2-Aug-19,28.78,28.78,27.82,28.04,197026849,4361013466,28.41
633,1-Aug-19,27.62,28.82,27.57,28.77,287326494,4475300389,28.195
634,31-Jul-19,26.96,27.76,26.94,27.64,202950576,4299743458,27.3
635,30-Jul-19,27.22,27.23,26.59,26.94,148410035,4190517356,27.08
636,29-Jul-19,27.81,27.88,27.04,27.2,146207597,4231107382,27.505
637,28-Jul-19,27.9,27.93,26.97,27.84,163990878,4329390810,27.87
638,27-Jul-19,28.98,29.36,27.58,27.89,191655093,4337238486,28.435
639,26-Jul-19,28.99,29.15,28.54,28.98,231263489,4507327768,28.985
640,25-Jul-19,29.13,29.55,28.7,29,248126220,4510942714,29.065
641,24-Jul-19,29.58,29.63,28.21,29.16,265315497,4536028908,29.37
642,23-Jul-19,30.64,30.76,29.26,29.59,324109274,4601584124,30.115
643,22-Jul-19,30.54,32.11,29.81,30.63,416965642,4764802878,30.585
644,21-Jul-19,30.92,31.31,29.64,30.52,285097790,4746909287,30.72
645,20-Jul-19,29.09,31.19,29.07,30.87,367891866,4801767338,29.98
646,19-Jul-19,28.92,29.78,28.42,29.08,483963124,4522757866,29
647,18-Jul-19,27.26,29.16,26.94,28.92,711895799,4498559027,28.09
648,17-Jul-19,25.52,27.95,24.9,27.22,572389805,2971713195,26.37
649,16-Jul-19,28.38,29.3,25.5,25.53,439515318,2786705508,26.955
650,15-Jul-19,28.93,29.01,27.25,28.39,384045964,3099868490,28.66
651,14-Jul-19,31.55,31.65,28.85,28.92,299523499,4083399701,30.235
652,13-Jul-19,31.71,32.39,30.51,31.51,273938894,4448006685,31.61
653,12-Jul-19,29.65,32.21,29.34,31.69,417842730,4474462557,30.67
654,11-Jul-19,31.5,31.8,28.91,29.64,251161946,4184719947,30.57
655,10-Jul-19,32.7,32.97,30.96,31.48,270511687,4443834091,32.09
656,9-Jul-19,33.47,33.95,32.53,32.71,210904382,4617518454,33.09
657,8-Jul-19,33.26,34.25,33.1,33.47,257698795,4725098655,33.365
658,7-Jul-19,32.52,33.49,32.45,33.24,198859381,4692823028,32.88
659,6-Jul-19,32.71,33.32,32.48,32.53,187247411,4592571450,32.62
660,5-Jul-19,33,33.64,32.45,32.71,232575484,4618296905,32.855
661,4-Jul-19,32.69,34.31,32.38,32.89,348186707,4643731176,32.79
662,3-Jul-19,32.03,33.09,31.8,32.67,248895676,4611850530,32.35
663,2-Jul-19,32.92,33.46,30.88,32.01,348029977,4518919331,32.465
664,1-Jul-19,32.44,33.93,31.69,32.92,290190904,4647821414,32.68
665,30-Jun-19,35.4,35.4,32.44,32.44,286632252,4580083462,33.92
666,29-Jun-19,34.59,35.53,33.28,35.36,369705514,4991980477,34.975
667,28-Jun-19,33.87,34.77,33.38,34.55,337534352,4877576207,34.21
668,27-Jun-19,35.73,35.83,32.76,33.82,375392572,4775062009,34.775
669,26-Jun-19,36.01,37.73,34.35,35.7,444226052,5039726760,35.855
670,25-Jun-19,37.39,37.39,35.77,36.01,293163090,5083488020,36.7
671,24-Jun-19,37.13,37.63,35.94,37.43,329001838,5284712263,37.28
672,23-Jun-19,37.83,38.34,37.03,37.13,369969675,5242513179,37.48
673,22-Jun-19,38.81,39.57,37.54,37.8,428828573,5336399154,38.305
674,21-Jun-19,36.69,38.89,36.34,38.82,438604247,5479856278,37.755
675,20-Jun-19,35.3,36.99,34.51,36.73,636578809,5184819736,36.015
676,19-Jun-19,34.36,35.68,34.36,35.29,509791358,4981687236,34.825
677,18-Jun-19,33.93,35.11,33.88,34.34,484975596,4847896840,34.135
678,17-Jun-19,32.39,34.2,32.38,33.92,439337220,4788373010,33.155
679,16-Jun-19,32.83,33.38,32.12,32.4,389404410,4574470640,32.615
680,15-Jun-19,33.06,33.96,32.37,32.83,489033316,4634207332,32.945
681,14-Jun-19,35.13,35.27,30.94,33.08,737850145,4669574216,34.105
682,13-Jun-19,34.6,36,34.35,35.14,512885462,4961350437,34.87
683,12-Jun-19,32.29,34.77,32.19,34.69,547786335,4896867645,33.49
684,11-Jun-19,32.07,32.32,31.4,32.26,393897651,4554696452,32.165
685,10-Jun-19,30.55,32.13,30.19,32.06,459590416,4526753535,31.305
686,9-Jun-19,32.06,32.15,30.49,30.56,336574887,4314081087,31.31
687,8-Jun-19,31.61,32.29,31.43,32.07,428041268,4526978557,31.84
688,7-Jun-19,31.47,32.18,31.34,31.59,342881981,4459378459,31.53
689,6-Jun-19,30.99,32.12,30.22,31.48,416584078,4444219166,31.235
690,5-Jun-19,29.42,31.18,29.26,31.01,464095694,4377324479,30.215
691,4-Jun-19,31.38,31.42,29.18,29.38,421064886,4147823994,30.38
692,3-Jun-19,33.19,33.2,31.2,31.39,417996141,4431774967,32.29
693,2-Jun-19,33.01,33.76,32.63,33.17,461362658,4683362944,33.09
694,1-Jun-19,32.75,33.76,32.54,33.01,572703757,4660718181,32.88
695,31-May-19,32.29,32.75,31.38,32.75,503989734,4623238353,32.52
696,30-May-19,33.78,35.5,31.48,32.29,517229671,4558706819,33.035
697,29-May-19,33.35,33.88,31.91,33.74,564894524,4763875686,33.545
698,28-May-19,33.71,34.64,32.89,33.36,516116377,4709747864,33.535
699,27-May-19,34.06,35.29,33.27,33.68,598117911,4754886598,33.87
700,26-May-19,35.05,35.08,33.23,34.1,611208604,4814769248,34.575
701,25-May-19,33.84,35.33,33.56,35.05,637380073,4948638864,34.445
702,24-May-19,31.53,34.35,31.29,33.84,648459287,4777575417,32.685
703,23-May-19,31.36,32.2,30.45,31.52,536619660,4449249550,31.44
704,22-May-19,32.03,32.22,30.98,31.42,534057314,4436022276,31.725
705,21-May-19,29.31,32.43,28.35,32.01,742382920,4518656931,30.66
706,20-May-19,29.4,29.43,28.04,29.31,457260435,4137202328,29.355
707,19-May-19,28.37,29.92,27.16,29.41,494423260,4152372616,28.89
708,18-May-19,25.68,28.42,25.28,28.4,470683583,4008931116,27.04
709,17-May-19,26.32,26.61,23.49,25.68,398169924,3625749718,26
710,16-May-19,26.79,27.65,25.45,26.33,368906500,3716558521,26.56
711,15-May-19,23.65,27.14,23.61,26.89,357899657,3796906245,25.27
712,14-May-19,23.89,24.48,22.94,23.63,328207185,3335471229,23.76
713,13-May-19,20.83,24.53,20.75,23.81,404049210,3361533517,22.32
714,12-May-19,21.08,21.47,20.33,20.83,239206084,2940727441,20.955
715,11-May-19,19.6,21.94,19.08,21.05,298063616,2971665277,20.325
716,10-May-19,18.8,20.01,18.47,19.6,209097573,2766772454,19.2
717,9-May-19,20.75,20.89,18.66,18.83,204395709,2658102391,19.79
718,8-May-19,20.78,21.35,19.8,20.75,247852849,2929769196,20.765
719,7-May-19,22.19,22.47,20.66,20.86,171922295,2945510679,21.525
720,6-May-19,23.02,23.02,21.62,22.21,175856220,3135032511,22.615
721,5-May-19,22.89,23.09,22.64,23.02,171107466,3249853031,22.955
722,4-May-19,23.75,23.77,22.55,22.88,193177736,3230777423,23.315
723,3-May-19,23.58,23.93,23.13,23.75,218859579,3352865380,23.665
724,2-May-19,21.95,23.96,21.83,23.59,228233321,3330602282,22.77
725,1-May-19,22.13,22.22,21.64,21.95,180070221,3099313164,22.04
726,30-Apr-19,21.7,22.35,21.43,22.13,190326179,3123908034,21.915
727,29-Apr-19,22.9,22.93,21.32,21.71,201243334,3064223472,22.305
728,28-Apr-19,22.35,23.04,22.3,22.9,222693167,3232825508,22.625
729,27-Apr-19,22.87,22.95,22.26,22.34,205615716,3154084440,22.605
730,26-Apr-19,22.29,23.46,21.64,22.87,253113255,3228602708,22.58
731,25-Apr-19,23.1,23.53,21.54,22.24,244068802,3140181470,22.67
732,24-Apr-19,22.85,23.17,21.41,23.13,259839247,3265257560,22.99
733,23-Apr-19,23.91,24.75,22.69,22.88,264898474,3229567383,23.395
734,22-Apr-19,24.19,24.7,23.4,23.91,254544860,3375238997,24.05
735,21-Apr-19,24.99,24.99,22.79,24.19,281288778,3415575669,24.59
736,20-Apr-19,24.52,25.53,23.96,25.01,311312466,3530449999,24.765
737,19-Apr-19,22.03,24.8,21.32,24.48,397681147,3455309687,23.255
738,18-Apr-19,19.59,22.08,19.54,22.04,376729341,3111293099,20.815
739,17-Apr-19,19.83,19.89,19.43,19.6,186563033,2767512515,19.715
740,16-Apr-19,19.39,19.86,18.79,19.83,174830782,2799150875,19.61
741,15-Apr-19,19.49,19.9,18.89,19.4,176699111,2739147032,19.445
742,14-Apr-19,18.71,20.01,18.53,19.49,189084742,2751795497,19.1
743,13-Apr-19,18.44,18.72,18.15,18.72,167393154,2642776671,18.58
744,12-Apr-19,17.69,18.63,16.81,18.43,171773154,2602467119,18.06
745,11-Apr-19,18.28,18.29,16.59,17.7,159364357,2498873860,17.99
746,10-Apr-19,18.43,18.69,18.12,18.25,180291307,2576252115,18.34
747,9-Apr-19,18.11,18.64,17.32,18.44,203380139,2602577566,18.275
748,8-Apr-19,19.08,19.09,18.07,18.11,178255322,2557210855,18.595
749,7-Apr-19,19.11,19.27,18.91,19.11,149525473,2697901876,19.11
750,6-Apr-19,19.46,19.47,18.89,19.12,155317547,2698658298,19.29
751,5-Apr-19,19.14,19.53,18.94,19.45,181774781,2746352773,19.295
752,4-Apr-19,18.74,19.55,18.45,19.14,214630296,2702478307,18.94
753,3-Apr-19,19.8,20.07,18.43,18.75,254862222,2647473022,19.275
754,2-Apr-19,17.96,19.92,17.69,19.79,264406306,2793832257,18.875
755,1-Apr-19,17.41,18.06,17.29,17.95,202977286,2534170929,17.68
756,31-Mar-19,16.93,17.57,16.77,17.4,199990283,2456689309,17.165
757,30-Mar-19,16.49,17.24,16.07,16.93,182021376,2390413470,16.71
758,29-Mar-19,16.8,16.9,16.45,16.51,172002338,2330827187,16.655
759,28-Mar-19,16.78,16.91,16.61,16.81,189454288,2372500772,16.795
760,27-Mar-19,16.29,16.96,16.05,16.78,202275822,2369114351,16.535
761,26-Mar-19,16.76,16.83,15.78,16.34,186112032,2306195308,16.55
762,25-Mar-19,17.25,17.42,16.22,16.84,199413830,2377537598,17.045
763,24-Mar-19,15.24,17.38,14.92,17.29,314554203,2440268717,16.265
764,23-Mar-19,15.25,15.55,15.1,15.24,143128548,2150949042,15.245
765,22-Mar-19,14.5,15.32,14.39,15.27,149753510,2155244843,14.885
766,21-Mar-19,15.28,15.45,14.34,14.52,152779939,2049500112,14.9
767,20-Mar-19,15.69,15.72,15.18,15.28,136054765,2157164802,15.485
768,19-Mar-19,15.68,16.01,15.41,15.69,216950178,2215550960,15.685
769,18-Mar-19,15.75,15.94,15.4,15.68,132882167,2213915702,15.715
770,17-Mar-19,16.09,16.1,15.68,15.76,131687083,2225087469,15.925
771,16-Mar-19,15.05,16.16,15.02,16.12,143423670,2275609084,15.585
772,15-Mar-19,15.03,15.3,15.01,15.08,124146334,2128517331,15.055
773,14-Mar-19,15.12,15.23,14.75,15.05,137039682,2124846987,15.085
774,13-Mar-19,15.43,15.45,15.1,15.12,145402739,2133885107,15.275
775,12-Mar-19,14.5,15.51,14.32,15.41,169525508,2174968137,14.955
776,11-Mar-19,14.5,14.97,14.22,14.51,152327295,2049079581,14.505
777,10-Mar-19,14.57,14.6,14.07,14.49,140866074,2046259504,14.53
778,9-Mar-19,14.28,14.95,14.11,14.57,160640089,2056345113,14.425
779,8-Mar-19,15.23,15.32,13.76,14.37,227303083,2028259194,14.8
780,7-Mar-19,14.53,15.65,14.44,15.15,236520320,2138227830,14.84
781,6-Mar-19,13.75,14.56,13.11,14.52,191016822,2049578132,14.135
782,5-Mar-19,11.52,13.84,11.52,13.81,237026335,1949911246,12.665
783,4-Mar-19,11.54,11.6,11.07,11.55,89421231,1630004462,11.545
784,3-Mar-19,11.85,11.96,11.35,11.54,89868246,1628869047,11.695
785,2-Mar-19,11.38,11.92,10.96,11.87,120807894,1675716941,11.625
786,1-Mar-19,10.36,11.61,10.33,11.39,117838677,1608442973,10.875
787,28-Feb-19,9.91,10.55,9.89,10.37,100626963,1463309043,10.14
788,27-Feb-19,9.52,10.12,9.44,9.9,93800328,1397514790,9.71
789,26-Feb-19,9.82,9.87,9.45,9.52,88437694,1344215777,9.67
790,25-Feb-19,10.07,10.29,9.54,9.84,146043498,1389450859,9.955
791,24-Feb-19,10.8,11.09,9.62,10.11,113588899,1427720907,10.455
792,23-Feb-19,10.82,10.87,10.46,10.78,81628102,1522126090,10.8
793,22-Feb-19,10.45,10.99,10.43,10.84,82256314,1529935070,10.645
794,21-Feb-19,10.99,10.99,10.23,10.49,85754656,1481339199,10.74
795,20-Feb-19,10.52,11.32,10.52,10.97,118033473,1548138352,10.745
796,19-Feb-19,9.65,11.11,9.58,10.56,128091178,1491247773,10.105
797,18-Feb-19,9.22,9.74,9.18,9.63,79003060,1360146167,9.425
798,17-Feb-19,9.13,9.22,8.92,9.22,66977126,1301079823,9.175
799,16-Feb-19,9.32,9.34,9.08,9.13,65705040,1288826514,9.225
800,15-Feb-19,8.82,9.51,8.78,9.27,83961438,1309237748,9.045
801,14-Feb-19,8.93,9.07,8.46,8.78,72389547,1239809925,8.855
802,13-Feb-19,9.33,9.33,8.79,8.94,95068052,1262260337,9.135
803,12-Feb-19,9.53,9.75,8.98,9.34,123194872,1318830505,9.435
804,11-Feb-19,9.19,9.82,9.15,9.55,136029624,1348481387,9.37
805,10-Feb-19,8.86,9.34,8.86,9.21,125419865,1300443647,9.035
806,9-Feb-19,8.6,8.93,8.47,8.87,106420119,1252418196,8.735
807,8-Feb-19,7.78,8.83,7.65,8.58,103694036,1210659827,8.18
808,7-Feb-19,8.1,8.43,7.7,7.73,86056681,1091332443,7.915
809,6-Feb-19,7.86,8.47,7.41,8.09,118867601,1141569622,7.975
810,5-Feb-19,7.06,7.91,6.96,7.82,96588397,1010127808,7.44
811,4-Feb-19,6.77,7.17,6.7,7.1,71959989,917210595,6.935
812,3-Feb-19,6.89,6.92,6.62,6.74,59942158,870405723,6.815
813,2-Feb-19,6.55,6.89,6.53,6.89,56627089,890238048,6.72
814,1-Feb-19,6.26,6.65,6.17,6.56,56050947,847729319,6.41
815,31-Jan-19,6.17,6.33,6.03,6.27,52240451,809728264,6.22
816,30-Jan-19,6.17,6.22,6.06,6.17,41310644,797597771,6.17
817,29-Jan-19,6.22,6.31,6.06,6.18,49291811,798520266,6.2
818,28-Jan-19,7.09,7.19,6.11,6.21,82427200,801686639,6.65
819,27-Jan-19,7,7.25,6.86,7.09,52872347,915621569,7.045
820,26-Jan-19,6.75,7.04,6.69,7.01,48498979,905076469,6.88
821,25-Jan-19,6.51,6.8,6.51,6.74,43731936,870297268,6.625
822,24-Jan-19,6.53,6.54,6.47,6.51,26614401,840388816,6.52
823,23-Jan-19,6.53,6.57,6.44,6.54,33083575,844988795,6.535
824,22-Jan-19,6.54,6.57,6.38,6.52,31986617,842637433,6.53
825,21-Jan-19,6.51,6.58,6.42,6.55,36321046,846490209,6.53
826,20-Jan-19,6.65,6.73,6.38,6.49,49479090,838848751,6.57
827,19-Jan-19,6.57,6.73,6.36,6.64,46981638,857137442,6.605
828,18-Jan-19,6.41,6.69,6.34,6.56,43105423,847783881,6.485
829,17-Jan-19,6.17,6.42,6.08,6.42,36306127,829026635,6.295
830,16-Jan-19,5.92,6.25,5.9,6.19,35059223,799081409,6.055
831,15-Jan-19,6.16,6.16,5.82,5.92,25427436,774207426,6.04
832,14-Jan-19,5.58,6.16,5.57,6.16,43109288,805629865,5.87
833,13-Jan-19,5.97,6,5.49,5.57,26590183,728389539,5.77
834,12-Jan-19,6.09,6.09,5.93,5.98,32654874,781782829,6.035
835,11-Jan-19,5.97,6.24,5.84,6.08,50239804,794650511,6.025
836,10-Jan-19,6.61,6.68,5.8,5.92,75844882,773798122,6.265
837,9-Jan-19,6.66,6.97,6.47,6.64,74676974,868710100,6.65
838,8-Jan-19,6.3,6.91,6.24,6.64,65660517,868514466,6.47
839,7-Jan-19,6.43,6.43,6.23,6.29,37914513,822912212,6.36
840,6-Jan-19,6.07,6.5,6.03,6.4,41574183,836589632,6.235
841,5-Jan-19,6.06,6.2,6.03,6.07,30340637,793368779,6.065
842,4-Jan-19,5.9,6.07,5.86,6.07,29311136,793315820,5.985
843,3-Jan-19,6.17,6.18,5.9,5.9,22821639,772178241,6.035
844,2-Jan-19,6.09,6.21,5.95,6.19,30308610,809466354,6.14
845,1-Jan-19,6.19,6.19,5.89,6.08,23891162,794641454,6.135
846,31-Dec-18,6,6.33,5.97,6.16,38216014,806342664,6.08
847,30-Dec-18,5.84,6.01,5.77,6,21109984,784234812,5.92
848,29-Dec-18,6.03,6.1,5.83,5.83,20325768,762866028,5.93
849,28-Dec-18,5.29,6.02,5.25,6.01,23929897,786342938,5.65
850,27-Dec-18,5.72,5.75,5.25,5.28,16073455,690025211,5.5
851,26-Dec-18,5.55,5.77,5.53,5.71,19526927,747270233,5.63
852,25-Dec-18,6.19,6.19,5.46,5.55,19913983,725618989,5.87
853,24-Dec-18,6.06,6.58,6.06,6.14,30471526,803751864,6.1
854,23-Dec-18,5.93,6.21,5.9,6.06,29722800,792514008,5.995
855,22-Dec-18,5.56,5.95,5.5,5.93,28188479,775715534,5.745
856,21-Dec-18,5.79,5.87,5.45,5.57,24440098,728178645,5.68
857,20-Dec-18,5.47,5.92,5.37,5.79,27976597,757623268,5.63
858,19-Dec-18,5.61,5.89,5.4,5.49,25173916,718336896,5.55
859,18-Dec-18,5.11,5.6,4.98,5.6,26195539,732511504,5.355
860,17-Dec-18,4.65,5.16,4.64,5.11,17799305,668386725,4.88
861,16-Dec-18,4.57,4.73,4.54,4.65,14565932,607596554,4.61
862,15-Dec-18,4.53,4.64,4.48,4.56,12572161,596838783,4.545
863,14-Dec-18,4.65,4.75,4.46,4.53,13544913,592960009,4.59
864,13-Dec-18,5.03,5.03,4.59,4.65,14503435,608308845,4.84
865,12-Dec-18,4.94,5.18,4.83,5.02,17783397,657022817,4.98
866,11-Dec-18,4.71,4.97,4.59,4.94,19625570,646239850,4.825
867,10-Dec-18,4.85,5,4.59,4.71,13851408,616360814,4.78
868,9-Dec-18,4.71,5.05,4.62,4.86,17862646,635567539,4.785
869,8-Dec-18,4.53,4.81,4.38,4.7,16534323,614811505,4.615
870,7-Dec-18,4.92,4.96,4.19,4.53,24895395,592344303,4.725
871,6-Dec-18,6.01,6.06,4.95,4.95,38404207,647677223,5.48
872,5-Dec-18,5.92,6.59,5.78,5.98,61589926,782739422,5.95
873,4-Dec-18,5.11,6.29,5.11,5.88,39059359,769203427,5.495
874,3-Dec-18,5.25,5.28,5,5.11,12193045,668286590,5.18
875,2-Dec-18,5.27,5.43,5.2,5.25,11848313,686750930,5.26
876,1-Dec-18,5.09,5.42,5.01,5.29,12291155,691761389,5.19
877,30-Nov-18,5.37,5.43,4.95,5.08,10699024,664273799,5.225
878,29-Nov-18,5.35,5.6,5.15,5.35,13027940,699335928,5.35
879,28-Nov-18,4.9,5.47,4.9,5.34,15392800,698070712,5.12
880,27-Nov-18,4.91,4.95,4.68,4.91,9050190,642623575,4.91
881,26-Nov-18,5.18,5.26,4.67,4.93,10132300,644376285,5.055
882,25-Nov-18,5.09,5.28,4.44,5.18,12236300,677616315,5.135
883,24-Nov-18,5.56,5.67,4.72,5.12,11938900,669075120,5.34
884,23-Nov-18,5.74,5.77,5.42,5.56,9943370,726908037,5.65
885,22-Nov-18,6.21,6.23,5.76,5.76,9885300,752821997,5.985
886,21-Nov-18,5.8,6.2,5.57,6.2,14208800,810831494,6
887,20-Nov-18,6.61,6.76,5.55,5.76,25989200,753431522,6.185
888,19-Nov-18,8,8.01,6.6,6.63,21567100,867472829,7.315
889,18-Nov-18,7.74,8.03,7.73,8,13784000,1046363128,7.87
890,17-Nov-18,7.9,7.9,7.61,7.72,16973900,1009535273,7.81
891,16-Nov-18,8.18,8.21,7.8,7.88,18869500,1031284583,8.03
892,15-Nov-18,8.41,8.46,7.75,8.18,19131700,1070574081,8.295
893,14-Nov-18,9.22,9.23,8.14,8.41,19518100,1099631149,8.815
894,13-Nov-18,9.37,9.47,9.19,9.25,17068400,1209685693,9.31
895,12-Nov-18,9.49,9.52,9.27,9.36,19452700,1224441164,9.425
896,11-Nov-18,9.57,9.58,9.35,9.47,18889600,1238146316,9.52
897,10-Nov-18,9.55,9.64,9.51,9.56,18550600,1250117069,9.555
898,9-Nov-18,9.64,9.67,9.49,9.55,18859800,1249682815,9.595
899,8-Nov-18,9.81,9.83,9.62,9.65,21877100,1262337649,9.73
900,7-Nov-18,9.8,9.88,9.77,9.82,23433700,1284047719,9.81
901,6-Nov-18,9.71,9.78,9.62,9.78,24810200,1278317401,9.745
902,5-Nov-18,9.59,9.77,9.58,9.67,21103300,1265157682,9.63
903,4-Nov-18,9.53,9.74,9.49,9.63,24079700,1259275637,9.58
904,3-Nov-18,9.59,9.63,9.49,9.53,19663500,1246544940,9.56
905,2-Nov-18,9.53,9.61,9.48,9.57,21304800,1252152306,9.55
906,1-Nov-18,9.37,9.63,9.34,9.55,19690100,1249031435,9.46
907,31-Oct-18,9.4,9.42,9.31,9.36,21398200,1224930353,9.38
908,30-Oct-18,9.4,9.47,9.35,9.39,24305700,1227818402,9.395
909,29-Oct-18,9.64,9.68,9.34,9.4,24583200,1229856255,9.52
910,28-Oct-18,9.67,9.71,9.59,9.67,24760500,1264409510,9.67
911,27-Oct-18,9.7,9.73,9.63,9.65,22943000,1262795447,9.675
912,26-Oct-18,9.68,9.73,9.62,9.7,24495800,1269103898,9.69
913,25-Oct-18,9.73,9.75,9.64,9.69,25207400,1267743585,9.71
914,24-Oct-18,9.78,9.82,9.71,9.75,26652600,1274681180,9.765
915,23-Oct-18,9.7,9.86,9.68,9.8,30852200,1282236149,9.75
916,22-Oct-18,9.72,9.84,9.65,9.73,27599800,1272265317,9.725
917,21-Oct-18,9.76,9.87,9.68,9.74,25790200,1274416966,9.75
918,20-Oct-18,9.76,9.79,9.68,9.75,23972200,1275898922,9.755
919,19-Oct-18,9.72,9.79,9.63,9.77,24658400,1277484210,9.745
920,18-Oct-18,9.93,9.96,9.64,9.72,29790800,1270922008,9.825
921,17-Oct-18,10.03,10.03,9.82,9.9,35325400,1295497891,9.965
922,16-Oct-18,10.32,10.33,9.92,10.01,30719200,1175713142,10.165
923,15-Oct-18,9.48,10.44,9.42,10.32,52331400,1211556837,9.9
924,14-Oct-18,9.55,9.64,9.47,9.5,22974000,1115328494,9.525
925,13-Oct-18,9.49,9.63,9.48,9.54,24253100,1120451371,9.515
926,12-Oct-18,9.28,9.66,9.24,9.53,26099400,1119110169,9.405
927,11-Oct-18,10.31,10.31,9.25,9.3,26084400,1092377724,9.805
928,10-Oct-18,10.36,10.4,10.21,10.33,26141100,1212954413,10.345
929,9-Oct-18,10.54,10.57,10.23,10.38,27881100,1219636937,10.46
930,8-Oct-18,10.53,10.63,10.46,10.51,31932700,1233929786,10.52
931,7-Oct-18,10.4,10.53,10.3,10.52,32205000,1235386083,10.46
932,6-Oct-18,10.65,10.75,10.3,10.37,30941000,1218133662,10.51
933,5-Oct-18,10.25,10.72,10.24,10.64,40756200,1249150438,10.445
934,4-Oct-18,10.29,10.39,10.22,10.26,32534900,1204451518,10.275
935,3-Oct-18,10.33,10.44,10.06,10.27,38371900,1206283633,10.3
936,2-Oct-18,9.94,10.61,9.88,10.36,41386000,1216336780,10.15
937,1-Oct-18,10.01,10.05,9.88,9.94,25138500,1167816254,9.975
938,30-Sep-18,10,10.04,9.85,10.02,26954000,1176523501,10.01
939,29-Sep-18,9.96,10.03,9.76,10,26072400,1174332009,9.98
940,28-Sep-18,10.04,10.23,9.89,9.97,25097900,1120985498,10.005
941,27-Sep-18,9.74,10.08,9.67,10.03,26966900,1127941241,9.885
942,26-Sep-18,9.78,9.9,9.59,9.74,18370400,1094818818,9.76
943,25-Sep-18,10.03,10.03,9.51,9.78,19256100,1100050805,9.905
944,24-Sep-18,10.29,10.32,9.94,10.04,19223700,1128469725,10.165
945,23-Sep-18,10.27,10.37,10.16,10.28,22673000,1155984600,10.275
946,22-Sep-18,10.42,10.53,9.97,10.24,21731800,1151981619,10.33
947,21-Sep-18,10.06,10.44,9.96,10.41,35228200,1170624718,10.235
948,20-Sep-18,9.63,10.1,9.6,10.07,27983700,962240914,9.85
949,19-Sep-18,9.56,9.78,9.31,9.62,22684800,918743556,9.59
950,18-Sep-18,9.39,9.64,9.28,9.54,23016100,911577251,9.465
951,17-Sep-18,9.95,10.01,9.32,9.41,22370800,898320113,9.68
952,16-Sep-18,10.12,10.13,9.78,9.94,20623100,949014340,10.03
953,15-Sep-18,9.9,10.2,9.9,10.11,27281100,965660262,10.005
954,14-Sep-18,9.64,10.09,9.55,9.93,26124800,948444130,9.785
955,13-Sep-18,9.22,9.69,9.22,9.6,24817100,917308003,9.41
956,12-Sep-18,9.39,9.48,9.04,9.21,21323500,880093458,9.3
957,11-Sep-18,9.52,9.61,9.23,9.37,18572100,895330571,9.445
958,10-Sep-18,9.58,9.71,9.37,9.52,12427900,909744366,9.55
959,9-Sep-18,9.55,9.73,9.27,9.51,13947300,908575293,9.53
960,8-Sep-18,10.03,10.19,9.41,9.52,15053100,909286861,9.775
961,7-Sep-18,10.26,10.27,9.87,10.04,16640400,958687848,10.15
962,6-Sep-18,10.05,10.3,9.62,10.28,23466000,982269890,10.165
963,5-Sep-18,11.41,11.54,10.09,10.09,29308300,963396616,10.75
964,4-Sep-18,11.31,11.42,11.26,11.36,18878700,1084945853,11.335
965,3-Sep-18,11.35,11.41,11.11,11.26,18644300,1075576074,11.305
966,2-Sep-18,11.43,11.46,11.14,11.3,21757400,1079234204,11.365
967,1-Sep-18,11.03,11.54,11.03,11.38,29776300,1086875205,11.205
968,31-Aug-18,10.76,11.02,10.6,11.01,22638200,1051955827,10.885
969,30-Aug-18,11.17,11.19,10.38,10.76,23247800,1027963081,10.965
970,29-Aug-18,11.47,11.47,10.91,11.17,33530600,1067209177,11.32
971,28-Aug-18,11.16,11.5,10.84,11.49,43860800,1097066392,11.325
972,27-Aug-18,10.22,11.34,10.13,11.21,44953500,1070962819,10.715
973,26-Aug-18,10.11,10.27,9.81,10.19,22551200,972852355,10.15
974,25-Aug-18,10.19,10.25,9.98,10.14,19561400,968095832,10.165
975,24-Aug-18,9.76,10.23,9.56,10.23,22814900,977542020,9.995
976,23-Aug-18,9.5,9.72,9.4,9.72,17327500,927907983,9.61
977,22-Aug-18,9.74,10.2,9.26,9.54,23929500,911163682,9.64
978,21-Aug-18,9.68,9.85,9.42,9.71,13228100,927868822,9.695
979,20-Aug-18,10.14,10.2,9.64,9.7,17617700,926560301,9.92
980,19-Aug-18,9.92,10.3,9.75,10.16,21218500,970044287,10.04
981,18-Aug-18,10.78,10.97,9.54,9.91,27803700,946297964,10.345
982,17-Aug-18,9.78,10.87,9.72,10.87,37502400,1038010999,10.325
983,16-Aug-18,9.53,9.98,9.39,9.8,24709700,936245271,9.665
984,15-Aug-18,9.41,10.59,9.4,9.46,42994900,903835961,9.435
985,14-Aug-18,10.3,10.3,8.66,9.42,39515200,899738474,9.86
986,13-Aug-18,11.77,11.95,10.18,10.23,34827100,976921189,11
987,12-Aug-18,11.69,11.86,11.5,11.74,23290300,1121488944,11.715
988,11-Aug-18,12.11,12.16,11.37,11.74,29253100,1120992279,11.925
989,10-Aug-18,12.77,12.82,11.81,12.13,37026400,1158643315,12.45
990,9-Aug-18,12.16,12.87,12.1,12.86,41389000,1228100022,12.51
991,8-Aug-18,13.13,13.14,11.98,12.14,44898500,1159875427,12.635
992,7-Aug-18,13.66,13.91,13.13,13.15,45119500,1255617180,13.405
993,6-Aug-18,13.69,13.98,13.5,13.7,46799600,1308435605,13.695
994,5-Aug-18,13.86,13.9,13.29,13.62,43000300,1301186205,13.74
995,4-Aug-18,14.11,14.46,13.57,13.84,60865200,1322122550,13.975
996,3-Aug-18,14.09,14.21,13.64,14.13,70449300,1350031309,14.11
997,2-Aug-18,13.63,14.18,13.41,14.18,50481200,1354071489,13.905
998,1-Aug-18,13.77,14.06,13.23,13.57,53833700,1296477437,13.67
999,31-Jul-18,13.21,14.06,13.04,13.78,66537000,1315723211,13.495
1000,30-Jul-18,13.95,13.95,13.07,13.22,35991600,1262379467,13.585
1001,29-Jul-18,14.6,14.7,13.66,14.02,56547100,1339200189,14.31
1002,28-Jul-18,14.03,14.87,13.72,14.6,75159904,1394645209,14.315
1003,27-Jul-18,13.39,14.03,13.06,13.92,66040700,1329792206,13.655
1004,26-Jul-18,12.92,13.55,12.91,13.4,61881400,1279609926,13.16
1005,25-Jul-18,12.09,13.47,12.08,12.94,72083200,1235874742,12.515
1006,24-Jul-18,12.02,12.25,11.65,12.15,46762700,1160009144,12.085
1007,23-Jul-18,12.14,12.34,11.91,12.02,28137700,1148050977,12.08
1008,22-Jul-18,12.19,12.27,11.96,12.12,20692400,1157602229,12.155
1009,21-Jul-18,12.07,12.46,11.9,12.19,28726700,1163848748,12.13
1010,20-Jul-18,12.92,12.97,11.89,12.07,40466000,1152922115,12.495
1011,19-Jul-18,12.83,13.35,12.77,12.92,49364800,1233830774,12.875
1012,18-Jul-18,13.74,13.86,12.72,12.86,75446304,1228749507,13.3
1013,17-Jul-18,13.36,13.89,12.87,13.71,74443200,1563825403,13.535
1014,16-Jul-18,12.31,13.39,12.2,13.24,47198600,1509598770,12.775
1015,15-Jul-18,12.09,12.4,12.02,12.29,26346900,1401464818,12.19
1016,14-Jul-18,12.19,12.27,11.97,12.1,21534200,1379500466,12.145
1017,13-Jul-18,12.09,12.43,12.04,12.18,29709900,1389034318,12.135
1018,12-Jul-18,12.69,12.77,11.9,12.07,26008100,1376546796,12.38
1019,11-Jul-18,12.82,12.89,12.25,12.7,38867700,1448883187,12.76
1020,10-Jul-18,13.61,13.66,12.67,12.76,36507100,1455315115,13.185
1021,9-Jul-18,14.04,14.09,13.63,13.66,36874000,1558317209,13.85
1022,8-Jul-18,14.4,14.42,13.93,13.99,60275400,1595654327,14.195
1023,7-Jul-18,13.54,14.4,13.43,14.4,79974896,1642741976,13.97
1024,6-Jul-18,13.98,13.99,13.28,13.53,33466000,1542933039,13.755
1025,5-Jul-18,14.04,14.14,13.65,13.85,41185300,1579528889,13.945
1026,4-Jul-18,14.23,14.33,13.91,14.01,37043700,1597205289,14.12
1027,3-Jul-18,14.56,14.78,14.08,14.17,60657300,1616136143,14.365
1028,2-Jul-18,14.4,14.82,14.06,14.57,55614000,1661650022,14.485
1029,1-Jul-18,14.68,14.69,14.14,14.4,38434400,1642662147,14.54
1030,30-Jun-18,14.55,15.18,14.29,14.66,59676900,1671537402,14.605
1031,29-Jun-18,14.17,14.65,13.78,14.51,52784600,1654579462,14.34
1032,28-Jun-18,14.03,14.75,13.86,14.12,67290496,1610787606,14.075
1033,27-Jun-18,14.07,14.31,13.89,14.05,44136600,1602291530,14.06
1034,26-Jun-18,14.93,14.99,13.87,14.12,37503400,1610263016,14.525
1035,25-Jun-18,14.46,15.07,13.83,14.92,60358000,1701598686,14.69
1036,24-Jun-18,15.57,15.59,13.54,14.45,96256304,1647622943,15.01
1037,23-Jun-18,15.6,16.06,15.36,15.55,70431104,1773478911,15.575
1038,22-Jun-18,17.07,17.24,15.26,15.59,113751000,1778348474,16.33
1039,21-Jun-18,16.07,17.27,15.92,17.05,122980000,1944780333,16.56
1040,20-Jun-18,16.76,16.86,15.74,16.06,65190300,1831719798,16.41
1041,19-Jun-18,16.78,16.94,16.21,16.7,80738096,1904443928,16.74
1042,18-Jun-18,16.62,17.19,16.22,16.88,106776000,1924982765,16.75
1043,17-Jun-18,15.78,17.23,15.76,16.58,107346000,1890667740,16.18
1044,16-Jun-18,14.94,15.98,14.94,15.81,81354704,1802901564,15.375
1045,15-Jun-18,14.88,15.65,14.69,15.05,79159296,1716104738,14.965
1046,14-Jun-18,14.64,15.03,14.14,14.9,80329504,1698679229,14.77
1047,13-Jun-18,15.3,15.72,14.03,14.59,97415904,1663759786,14.945
1048,12-Jun-18,15.52,16.16,14.99,15.23,116016000,1736415491,15.375
1049,11-Jun-18,14.14,15.38,13.79,15.38,83039696,1754354186,14.76
1050,10-Jun-18,15.93,15.93,13.59,14.18,79288200,1617584467,15.055
1051,9-Jun-18,16.31,16.89,15.96,15.96,85299904,1820463922,16.135
1052,8-Jun-18,16.35,16.63,15.83,16.27,94394600,1855885147,16.31
1053,7-Jun-18,17.27,17.44,16.18,16.26,131031000,1854664905,16.765
1054,6-Jun-18,15.6,17.36,15.35,17.25,157806000,1966927151,16.425
1055,5-Jun-18,14.25,15.67,14.21,15.6,101474000,1778964297,14.925
1056,4-Jun-18,14.68,14.68,13.67,14.26,58219100,1626354242,14.47
1057,3-Jun-18,14.68,14.95,14.33,14.57,82182304,1661125432,14.625
1058,2-Jun-18,14.32,14.85,14.01,14.68,87983000,1674091926,14.5
1059,1-Jun-18,14.25,14.41,13.79,14.24,80342200,1624039204,14.245
1060,31-May-18,12.56,14.22,12.41,14.19,93931696,1618268715,13.375
1061,30-May-18,12.61,12.8,12.27,12.57,43146300,1433601654,12.59
1062,29-May-18,11.96,12.68,11.77,12.57,48807700,1433692887,12.265
1063,28-May-18,12.6,12.75,11.7,11.89,33398400,1356441317,12.245
1064,27-May-18,12.79,12.79,12.33,12.61,36691600,1437581695,12.7
1065,26-May-18,12.96,13.2,12.7,12.76,43258400,1455064225,12.86
1066,25-May-18,13.03,13.37,12.64,13.01,49173800,1483449102,13.02
1067,24-May-18,12.61,13.19,12.2,13,54410900,1482570984,12.805
1068,23-May-18,13.85,13.93,12.33,12.63,68215200,1439908137,13.24
1069,22-May-18,14.57,14.84,13.75,13.93,86545104,1588081985,14.25
1070,21-May-18,14.13,14.79,13.82,14.72,97367296,1678950085,14.425
1071,20-May-18,14.35,14.37,13.69,14.12,95390200,1610012126,14.235
1072,19-May-18,15.13,15.62,13.99,14.25,138320992,1624598007,14.69
1073,18-May-18,12.36,16.22,12.05,15.14,243260992,1726060542,13.75
1074,17-May-18,12.32,12.97,12.27,12.47,54251500,1421524681,12.395
1075,16-May-18,12.56,12.57,11.95,12.26,35233200,1398203237,12.41
1076,15-May-18,12.85,13.27,12.51,12.57,45696200,1433248126,12.71
1077,14-May-18,13.16,13.17,12.36,12.87,49317700,1467791233,13.015
1078,13-May-18,13.01,13.55,12.74,13.12,70816496,1496073473,13.065
1079,12-May-18,12.97,13.15,12.25,12.94,44001000,1476139055,12.955
1080,11-May-18,13.88,14.09,12.59,12.99,57027500,1481841120,13.435
1081,10-May-18,14.68,15.05,13.82,13.82,68250000,1575868163,14.25
1082,9-May-18,13.52,14.81,13.08,14.66,99046304,1671868121,14.09
1083,8-May-18,13.7,13.92,13.15,13.53,57865500,1542864614,13.615
1084,7-May-18,13.94,13.97,12.99,13.7,59800200,1562650778,13.82
1085,6-May-18,14.36,14.8,13.68,13.94,74731600,1590032091,14.15
1086,5-May-18,14.32,14.5,14.21,14.37,71502096,1638625085,14.345
1087,4-May-18,14.63,14.68,14.24,14.33,79940496,1634154667,14.48
1088,3-May-18,14.44,14.78,14.21,14.65,104726000,1671001407,14.545
1089,2-May-18,14.17,14.41,13.94,14.41,80730304,1643243757,14.29
1090,1-May-18,14.31,14.31,13.61,14.16,75433904,1615315046,14.235
1091,30-Apr-18,15.06,15.16,14.11,14.31,83765800,1632170348,14.685
1092,29-Apr-18,15.16,15.4,14.56,15.06,105495000,1717028472,15.11
1093,28-Apr-18,14.28,15.33,14.23,15.2,122360000,1733439014,14.74
1094,27-Apr-18,14.65,14.77,14.18,14.33,101995000,1634109050,14.49
1095,26-Apr-18,13.35,14.71,13.25,14.65,127788000,1671115449,14
1096,25-Apr-18,15.21,15.93,13.05,13.29,144820992,1515711383,14.25
1097,24-Apr-18,13.65,15.62,13.65,15.27,165599008,1740954335,14.46
1098,23-Apr-18,12.88,13.83,12.85,13.63,132041000,1553846790,13.255
1099,22-Apr-18,13.35,13.35,12.86,12.88,84873000,1468384247,13.115
1100,21-Apr-18,12.57,13.67,12.44,13.38,141582000,1525689996,12.975
1101,20-Apr-18,12.35,12.72,11.93,12.58,86036096,1434092031,12.465
1102,19-Apr-18,12.26,12.43,12.04,12.35,78661696,1408706440,12.305
1103,18-Apr-18,11.79,12.39,11.53,12.28,90015104,1399936665,12.035
1104,17-Apr-18,12.23,12.46,11.67,11.77,77537400,1342197560,12
1105,16-Apr-18,13.05,13.06,12.08,12.21,75965504,1392444152,12.63
1106,15-Apr-18,13.3,13.58,12.92,13.06,115373000,1489242399,13.18
1107,14-Apr-18,13.45,13.84,12.99,13.24,94980800,1539815189,13.345
1108,13-Apr-18,13.15,13.76,12.75,13.54,148215008,1573810083,13.345
1109,12-Apr-18,12.42,12.95,11.91,12.95,133239000,1505878427,12.685
1110,11-Apr-18,12.04,12.23,11.78,12.23,92759696,1421984054,12.135
1111,10-Apr-18,11.91,12.4,11.85,12.04,87608200,1399347919,11.975
1112,9-Apr-18,12.12,12.55,11.61,11.87,80643696,1379827596,11.995
1113,8-Apr-18,12.51,12.51,12.12,12.12,79045000,1408811614,12.315
1114,7-Apr-18,12.27,12.63,12.27,12.46,87924896,1448119662,12.365
1115,6-Apr-18,12.49,12.64,12.04,12.26,81989696,1425181248,12.375
1116,5-Apr-18,12.2,12.62,12.14,12.45,103864000,1447875513,12.325
1117,4-Apr-18,13.29,13.44,12,12.19,119600000,1417275459,12.74
1118,3-Apr-18,12.64,13.95,12.33,13.36,141287008,1553336414,13
1119,2-Apr-18,11.07,12.65,11.02,12.62,116071000,1467302827,11.845
1120,1-Apr-18,11.15,11.3,10.38,11.07,87918096,1286574163,11.11
1121,31-Mar-18,10.39,11.39,10.29,11.06,89256304,1094688883,10.725
1122,30-Mar-18,10.17,10.75,9.74,10.35,75551600,1024834506,10.26
1123,29-Mar-18,11.7,11.73,10.17,10.2,81352096,1009556645,10.95
1124,28-Mar-18,11.52,12.25,11.39,11.64,92931200,1152562566,11.58
1125,27-Mar-18,12.12,12.23,10.88,11.51,102579000,1139482816,11.815
1126,26-Mar-18,12.91,12.91,10.96,12.06,132353000,1194247460,12.485
1127,25-Mar-18,13.14,14.23,12.57,12.78,189518000,1265705863,12.96
1128,24-Mar-18,11.71,14.84,11.6,13.09,255358000,1296004147,12.4
1129,23-Mar-18,10.05,11.98,9.54,11.74,157246000,1162186726,10.895
1130,22-Mar-18,10.03,10.91,9.57,10.07,112305000,996704628,10.05
1131,21-Mar-18,9.17,10.29,9.08,9.98,131761000,988357748,9.575
1132,20-Mar-18,8.99,9.24,8.66,9.16,96919504,907060323,9.075
1133,19-Mar-18,9.09,9.26,8.5,8.99,97938896,890407158,9.04
1134,18-Mar-18,8.96,8.96,7.86,8.95,94840304,886358476,8.955
1135,17-Mar-18,9.2,9.5,8.66,8.99,94679904,889912088,9.095
1136,16-Mar-18,9.13,9.39,8.64,9.11,97626000,902148238,9.12
1137,15-Mar-18,8.94,9.4,8.42,9.1,104531000,900936307,9.02
1138,14-Mar-18,10.13,10.67,8.55,8.96,124112000,887087219,9.545
1139,13-Mar-18,8,11,7.9,10.12,216111008,1001546413,9.06
1140,12-Mar-18,8.3,8.55,7.74,8.04,51188100,796000280,8.17
1141,11-Mar-18,7.65,8.42,7.38,8.27,45451700,819081433,7.96
1142,10-Mar-18,8.27,8.35,7.63,7.67,41645000,759601743,7.97
1143,9-Mar-18,8.26,8.33,7.17,8.31,46893300,823110313,8.285
1144,8-Mar-18,9.04,9.14,8.12,8.31,48535100,822849906,8.675
1145,7-Mar-18,9.4,10.13,8.24,9.03,79740800,894579608,9.215
1146,6-Mar-18,10.15,10.15,9.15,9.38,38182600,929185001,9.765
1147,5-Mar-18,10.4,10.44,10.1,10.11,38605100,1001081047,10.255
1148,4-Mar-18,10.21,10.39,9.9,10.35,37886900,1024606773,10.28
1149,3-Mar-18,10.29,10.45,10.13,10.22,40001900,1011715151,10.255
1150,2-Mar-18,10.46,10.54,10.14,10.22,46449100,1012398347,10.34
1151,1-Mar-18,10.45,10.67,10.33,10.51,72474200,1040607436,10.48
1152,28-Feb-18,10.69,11.18,10.39,10.44,69036400,1033527935,10.565
1153,27-Feb-18,9.97,11.1,9.82,10.66,97184400,1055479339,10.315
1154,26-Feb-18,9.37,10.06,9.13,9.9,53540300,980468312,9.635
1155,25-Feb-18,9.15,9.49,8.94,9.35,43814500,925444252,9.25
1156,24-Feb-18,9.69,9.84,8.78,9.14,48709200,905177077,9.415
1157,23-Feb-18,8.87,9.73,8.66,9.69,53626800,959654580,9.28
1158,22-Feb-18,9.4,9.81,8.71,8.9,47216100,881623626,9.15
1159,21-Feb-18,9.88,10.19,9.15,9.38,55087600,928829541,9.63
1160,20-Feb-18,11.09,11.19,9.79,9.9,66512400,980685153,10.495
1161,19-Feb-18,10.67,11.19,10.65,11.08,54898800,1096649360,10.875
1162,18-Feb-18,11.69,11.7,10.68,10.7,62044700,1059687434,11.195
1163,17-Feb-18,11.08,11.87,10.95,11.69,76093504,1157404350,11.385
1164,16-Feb-18,10.91,11.2,10.43,11.2,71131800,1109115222,11.055
1165,15-Feb-18,10.39,11.28,10.1,10.93,108962000,1082331935,10.66
1166,14-Feb-18,9.02,10.65,8.99,10.4,68781600,1029805008,9.71
1167,13-Feb-18,9.32,9.35,8.77,8.99,41593400,889817035,9.155
1168,12-Feb-18,8.71,9.4,8.71,9.32,50792600,923055045,9.015
1169,11-Feb-18,9.2,9.35,8.14,8.7,68554600,861907959,8.95
1170,10-Feb-18,9.73,10.36,8.85,9.26,80123200,916470614,9.495
1171,9-Feb-18,8.61,9.89,8.34,9.73,9284,963451766,9.17
1172,8-Feb-18,8.09,8.72,8.09,8.6,82496000,851074837,8.345
1173,7-Feb-18,8.32,9.22,7.35,8.1,77970304,801519320,8.21
1174,6-Feb-18,6.81,8.56,5.59,8.29,97189904,820712194,7.55
1175,5-Feb-18,8.43,8.55,6.13,6.71,55276900,663891840,7.57
1176,4-Feb-18,9.75,9.75,8.1,8.46,49990000,837523781,9.105
1177,3-Feb-18,9.7,10.27,8.61,9.75,56556200,965354816,9.725
1178,2-Feb-18,9.41,10.46,7.22,9.65,91468200,955711842,9.53
1179,1-Feb-18,11.18,11.39,8.71,9.52,82984200,942201382,10.35
1180,31-Jan-18,11.27,11.41,10.57,11.15,50435000,1103511030,11.21
1181,30-Jan-18,12.77,12.77,11.06,11.25,59389600,1113976810,12.01
1182,29-Jan-18,13.55,13.67,12.68,12.76,71294304,1263864203,13.155
1183,28-Jan-18,13.3,13.81,13.2,13.54,93871104,1340669363,13.42
1184,27-Jan-18,13.23,13.44,12.89,13.25,84009400,1312232542,13.24
1185,26-Jan-18,13.21,13.59,12.29,13.22,113429000,1308786855,13.215
1186,25-Jan-18,13.76,14.14,13.06,13.23,105648000,1309796798,13.495
1187,24-Jan-18,13.19,14.19,12.79,13.63,105736000,1349432102,13.41
1188,23-Jan-18,13,13.96,11.78,13.09,91706200,1296439809,13.045
1189,22-Jan-18,14.2,14.45,11.91,13.01,138026000,1288627604,13.605
1190,21-Jan-18,16.25,16.25,13.36,14.07,141562000,1392958656,15.16
1191,20-Jan-18,15.03,16.65,15.03,16.19,156744992,1603066364,15.61
1192,19-Jan-18,14.31,15.64,13.99,14.94,139882000,1479328568,14.625
1193,18-Jan-18,14.25,15.96,13.51,14.28,204899008,1413959526,14.265
1194,17-Jan-18,13.62,15.54,9.66,14.2,299411008,1406315645,13.91
1195,16-Jan-18,19.63,19.63,10.44,13.89,399951008,1375492587,16.76
1196,15-Jan-18,20.8,23.6,19.33,19.56,244154000,1937179206,20.18
1197,14-Jan-18,22.25,22.25,19.14,20.78,129239000,2057243582,21.515
1198,13-Jan-18,22.35,23.67,21.37,22.17,181676000,2195576042,22.26
1199,12-Jan-18,21.48,24.91,19.93,22.32,387537984,2209626128,21.9
1200,11-Jan-18,17.57,23.15,15.29,21.04,389228000,2083521898,19.305
1201,10-Jan-18,17.71,17.71,15.17,17.39,146582000,1721932671,17.55
1202,9-Jan-18,18.17,20.32,16.8,17.41,194750000,1724011965,17.79
1203,8-Jan-18,18.65,19.22,15.35,18.26,296617984,1808084753,18.455
1204,7-Jan-18,22.77,22.77,18.24,18.66,258050000,1847284395,20.715
1205,6-Jan-18,14.87,23.51,14.82,22.76,637020992,2253538837,18.815
1206,5-Jan-18,9.15,16.72,9.09,14.92,341504992,1477011641,12.035
1207,4-Jan-18,9.45,9.54,8.85,9.21,158819008,912314006,9.33
1208,3-Jan-18,8.77,9.58,8.53,9.54,108852000,944185622,9.155
1209,2-Jan-18,8.46,9.12,8.22,8.84,104789000,875062959,8.65
1210,1-Jan-18,8.63,8.7,7.96,8.41,66422800,833164195,8.52
1211,31-Dec-17,7.76,8.84,7.71,8.64,74927904,855043318,8.2
1212,30-Dec-17,8.71,8.76,7.19,7.84,72933904,776369764,8.275
1213,29-Dec-17,9.32,9.53,8.54,8.81,70849400,872075706,9.065
1214,28-Dec-17,10.13,10.2,8.15,9.32,109298000,922950090,9.725
1215,27-Dec-17,9.25,11.3,8.49,10.11,167808000,1000734498,9.68
1216,26-Dec-17,6.56,10.62,6.5,9.03,167812992,894038992,7.795
1217,25-Dec-17,5.31,6.96,5.25,6.56,66374400,649532830,5.935
1218,24-Dec-17,4.74,5.29,4.2,5.29,43676900,523356320,5.015
1219,23-Dec-17,4.39,5.13,4.31,4.84,32930300,479154490,4.615
1220,22-Dec-17,5.21,5.21,3.51,4.34,36672600,429339556,4.775
1221,21-Dec-17,5.18,5.7,4.81,5.18,46905500,512893510,5.18
1222,20-Dec-17,5.79,5.79,4.93,5.18,47866900,512517257,5.485
1223,19-Dec-17,5.65,6.55,5.58,5.79,66695200,573521763,5.72
1224,18-Dec-17,5.79,6.22,5.28,5.62,66623700,556047772,5.705
1225,17-Dec-17,4.67,6.75,4.67,5.76,98159600,569995874,5.215
1226,16-Dec-17,4.17,4.73,3.92,4.66,54002400,461865655,4.415
1227,15-Dec-17,3.16,4.41,3.14,4,52745900,395674796,3.58
1228,14-Dec-17,2.77,3.16,2.77,3.16,40335300,312759482,2.965
1229,13-Dec-17,2.69,2.88,2.57,2.78,28429500,275070793,2.735
1230,12-Dec-17,2.73,2.78,2.61,2.68,24523200,265827837,2.705
1231,11-Dec-17,2.51,2.82,2.5,2.71,19427000,267996243,2.61
1232,10-Dec-17,2.66,2.7,2.21,2.48,19258500,245888397,2.57
1233,9-Dec-17,2.83,2.87,2.33,2.61,27217000,258469116,2.72
1234,8-Dec-17,2.77,2.87,2.26,2.83,38648500,280275959,2.8
1235,7-Dec-17,2.55,2.91,2.49,2.78,28297900,275253969,2.665
1236,6-Dec-17,2.58,2.78,2.35,2.59,41731500,256217538,2.585
1237,5-Dec-17,2.5,2.73,2.5,2.6,49190000,256971034,2.55
1238,4-Dec-17,2.26,2.58,2.26,2.49,41226200,246711204,2.375
1239,3-Dec-17,2.09,2.38,2.05,2.23,35163500,220528932,2.16
1240,2-Dec-17,2.08,2.12,2,2.08,24332700,206361018,2.08
1241,1-Dec-17,2,2.14,1.92,2.07,28867200,204981753,2.035
1242,30-Nov-17,1.76,2.05,1.76,2,31559500,197727988,1.88
1243,29-Nov-17,1.92,2.05,1.68,1.75,43765500,173425991,1.835
1244,28-Nov-17,1.96,1.96,1.87,1.92,36377700,189820730,1.94
1245,27-Nov-17,1.87,1.95,1.79,1.94,22826600,192382222,1.905
1246,26-Nov-17,1.89,1.94,1.83,1.85,9056850,183485814,1.87
1247,25-Nov-17,1.72,1.96,1.69,1.87,12839900,185539364,1.795
1248,24-Nov-17,1.57,1.82,1.56,1.72,12155400,170077338,1.645
1249,23-Nov-17,1.61,1.62,1.54,1.55,8392640,153342982,1.58
1250,22-Nov-17,1.59,1.62,1.56,1.61,7177000,159585815,1.6
1251,21-Nov-17,1.66,1.66,1.55,1.57,5440790,155853977,1.615
1252,20-Nov-17,1.63,1.66,1.56,1.62,12994500,160843292,1.625
1253,19-Nov-17,1.67,1.7,1.57,1.61,38081700,159785823,1.64
1254,18-Nov-17,1.51,1.68,1.5,1.67,32167300,165782111,1.59
1255,17-Nov-17,1.58,1.58,1.5,1.51,8508840,149546785,1.545
1256,16-Nov-17,1.56,1.68,1.54,1.58,8928640,156236171,1.57
1257,15-Nov-17,1.59,1.62,1.5,1.53,7615500,151535976,1.56
1258,14-Nov-17,1.69,1.74,1.57,1.59,7829600,157687716,1.64
1259,13-Nov-17,1.53,1.74,1.52,1.69,12238800,166998993,1.61
1260,12-Nov-17,1.67,1.67,1.46,1.52,15298700,150470586,1.595
1261,11-Nov-17,1.79,1.92,1.61,1.67,8178150,165399917,1.73
1262,10-Nov-17,2.01,2.07,1.64,1.8,11155000,177912316,1.905
1263,9-Nov-17,2.05,2.17,1.89,1.99,19192200,197114101,2.02
1264,8-Nov-17,1.8,2.06,1.78,2.03,18796200,201099414,1.915
1265,7-Nov-17,1.57,1.82,1.55,1.81,9469500,178862850,1.69
1266,6-Nov-17,1.53,1.67,1.48,1.57,5042750,155431187,1.55
1267,5-Nov-17,1.64,1.64,1.46,1.52,2681150,150665643,1.58
1268,4-Nov-17,1.46,1.7,1.4,1.64,4685320,162105721,1.55
1269,3-Nov-17,1.29,1.48,1.29,1.46,3201070,144483209,1.375
1270,2-Nov-17,1.26,1.37,1.2,1.3,3550520,128681565,1.28
1271,1-Nov-17,1.34,1.34,1.22,1.26,2118920,124910122,1.3
1272,31-Oct-17,1.34,1.41,1.27,1.31,3397150,129994490,1.325
1273,30-Oct-17,1.23,1.36,1.2,1.31,2437230,129933102,1.27
1274,29-Oct-17,1.18,1.26,1.16,1.24,1969690,122899147,1.21
1275,28-Oct-17,1.18,1.2,1.14,1.15,1495260,114120566,1.165
1276,27-Oct-17,1.21,1.22,1.11,1.17,2067650,116260259,1.19
1277,26-Oct-17,1.26,1.26,1.1,1.21,2400010,119668320,1.235
1278,25-Oct-17,1.24,1.27,1.17,1.25,2288360,124042759,1.245
1279,24-Oct-17,1.18,1.38,1.14,1.25,4833390,123612048,1.215
1280,23-Oct-17,1.23,1.28,1.1,1.18,2355560,117205842,1.205
1281,22-Oct-17,1.26,1.3,1.18,1.21,1631220,120180223,1.235
1282,21-Oct-17,1.24,1.27,1.17,1.25,1331640,124168507,1.245
1283,20-Oct-17,1.28,1.37,1.22,1.24,1703230,122967467,1.26
1284,19-Oct-17,1.33,1.35,1.25,1.28,1791220,128461000,1.305
1285,18-Oct-17,1.39,1.42,1.21,1.33,2311140,132756000,1.36
1286,17-Oct-17,1.44,1.47,1.36,1.39,1744390,138995000,1.415
1287,16-Oct-17,1.56,1.6,1.39,1.44,2960330,144070000,1.5
1288,15-Oct-17,1.5,1.68,1.41,1.56,5987930,155844000,1.53
1289,14-Oct-17,1.47,1.54,1.41,1.54,3355060,153819000,1.505
1290,13-Oct-17,1.34,1.51,1.18,1.44,5705760,143548000,1.39
1291,12-Oct-17,1.43,1.44,1.28,1.34,5275850,134376000,1.385
1292,11-Oct-17,1.4,1.46,1.38,1.43,6123140,143373000,1.415
1293,10-Oct-17,1.43,1.47,1.34,1.39,6912770,139336000,1.41
1294,9-Oct-17,1.21,1.58,1.21,1.4,9667100,140378000,1.305
1295,8-Oct-17,1.58,1.6,1.22,1.22,4515300,121723000,1.4
1296,7-Oct-17,1.61,1.61,1.5,1.58,5578780,158425000,1.595
1297,6-Oct-17,1.68,1.71,1.53,1.58,6076260,157991000,1.63
1298,5-Oct-17,1.63,1.74,1.42,1.68,7503500,167849000,1.655
1299,4-Oct-17,1.85,1.86,1.52,1.6,7227750,160148000,1.725
1300,3-Oct-17,1.97,2.03,1.67,1.82,14411500,182070000,1.895
1301,2-Oct-17,1.53,1.98,1.51,1.96,19367700,196467000,1.745
1302,1-Oct-17,1.28,1.53,1.26,1.53,9043600,152653000,1.405
1303,30-Sep-17,1.27,1.31,1.23,1.28,6194570,128358000,1.275
1304,29-Sep-17,1.37,1.37,1.14,1.27,8474270,126624000,1.32
1305,28-Sep-17,1.15,1.43,1.15,1.38,13944300,137788000,1.265
1306,27-Sep-17,0.8557,1.2,0.8557,1.14,8394020,114366000,0.99785
1307,26-Sep-17,0.9189,0.9401,0.8592,0.8607,3460160,86074700,0.8898
1308,25-Sep-17,0.7842,0.9366,0.7733,0.9171,3695220,91705900,0.85065
1309,24-Sep-17,0.7758,0.7883,0.7362,0.7833,2402720,78326800,0.77955
1310,23-Sep-17,0.7172,0.7774,0.7078,0.771,2276080,77096500,0.7441
1311,22-Sep-17,0.6989,0.7402,0.6833,0.7159,2099500,71589300,0.7074
1312,21-Sep-17,0.764,0.7818,0.6843,0.7021,2238040,70214000,0.73305
1313,20-Sep-17,0.815,0.8164,0.7437,0.7479,2536950,74789000,0.78145
1314,19-Sep-17,0.9074,0.9091,0.7877,0.8024,2888420,80242500,0.8549
1315,18-Sep-17,0.7896,0.937,0.7876,0.9092,3717860,90920200,0.8494
1316,17-Sep-17,0.8034,0.8148,0.7337,0.7896,1273640,78958900,0.7965
1317,16-Sep-17,0.8081,0.9272,0.7461,0.8042,2829570,80419800,0.80615
1318,15-Sep-17,0.6833,0.8492,0.5268,0.7997,4625680,79970900,0.7415
1319,14-Sep-17,0.9379,0.9502,0.6735,0.6788,3134360,67878400,0.80835
1320,13-Sep-17,1.04,1.04,0.8802,0.9372,2780700,93720400,0.9886
1321,12-Sep-17,1.03,1.21,0.9876,1.04,7213490,103568000,1.035
1322,11-Sep-17,0.9492,1.1,0.902,1.03,5167180,102581000,0.9896
1323,10-Sep-17,0.9821,1,0.8524,0.9422,3257430,94215900,0.96215
1324,9-Sep-17,1.01,1.03,0.8631,0.9893,4011510,98930100,0.99965
1325,8-Sep-17,1.4,1.4,0.9466,1.01,9872850,100683000,1.205
1326,7-Sep-17,1.03,1.51,0.9567,1.37,15442300,136622000,1.2
1327,6-Sep-17,0.9905,1.17,0.7355,1.09,14279400,108614000,1.04025
1328,5-Sep-17,1.03,1.12,0.7406,0.9737,9453770,97371600,1.00185
1329,4-Sep-17,1.58,1.58,0.613,1.05,20075100,104957000,1.315
1330,3-Sep-17,1.93,2.02,1.42,1.58,11662000,157580000,1.755
1331,2-Sep-17,2.5,2.85,1.72,1.99,22995400,199268000,2.245
1332,1-Sep-17,2.2,2.39,2.12,2.38,20990700,238417000,2.29
1333,31-Aug-17,2.33,2.41,2.2,2.2,20214800,220379000,2.265
1334,30-Aug-17,2.28,2.37,2.09,2.35,24830000,235005000,2.315
1335,29-Aug-17,2.11,2.33,1.99,2.33,20372000,232758000,2.22
1336,28-Aug-17,2.02,2.17,1.96,2.04,15413900,204290000,2.03
1337,27-Aug-17,2.18,2.31,1.86,2.01,17214900,200519000,2.095
1338,26-Aug-17,2.53,2.54,1.96,2.17,26690700,216936000,2.35
1339,25-Aug-17,2.39,2.73,2.39,2.5,49977600,249687000,2.445
1340,24-Aug-17,2.63,2.66,2.28,2.38,45080400,237932000,2.505
1341,23-Aug-17,2.47,2.96,2.47,2.58,64925100,258043000,2.525
1342,22-Aug-17,2.72,2.72,2.22,2.49,52091300,248527000,2.605
1343,21-Aug-17,2.43,2.91,2.43,2.7,72000600,270111000,2.565
1344,20-Aug-17,2.11,2.69,2.08,2.5,65350400,250258000,2.305
1345,19-Aug-17,2.33,2.33,1.82,2.09,43391300,209337000,2.21
1346,18-Aug-17,1.93,2.75,1.89,2.38,69048000,238400000,2.155
1347,17-Aug-17,1.44,2.11,1.32,1.97,61296500,196715000,1.705
1348,16-Aug-17,1.12,1.45,1.08,1.44,31363100,143724000,1.28
1349,15-Aug-17,1.33,1.38,0.9234,1.06,19824400,105655000,1.195
1350,14-Aug-17,0.8729,1.46,0.7358,1.3,51698100,129557000,1.08645
1351,13-Aug-17,0.446,1.02,0.446,0.8768,13852100,87682800,0.6614
1352,12-Aug-17,0.3922,0.476,0.3376,0.4464,5080760,44636500,0.4193
1353,11-Aug-17,0.3488,0.4097,0.3111,0.3926,4413920,39257200,0.3707
1354,10-Aug-17,0.2518,0.35,0.2451,0.3491,4118070,34907900,0.30045
1355,9-Aug-17,0.2247,0.2606,0.2222,0.2429,3075320,24291200,0.2338
1356,8-Aug-17,0.149,0.2269,0.1478,0.2244,2617340,22442100,0.1867
1357,7-Aug-17,0.134,0.1498,0.1333,0.1488,748177,14884800,0.1414
1358,6-Aug-17,0.1293,0.133,0.1274,0.131,393681,13099900,0.13015
1359,5-Aug-17,0.1074,0.1447,0.1071,0.1289,542878,12887100,0.11815
1360,4-Aug-17,0.1067,0.1078,0.1027,0.1075,287621,10749400,0.1071
1361,3-Aug-17,0.1003,0.107,0.09912,0.1066,293008,10664200,0.10345
1362,2-Aug-17,0.09972,0.1012,0.09736,0.1005,256793,10045200,0.10011
1363,1-Aug-17,0.1046,0.1063,0.09611,0.09987,300413,9986680,0.102235
1364,31-Jul-17,0.1068,0.1083,0.1016,0.1042,240309,10425000,0.1055
1365,30-Jul-17,0.1079,0.1081,0.1032,0.1064,224261,10641400,0.10715
1366,29-Jul-17,0.1048,0.1113,0.1011,0.1078,340218,10781100,0.1063
1367,28-Jul-17,0.1076,0.109,0.1015,0.1041,342568,10406700,0.10585
1368,27-Jul-17,0.1051,0.1085,0.1009,0.1077,344499,10773700,0.1064
1369,26-Jul-17,0.1059,0.109,0.09927,0.1051,200395,10513800,0.1055
