,Date,Open,High,Low,Close,CardanoVolume,Market Cap,CardanoMean
1,24-Apr-21,1.16,1.20,1.10,1.10,3566224272,35186428203,1.13
2,23-Apr-21,1.15,1.17,0.94,1.16,7196378408,36922722804,1.155
3,22-Apr-21,1.20,1.28,1.12,1.15,4693396293,36645258024,1.175
4,21-Apr-21,1.27,1.29,1.20,1.21,4078624182,38553136747,1.24
5,20-Apr-21,1.19,1.28,1.13,1.27,4855633658,40444459861,1.23
6,19-Apr-21,1.28,1.32,1.17,1.20,5665978235,38272759892,1.24
7,18-Apr-21,1.39,1.40,1.10,1.28,7454680286,40750096836,1.335
8,17-Apr-21,1.41,1.46,1.37,1.38,4058018560,44244219073,1.395
9,16-Apr-21,1.48,1.52,1.34,1.42,5692183858,45269118282,1.45
10,15-Apr-21,1.45,1.49,1.42,1.48,5337358369,47334226350,1.465
11,14-Apr-21,1.41,1.56,1.35,1.46,9596107541,46498212198,1.435
12,13-Apr-21,1.31,1.44,1.28,1.41,5896543066,45104180472,1.36
13,12-Apr-21,1.27,1.35,1.27,1.32,4918248258,42048031658,1.295
14,11-Apr-21,1.22,1.29,1.20,1.27,3636786443,40470031448,1.245
15,10-Apr-21,1.20,1.25,1.20,1.22,2481275569,38937266407,1.21
16,9-Apr-21,1.22,1.23,1.19,1.20,1678933674,38451053585,1.21
17,8-Apr-21,1.18,1.22,1.17,1.22,2315835365,38958913858,1.2
18,7-Apr-21,1.26,1.29,1.17,1.18,4771395490,37544017970,1.22
19,6-Apr-21,1.21,1.34,1.20,1.26,6301229657,40106447233,1.235
20,5-Apr-21,1.19,1.23,1.18,1.21,2992739340,38794825908,1.2
21,4-Apr-21,1.17,1.20,1.17,1.19,2166855014,38063850601,1.18
22,3-Apr-21,1.20,1.24,1.17,1.17,3355350115,37484228834,1.185
23,2-Apr-21,1.19,1.25,1.19,1.20,2909026267,38226452476,1.195
24,1-Apr-21,1.19,1.21,1.18,1.19,2309789364,37994346512,1.19
25,31-Mar-21,1.21,1.21,1.17,1.19,3190463749,38122781325,1.2
26,30-Mar-21,1.20,1.23,1.19,1.21,2517422843,38763410938,1.205
27,29-Mar-21,1.19,1.23,1.18,1.20,2554597106,38419153521,1.195
28,28-Mar-21,1.18,1.22,1.17,1.19,2397009016,38054391213,1.185
29,27-Mar-21,1.21,1.24,1.16,1.18,3106871131,37589641439,1.195
30,26-Mar-21,1.10,1.28,1.10,1.21,6325795912,38784256431,1.155
31,25-Mar-21,1.07,1.15,1.06,1.10,5732698268,35193427842,1.085
32,24-Mar-21,1.12,1.16,1.06,1.08,3759287517,34344508821,1.1
33,23-Mar-21,1.11,1.17,1.09,1.12,4609407773,35831695679,1.115
34,22-Mar-21,1.19,1.21,1.09,1.11,4058067310,35458596654,1.15
35,21-Mar-21,1.21,1.24,1.16,1.19,4064084727,37991018691,1.2
36,20-Mar-21,1.30,1.31,1.21,1.21,4316999916,38546959900,1.255
37,19-Mar-21,1.24,1.34,1.20,1.30,7970282918,41602128113,1.27
38,18-Mar-21,1.38,1.47,1.24,1.24,11392835545,39584149301,1.31
39,17-Mar-21,1.24,1.42,1.21,1.38,10046495758,44046287352,1.31
40,16-Mar-21,1.03,1.26,1.00,1.24,9502962157,39710232338,1.135
41,15-Mar-21,1.06,1.07,1.01,1.03,4545451677,33019817868,1.045
42,14-Mar-21,1.10,1.10,1.06,1.06,3738147940,33838166627,1.08
43,13-Mar-21,1.04,1.18,0.99,1.10,5871086058,35249017882,1.07
44,12-Mar-21,1.12,1.13,1.03,1.04,4224893051,33198891101,1.08
45,11-Mar-21,1.13,1.14,1.11,1.12,3633460869,35935123941,1.125
46,10-Mar-21,1.20,1.20,1.12,1.14,4215428913,36261417319,1.17
47,9-Mar-21,1.12,1.21,1.11,1.20,5317733185,38183375234,1.16
48,8-Mar-21,1.13,1.18,1.11,1.12,3557114310,35719914246,1.125
49,7-Mar-21,1.13,1.14,1.11,1.13,4204795554,36209148044,1.13
50,6-Mar-21,1.17,1.18,1.09,1.13,5348048001,36133913814,1.15
51,5-Mar-21,1.11,1.20,1.04,1.17,7325099027,37332335359,1.14
52,4-Mar-21,1.22,1.23,1.07,1.11,7164490225,35618147966,1.165
53,3-Mar-21,1.23,1.26,1.21,1.22,4937160429,38868096418,1.225
54,2-Mar-21,1.29,1.30,1.19,1.23,8118255106,39155277835,1.26
55,1-Mar-21,1.31,1.34,1.24,1.29,9775330113,41289607566,1.3
56,28-Feb-21,1.32,1.36,1.17,1.31,15732556180,40696967235,1.315
57,27-Feb-21,1.24,1.48,1.23,1.32,19141980288,41219695427,1.28
58,26-Feb-21,1.08,1.29,1.00,1.24,14884142109,38613872246,1.16
59,25-Feb-21,1.05,1.17,1.02,1.08,8248286269,33573986145,1.065
60,24-Feb-21,0.96,1.07,0.90,1.05,8481334623,32719650909,1.005
61,23-Feb-21,1.10,1.13,0.82,0.95,11201900117,29703373313,1.025
62,22-Feb-21,1.10,1.13,0.85,1.10,10562051439,34197312215,1.1
63,21-Feb-21,1.12,1.15,1.08,1.10,7042361464,34239897895,1.11
64,20-Feb-21,0.93,1.19,0.92,1.12,11454890463,34938012154,1.025
65,19-Feb-21,0.91,0.94,0.89,0.93,4582877243,28861468234,0.92
66,18-Feb-21,0.89,0.96,0.89,0.91,4918032802,28440499325,0.9
67,17-Feb-21,0.87,0.90,0.83,0.89,5841828077,27718724943,0.88
68,16-Feb-21,0.86,0.90,0.84,0.87,6948621246,27097447122,0.865
69,15-Feb-21,0.85,0.91,0.72,0.86,8979888270,26788220383,0.855
70,14-Feb-21,0.91,0.91,0.82,0.85,7159401195,26396411405,0.88
71,13-Feb-21,0.93,0.95,0.83,0.91,7532474270,28179179477,0.92
72,12-Feb-21,0.93,0.95,0.87,0.93,8035829513,28797323576,0.93
73,11-Feb-21,0.93,0.97,0.87,0.93,10627183208,28864337307,0.93
74,10-Feb-21,0.70,0.94,0.70,0.93,12667653585,28944519827,0.815
75,9-Feb-21,0.68,0.71,0.67,0.70,5885048712,21888135138,0.69
76,8-Feb-21,0.66,0.72,0.63,0.68,9056514741,21234605388,0.67
77,7-Feb-21,0.63,0.70,0.59,0.66,11252055620,20634977899,0.645
78,6-Feb-21,0.54,0.66,0.52,0.63,8109402422,19535078373,0.585
79,5-Feb-21,0.44,0.56,0.44,0.54,6808411307,16734586379,0.49
80,4-Feb-21,0.44,0.45,0.41,0.44,3553059568,13722204142,0.44
81,3-Feb-21,0.43,0.45,0.42,0.44,3648896567,13733039801,0.435
82,2-Feb-21,0.40,0.45,0.39,0.43,6504904709,13261606049,0.415
83,1-Feb-21,0.34,0.42,0.33,0.40,3838085989,12508252626,0.37
84,31-Jan-21,0.36,0.38,0.34,0.34,2455679992,10730622858,0.35
85,30-Jan-21,0.35,0.37,0.34,0.36,2866173269,11281969894,0.355
86,29-Jan-21,0.35,0.37,0.33,0.35,3367098095,10831223506,0.35
87,28-Jan-21,0.31,0.35,0.31,0.35,2863036709,10768923912,0.33
88,27-Jan-21,0.34,0.34,0.31,0.31,2666764973,9740709694,0.325
89,26-Jan-21,0.34,0.35,0.33,0.34,2557745015,10709963534,0.34
90,25-Jan-21,0.35,0.36,0.34,0.34,2339817092,10699148306,0.345
91,24-Jan-21,0.35,0.37,0.34,0.35,2539663711,11010118427,0.35
92,23-Jan-21,0.35,0.36,0.34,0.35,2781033956,10753827794,0.35
93,22-Jan-21,0.31,0.36,0.28,0.35,4066222238,10876193809,0.33
94,21-Jan-21,0.38,0.38,0.30,0.31,3567902823,9651363869,0.345
95,20-Jan-21,0.37,0.38,0.33,0.38,3281600988,11679436460,0.375
96,19-Jan-21,0.37,0.38,0.36,0.37,2957453653,11484768156,0.37
97,18-Jan-21,0.38,0.40,0.37,0.37,3480282508,11556043622,0.375
98,17-Jan-21,0.35,0.40,0.34,0.38,5617481334,11818146766,0.365
99,16-Jan-21,0.30,0.37,0.30,0.35,4476161885,10965408630,0.325
100,15-Jan-21,0.31,0.33,0.28,0.30,3171984602,9412470214,0.305
101,14-Jan-21,0.31,0.32,0.30,0.31,2686785564,9657183562,0.31
102,13-Jan-21,0.29,0.31,0.27,0.31,2656935144,9757153488,0.3
103,12-Jan-21,0.28,0.31,0.27,0.29,4037298875,8929377217,0.285
104,11-Jan-21,0.31,0.31,0.23,0.28,4768803200,8570417665,0.295
105,10-Jan-21,0.33,0.34,0.28,0.30,3732911206,9486050469,0.315
106,9-Jan-21,0.31,0.34,0.30,0.33,3655608662,10359612261,0.32
107,8-Jan-21,0.30,0.32,0.27,0.31,4560690774,9507877119,0.305
108,7-Jan-21,0.33,0.35,0.28,0.30,5149188552,9333113824,0.315
109,6-Jan-21,0.26,0.35,0.26,0.33,6170988900,10326186774,0.295
110,5-Jan-21,0.22,0.26,0.21,0.26,4097207384,8036779511,0.24
111,4-Jan-21,0.21,0.24,0.19,0.22,3260699086,6992916199,0.215
112,3-Jan-21,0.18,0.21,0.17,0.21,2303857909,6377915102,0.195
113,2-Jan-21,0.18,0.18,0.17,0.18,1408849504,5520054873,0.18
114,1-Jan-21,0.18,0.18,0.17,0.18,1122218004,5455571953,0.18
115,31-Dec-20,0.18,0.19,0.18,0.18,1132268397,5643713241,0.18
116,30-Dec-20,0.19,0.19,0.18,0.18,1849432295,5725936828,0.185
117,29-Dec-20,0.18,0.20,0.17,0.19,2967669490,5978703149,0.185
118,28-Dec-20,0.15,0.18,0.15,0.18,1732151279,5498652274,0.165
119,27-Dec-20,0.16,0.17,0.15,0.15,1578354821,4804453144,0.155
120,26-Dec-20,0.16,0.16,0.15,0.16,1191970341,4910288580,0.16
121,25-Dec-20,0.15,0.17,0.15,0.16,1119917804,4902200882,0.155
122,24-Dec-20,0.14,0.15,0.13,0.15,1470292431,4756584656,0.145
123,23-Dec-20,0.16,0.16,0.13,0.14,1484453887,4243561035,0.15
124,22-Dec-20,0.15,0.16,0.15,0.16,1138400653,4859123318,0.155
125,21-Dec-20,0.16,0.17,0.15,0.15,1139902286,4749512291,0.155
126,20-Dec-20,0.16,0.17,0.16,0.16,729191687,5039863587,0.16
127,19-Dec-20,0.17,0.17,0.16,0.16,586684841,5124648592,0.165
128,18-Dec-20,0.16,0.17,0.16,0.17,1101018945,5133191975,0.165
129,17-Dec-20,0.17,0.17,0.16,0.16,1188727265,5086350899,0.165
130,16-Dec-20,0.15,0.17,0.15,0.17,976699799,5214107174,0.16
131,15-Dec-20,0.16,0.16,0.15,0.15,607184173,4800812312,0.155
132,14-Dec-20,0.15,0.16,0.15,0.16,587078385,4915534755,0.155
133,13-Dec-20,0.14,0.16,0.14,0.15,675025745,4790208946,0.145
134,12-Dec-20,0.14,0.15,0.14,0.14,519780651,4494503217,0.14
135,11-Dec-20,0.14,0.14,0.14,0.14,704854539,4338604376,0.14
136,10-Dec-20,0.15,0.15,0.14,0.14,798550525,4417795610,0.145
137,9-Dec-20,0.14,0.15,0.13,0.15,1320752603,4609780641,0.145
138,8-Dec-20,0.15,0.15,0.14,0.14,939164987,4384632224,0.145
139,7-Dec-20,0.16,0.16,0.15,0.15,789426236,4795379168,0.155
140,6-Dec-20,0.16,0.16,0.15,0.16,886137949,4942739301,0.16
141,5-Dec-20,0.15,0.16,0.15,0.16,1036100099,4967663076,0.155
142,4-Dec-20,0.16,0.16,0.15,0.15,1200621758,4612149974,0.155
143,3-Dec-20,0.16,0.17,0.16,0.16,1287927035,5109042857,0.16
144,2-Dec-20,0.16,0.16,0.15,0.16,1367595805,4933112086,0.16
145,1-Dec-20,0.17,0.17,0.15,0.16,2071556994,4853014492,0.165
146,30-Nov-20,0.17,0.17,0.16,0.17,2151589402,5329823912,0.17
147,29-Nov-20,0.16,0.17,0.16,0.17,1731327207,5184554213,0.165
148,28-Nov-20,0.14,0.17,0.14,0.16,1932319047,5127054700,0.15
149,27-Nov-20,0.14,0.14,0.13,0.14,1505708870,4387736333,0.14
150,26-Nov-20,0.16,0.16,0.12,0.14,2523183036,4302273183,0.15
151,25-Nov-20,0.17,0.17,0.15,0.16,1773041979,4827479500,0.165
152,24-Nov-20,0.15,0.18,0.15,0.17,2566224959,5174709739,0.16
153,23-Nov-20,0.14,0.16,0.14,0.15,2203606418,4776075388,0.145
154,22-Nov-20,0.13,0.15,0.12,0.14,2294032112,4503848489,0.135
155,21-Nov-20,0.12,0.13,0.12,0.13,1385060442,4136248611,0.125
156,20-Nov-20,0.11,0.12,0.11,0.12,688553865,3678295392,0.115
157,19-Nov-20,0.11,0.11,0.10,0.11,590674105,3293756213,0.11
158,18-Nov-20,0.11,0.11,0.10,0.11,692683324,3310449577,0.11
159,17-Nov-20,0.11,0.11,0.11,0.11,622568575,3409932700,0.11
160,16-Nov-20,0.10,0.10,0.10,0.10,400498894,3235940749,0.1
161,15-Nov-20,0.10,0.11,0.10,0.10,358303858,3127773189,0.1
162,14-Nov-20,0.11,0.11,0.10,0.10,432474021,3241970358,0.105
163,13-Nov-20,0.10,0.11,0.10,0.11,477838893,3310080126,0.105
164,12-Nov-20,0.11,0.11,0.10,0.10,634274545,3252034178,0.105
165,11-Nov-20,0.11,0.11,0.11,0.11,631585357,3296832659,0.11
166,10-Nov-20,0.11,0.11,0.10,0.11,700753239,3291865465,0.11
167,9-Nov-20,0.11,0.11,0.10,0.11,802272882,3276933037,0.11
168,8-Nov-20,0.10,0.11,0.10,0.11,625787081,3317245143,0.105
169,7-Nov-20,0.11,0.11,0.10,0.10,861840304,3154155667,0.105
170,6-Nov-20,0.10,0.11,0.10,0.11,717731180,3394525417,0.105
171,5-Nov-20,0.10,0.10,0.09,0.10,554496502,3017735497,0.1
172,4-Nov-20,0.09,0.10,0.09,0.10,1041738046,2967168445,0.095
173,3-Nov-20,0.09,0.09,0.09,0.09,859629132,2906977496,0.09
174,2-Nov-20,0.10,0.10,0.09,0.09,817756720,2866799007,0.095
175,1-Nov-20,0.09,0.10,0.09,0.10,609565849,3055149297,0.095
176,31-Oct-20,0.09,0.10,0.09,0.09,662592019,2895202549,0.09
177,30-Oct-20,0.10,0.10,0.09,0.09,855782606,2904936834,0.095
178,29-Oct-20,0.10,0.10,0.10,0.10,883054980,2967374456,0.1
179,28-Oct-20,0.10,0.10,0.10,0.10,876721856,3079412144,0.1
180,27-Oct-20,0.10,0.11,0.10,0.10,913522302,3199198208,0.1
181,26-Oct-20,0.11,0.11,0.10,0.10,880221833,3207604424,0.105
182,25-Oct-20,0.11,0.11,0.11,0.11,722743351,3308833127,0.11
183,24-Oct-20,0.11,0.11,0.11,0.11,868194497,3362485522,0.11
184,23-Oct-20,0.11,0.11,0.11,0.11,1110973427,3362726011,0.11
185,22-Oct-20,0.11,0.11,0.11,0.11,933335641,3440161416,0.11
186,21-Oct-20,0.10,0.11,0.10,0.11,779410099,3303738303,0.105
187,20-Oct-20,0.11,0.11,0.10,0.10,707955236,3188834001,0.105
188,19-Oct-20,0.11,0.11,0.11,0.11,490775170,3381215174,0.11
189,18-Oct-20,0.11,0.11,0.11,0.11,432851135,3341113201,0.11
190,17-Oct-20,0.10,0.11,0.10,0.11,472005227,3301145173,0.105
191,16-Oct-20,0.11,0.11,0.10,0.10,553561875,3237674829,0.105
192,15-Oct-20,0.11,0.11,0.11,0.11,562197282,3317690625,0.11
193,14-Oct-20,0.11,0.11,0.11,0.11,713264193,3338272776,0.11
194,13-Oct-20,0.11,0.11,0.11,0.11,823217251,3386661064,0.11
195,12-Oct-20,0.11,0.11,0.10,0.11,821299647,3423443432,0.11
196,11-Oct-20,0.10,0.11,0.10,0.11,797480086,3314647791,0.105
197,10-Oct-20,0.10,0.11,0.10,0.11,923715999,3267585277,0.105
198,9-Oct-20,0.10,0.10,0.10,0.10,762383014,3171149840,0.1
199,8-Oct-20,0.09,0.10,0.09,0.10,690490593,2991528632,0.095
200,7-Oct-20,0.09,0.09,0.09,0.09,613251111,2918360588,0.09
201,6-Oct-20,0.10,0.10,0.09,0.09,997995413,2887475830,0.095
202,5-Oct-20,0.10,0.10,0.10,0.10,625952257,3034839679,0.1
203,4-Oct-20,0.09,0.10,0.09,0.10,697459534,2997634377,0.095
204,3-Oct-20,0.09,0.10,0.09,0.09,553029310,2906296014,0.09
205,2-Oct-20,0.10,0.10,0.09,0.09,828579008,2890990819,0.095
206,1-Oct-20,0.10,0.10,0.10,0.10,743737566,3044828931,0.1
207,30-Sep-20,0.10,0.10,0.10,0.10,615414657,3144283757,0.1
208,29-Sep-20,0.10,0.10,0.10,0.10,688007846,3147982046,0.1
209,28-Sep-20,0.10,0.11,0.10,0.10,825058842,3132013926,0.1
210,27-Sep-20,0.10,0.10,0.09,0.10,727996428,3151289579,0.1
211,26-Sep-20,0.10,0.10,0.09,0.10,649321135,2973219790,0.1
212,25-Sep-20,0.08,0.10,0.08,0.10,904408695,3013095546,0.09
213,24-Sep-20,0.08,0.08,0.08,0.08,596569914,2576629224,0.08
214,23-Sep-20,0.08,0.08,0.08,0.08,501076416,2388284816,0.08
215,22-Sep-20,0.08,0.08,0.08,0.08,316907647,2543566502,0.08
216,21-Sep-20,0.09,0.09,0.08,0.08,566692194,2502302450,0.085
217,20-Sep-20,0.09,0.09,0.09,0.09,682896131,2782473260,0.09
218,19-Sep-20,0.09,0.09,0.09,0.09,617795834,2851669375,0.09
219,18-Sep-20,0.09,0.09,0.09,0.09,699241251,2833753910,0.09
220,17-Sep-20,0.09,0.09,0.09,0.09,825621808,2931310016,0.09
221,16-Sep-20,0.09,0.09,0.09,0.09,822410832,2851444344,0.09
222,15-Sep-20,0.10,0.10,0.09,0.09,813329601,2908901262,0.095
223,14-Sep-20,0.09,0.10,0.09,0.10,851692144,2508929771,0.095
224,13-Sep-20,0.10,0.10,0.09,0.09,771663333,2459337149,0.095
225,12-Sep-20,0.10,0.10,0.10,0.10,699214253,2530438657,0.1
226,11-Sep-20,0.10,0.10,0.09,0.10,771197364,2514641826,0.1
227,10-Sep-20,0.09,0.10,0.09,0.10,809239667,2518960461,0.095
228,9-Sep-20,0.09,0.10,0.09,0.09,572617714,2420254923,0.09
229,8-Sep-20,0.09,0.10,0.09,0.09,610082647,2359641181,0.09
230,7-Sep-20,0.09,0.09,0.09,0.09,463220962,2419859105,0.09
231,6-Sep-20,0.09,0.10,0.09,0.09,454580262,2412763134,0.09
232,5-Sep-20,0.10,0.10,0.09,0.09,481176027,2331449998,0.095
233,4-Sep-20,0.10,0.10,0.09,0.10,514623980,2656099876,0.1
234,3-Sep-20,0.12,0.12,0.10,0.10,486369863,2492979309,0.11
235,2-Sep-20,0.13,0.13,0.11,0.12,427391907,2997504255,0.125
236,1-Sep-20,0.12,0.13,0.12,0.13,451299015,3251530868,0.125
237,31-Aug-20,0.12,0.13,0.11,0.12,453559242,3180947691,0.12
238,30-Aug-20,0.12,0.12,0.11,0.12,297044001,3044806865,0.12
239,29-Aug-20,0.11,0.12,0.11,0.12,315465776,3025992529,0.115
240,28-Aug-20,0.11,0.11,0.11,0.11,275672160,2837784381,0.11
241,27-Aug-20,0.12,0.12,0.10,0.11,361935074,2769641487,0.115
242,26-Aug-20,0.11,0.12,0.11,0.12,314761939,2989007621,0.115
243,25-Aug-20,0.12,0.12,0.11,0.11,431857369,2937332630,0.115
244,24-Aug-20,0.12,0.13,0.12,0.12,278021260,3227620470,0.12
245,23-Aug-20,0.13,0.13,0.12,0.12,232234230,3152604459,0.125
246,22-Aug-20,0.12,0.13,0.12,0.13,296099194,3248030061,0.125
247,21-Aug-20,0.13,0.13,0.12,0.12,363034924,3208744873,0.125
248,20-Aug-20,0.13,0.13,0.13,0.13,314037834,3464940044,0.13
249,19-Aug-20,0.14,0.14,0.13,0.13,383288760,3351728015,0.135
250,18-Aug-20,0.14,0.14,0.14,0.14,340692991,3563078059,0.14
251,17-Aug-20,0.14,0.14,0.14,0.14,425628203,3653631796,0.14
252,16-Aug-20,0.14,0.14,0.14,0.14,284566480,3590147102,0.14
253,15-Aug-20,0.14,0.14,0.14,0.14,343504348,3585803603,0.14
254,14-Aug-20,0.14,0.14,0.14,0.14,355732407,3586695888,0.14
255,13-Aug-20,0.14,0.14,0.13,0.14,470617782,3662064337,0.14
256,12-Aug-20,0.14,0.14,0.12,0.14,434540367,3562335655,0.14
257,11-Aug-20,0.14,0.14,0.13,0.14,595072471,3563301331,0.14
258,10-Aug-20,0.15,0.15,0.14,0.14,311836535,3729737359,0.145
259,9-Aug-20,0.15,0.15,0.14,0.15,426878184,3765758412,0.15
260,8-Aug-20,0.14,0.15,0.14,0.15,325527431,3779666320,0.145
261,7-Aug-20,0.14,0.15,0.14,0.14,620550178,3607887750,0.14
262,6-Aug-20,0.14,0.15,0.14,0.14,278613533,3734743214,0.14
263,5-Aug-20,0.14,0.15,0.14,0.14,274829819,3699659275,0.14
264,4-Aug-20,0.14,0.15,0.14,0.14,376096013,3708035529,0.14
265,3-Aug-20,0.13,0.14,0.13,0.14,248378862,3560687133,0.135
266,2-Aug-20,0.14,0.15,0.13,0.13,421324885,3461382969,0.135
267,1-Aug-20,0.14,0.15,0.14,0.14,362476707,3722421374,0.14
268,31-Jul-20,0.14,0.14,0.14,0.14,230659122,3598615577,0.14
269,30-Jul-20,0.14,0.14,0.14,0.14,257573327,3645046756,0.14
270,29-Jul-20,0.15,0.15,0.14,0.14,451915307,3626663356,0.145
271,28-Jul-20,0.14,0.15,0.14,0.15,638080214,3852716910,0.145
272,27-Jul-20,0.15,0.15,0.13,0.14,745732008,3597922375,0.145
273,26-Jul-20,0.14,0.15,0.14,0.15,743098554,3839996381,0.145
274,25-Jul-20,0.12,0.14,0.12,0.14,630341416,3722550592,0.13
275,24-Jul-20,0.12,0.12,0.12,0.12,198707995,3160191204,0.12
276,23-Jul-20,0.12,0.13,0.12,0.12,201587814,3209066253,0.12
277,22-Jul-20,0.12,0.12,0.12,0.12,157853191,3212941570,0.12
278,21-Jul-20,0.12,0.12,0.12,0.12,208927329,3188120006,0.12
279,20-Jul-20,0.12,0.12,0.12,0.12,176280626,3057429415,0.12
280,19-Jul-20,0.12,0.12,0.12,0.12,159010744,3207480247,0.12
281,18-Jul-20,0.12,0.12,0.12,0.12,221333950,3175481569,0.12
282,17-Jul-20,0.13,0.13,0.12,0.12,231984863,3175704150,0.125
283,16-Jul-20,0.13,0.13,0.12,0.13,423824352,3264792189,0.13
284,15-Jul-20,0.13,0.13,0.13,0.13,292680349,3380098710,0.13
285,14-Jul-20,0.12,0.13,0.12,0.13,449379997,3421411525,0.125
286,13-Jul-20,0.13,0.13,0.12,0.12,553867759,3219003554,0.125
287,12-Jul-20,0.13,0.13,0.12,0.13,340033778,3287118881,0.13
288,11-Jul-20,0.12,0.13,0.12,0.13,393237279,3246433643,0.125
289,10-Jul-20,0.12,0.12,0.11,0.12,513272164,3067594192,0.12
290,9-Jul-20,0.13,0.13,0.12,0.12,659099389,3222557775,0.125
291,8-Jul-20,0.12,0.14,0.12,0.13,1161107598,3368126986,0.125
292,7-Jul-20,0.11,0.12,0.10,0.12,575537074,3047824535,0.115
293,6-Jul-20,0.10,0.11,0.10,0.11,336062177,2728084902,0.105
294,5-Jul-20,0.10,0.10,0.09,0.10,262132088,2546315063,0.1
295,4-Jul-20,0.10,0.10,0.10,0.10,325220890,2591469353,0.1
296,3-Jul-20,0.09,0.10,0.09,0.10,449087829,2502949277,0.095
297,2-Jul-20,0.10,0.10,0.09,0.09,416119936,2445594521,0.095
298,1-Jul-20,0.08,0.10,0.08,0.10,411496624,2487802576,0.09
299,30-Jun-20,0.08,0.08,0.08,0.08,208687716,2154965825,0.08
300,29-Jun-20,0.08,0.08,0.08,0.08,275593607,2174495660,0.08
301,28-Jun-20,0.08,0.08,0.08,0.08,188871401,2084324972,0.08
302,27-Jun-20,0.08,0.08,0.08,0.08,148184221,2013977990,0.08
303,26-Jun-20,0.08,0.08,0.08,0.08,163378517,2088710302,0.08
304,25-Jun-20,0.08,0.08,0.08,0.08,207010908,2118006693,0.08
305,24-Jun-20,0.08,0.09,0.08,0.08,302220209,2141134759,0.08
306,23-Jun-20,0.08,0.08,0.08,0.08,184078790,2150645920,0.08
307,22-Jun-20,0.08,0.08,0.08,0.08,202271174,2167757497,0.08
308,21-Jun-20,0.08,0.08,0.08,0.08,151949751,2034638634,0.08
309,20-Jun-20,0.08,0.08,0.08,0.08,167247006,2057020093,0.08
310,19-Jun-20,0.08,0.08,0.08,0.08,211649409,2063866648,0.08
311,18-Jun-20,0.08,0.08,0.08,0.08,244522788,2130520538,0.08
312,17-Jun-20,0.08,0.08,0.08,0.08,294705846,2163490354,0.08
313,16-Jun-20,0.08,0.08,0.08,0.08,216508724,2050139147,0.08
314,15-Jun-20,0.08,0.08,0.07,0.08,330333741,2032340049,0.08
315,14-Jun-20,0.08,0.08,0.08,0.08,142625977,1989844416,0.08
316,13-Jun-20,0.08,0.08,0.08,0.08,161430428,2048967930,0.08
317,12-Jun-20,0.08,0.08,0.08,0.08,244019082,2062614027,0.08
318,11-Jun-20,0.08,0.09,0.07,0.08,321763381,1953868157,0.08
319,10-Jun-20,0.08,0.08,0.08,0.08,326625304,2165703711,0.08
320,9-Jun-20,0.09,0.09,0.08,0.08,213123820,2162490419,0.085
321,8-Jun-20,0.09,0.09,0.08,0.09,212837064,2240876356,0.09
322,7-Jun-20,0.09,0.09,0.08,0.09,317140970,2246692653,0.09
323,6-Jun-20,0.09,0.09,0.09,0.09,230814840,2230397735,0.09
324,5-Jun-20,0.09,0.09,0.08,0.09,357717348,2215260327,0.09
325,4-Jun-20,0.09,0.09,0.08,0.09,593406535,2307510091,0.09
326,3-Jun-20,0.08,0.09,0.08,0.09,558410069,2215176671,0.085
327,2-Jun-20,0.08,0.08,0.07,0.08,588732847,2034136636,0.08
328,1-Jun-20,0.07,0.08,0.07,0.08,681780739,2104444096,0.075
329,31-May-20,0.08,0.09,0.07,0.07,848945702,1927728436,0.075
330,30-May-20,0.06,0.08,0.06,0.08,591436389,1995286526,0.07
331,29-May-20,0.06,0.07,0.06,0.06,393626086,1676453747,0.06
332,28-May-20,0.06,0.07,0.06,0.06,368087319,1673830268,0.06
333,27-May-20,0.05,0.06,0.05,0.06,185161265,1430724082,0.055
334,26-May-20,0.05,0.05,0.05,0.05,162232161,1385289437,0.05
335,25-May-20,0.05,0.05,0.05,0.05,183914564,1400348731,0.05
336,24-May-20,0.06,0.06,0.05,0.05,108565176,1364837949,0.055
337,23-May-20,0.06,0.06,0.05,0.06,131277191,1434331268,0.06
338,22-May-20,0.05,0.06,0.05,0.06,224368474,1447594927,0.055
339,21-May-20,0.06,0.06,0.05,0.05,228349552,1354588705,0.055
340,20-May-20,0.06,0.06,0.05,0.06,203310637,1474606328,0.06
341,19-May-20,0.05,0.06,0.05,0.06,186581379,1463556399,0.055
342,18-May-20,0.05,0.05,0.05,0.05,182874559,1406595713,0.05
343,17-May-20,0.05,0.05,0.05,0.05,115459525,1331182503,0.05
344,16-May-20,0.05,0.05,0.05,0.05,123913485,1320505417,0.05
345,15-May-20,0.05,0.05,0.05,0.05,142644324,1308347933,0.05
346,14-May-20,0.05,0.05,0.05,0.05,144469842,1319441299,0.05
347,13-May-20,0.05,0.05,0.05,0.05,148356780,1334525067,0.05
348,12-May-20,0.05,0.05,0.05,0.05,170879029,1307273995,0.05
349,11-May-20,0.05,0.05,0.05,0.05,206327744,1247295902,0.05
350,10-May-20,0.05,0.05,0.05,0.05,227335948,1236120365,0.05
351,9-May-20,0.05,0.05,0.05,0.05,141642171,1341363556,0.05
352,8-May-20,0.05,0.05,0.05,0.05,172647716,1356072735,0.05
353,7-May-20,0.05,0.05,0.05,0.05,143479708,1325023314,0.05
354,6-May-20,0.05,0.05,0.05,0.05,131357244,1290301530,0.05
355,5-May-20,0.05,0.05,0.05,0.05,128066778,1279700216,0.05
356,4-May-20,0.05,0.05,0.05,0.05,172243659,1287640569,0.05
357,3-May-20,0.05,0.05,0.05,0.05,139890791,1268581580,0.05
358,2-May-20,0.05,0.05,0.05,0.05,128138136,1322649295,0.05
359,1-May-20,0.05,0.05,0.05,0.05,169546437,1329014979,0.05
360,30-Apr-20,0.05,0.05,0.05,0.05,242494651,1240505150,0.05
361,29-Apr-20,0.05,0.05,0.05,0.05,192508666,1340309755,0.05
362,28-Apr-20,0.05,0.05,0.05,0.05,144584235,1223633868,0.05
363,27-Apr-20,0.05,0.05,0.04,0.05,168989554,1208224849,0.05
364,26-Apr-20,0.04,0.05,0.04,0.05,150611027,1189500871,0.045
365,25-Apr-20,0.04,0.04,0.04,0.04,101619889,1099521578,0.04
366,24-Apr-20,0.04,0.04,0.04,0.04,176233806,1085502725,0.04
367,23-Apr-20,0.04,0.04,0.04,0.04,162468134,1052777327,0.04
368,22-Apr-20,0.03,0.04,0.03,0.04,78891247,947879913,0.035
369,21-Apr-20,0.03,0.03,0.03,0.03,86348515,899666804,0.03
370,20-Apr-20,0.04,0.04,0.03,0.03,94301265,886099712,0.035
371,19-Apr-20,0.04,0.04,0.04,0.04,87523446,928606735,0.04
372,18-Apr-20,0.03,0.04,0.03,0.04,89893451,947715099,0.035
373,17-Apr-20,0.03,0.03,0.03,0.03,79385033,896388081,0.03
374,16-Apr-20,0.03,0.03,0.03,0.03,101314083,892107802,0.03
375,15-Apr-20,0.03,0.03,0.03,0.03,68238171,826120877,0.03
376,14-Apr-20,0.03,0.03,0.03,0.03,74633336,854917400,0.03
377,13-Apr-20,0.03,0.03,0.03,0.03,84000834,858357566,0.03
378,12-Apr-20,0.03,0.03,0.03,0.03,73751090,876485000,0.03
379,11-Apr-20,0.03,0.03,0.03,0.03,75648111,864772500,0.03
380,10-Apr-20,0.04,0.04,0.03,0.03,95977717,861179955,0.035
381,9-Apr-20,0.04,0.04,0.04,0.04,86398497,938517018,0.04
382,8-Apr-20,0.04,0.04,0.04,0.04,100892761,941511808,0.04
383,7-Apr-20,0.04,0.04,0.03,0.04,117230378,910996902,0.04
384,6-Apr-20,0.03,0.04,0.03,0.04,117138445,923427176,0.035
385,5-Apr-20,0.03,0.03,0.03,0.03,64845688,829738786,0.03
386,4-Apr-20,0.03,0.03,0.03,0.03,89146987,842753267,0.03
387,3-Apr-20,0.03,0.03,0.03,0.03,89797916,837311638,0.03
388,2-Apr-20,0.03,0.03,0.03,0.03,106987595,829262182,0.03
389,1-Apr-20,0.03,0.03,0.03,0.03,92295629,799975595,0.03
390,31-Mar-20,0.03,0.03,0.03,0.03,79871856,792149099,0.03
391,30-Mar-20,0.03,0.03,0.03,0.03,81661518,774524834,0.03
392,29-Mar-20,0.03,0.03,0.03,0.03,71027469,732404420,0.03
393,28-Mar-20,0.03,0.03,0.03,0.03,85338156,771875681,0.03
394,27-Mar-20,0.03,0.03,0.03,0.03,85517314,759700870,0.03
395,26-Mar-20,0.03,0.03,0.03,0.03,81633746,796667266,0.03
396,25-Mar-20,0.03,0.03,0.03,0.03,83388813,763234881,0.03
397,24-Mar-20,0.03,0.03,0.03,0.03,88827461,782026252,0.03
398,23-Mar-20,0.03,0.03,0.03,0.03,92453324,754023583,0.03
399,22-Mar-20,0.03,0.03,0.03,0.03,78698656,702337218,0.03
400,21-Mar-20,0.03,0.03,0.03,0.03,94598889,762610838,0.03
401,20-Mar-20,0.03,0.03,0.03,0.03,142131507,761414942,0.03
402,19-Mar-20,0.03,0.03,0.03,0.03,119348856,789518107,0.03
403,18-Mar-20,0.03,0.03,0.02,0.03,77546807,656878463,0.03
404,17-Mar-20,0.02,0.03,0.02,0.03,75837864,654479617,0.025
405,16-Mar-20,0.03,0.03,0.02,0.02,94985577,625375603,0.025
406,15-Mar-20,0.03,0.03,0.03,0.03,67311254,703131372,0.03
407,14-Mar-20,0.03,0.03,0.03,0.03,65051356,674339082,0.03
408,13-Mar-20,0.02,0.03,0.02,0.03,202296978,737296260,0.025
409,12-Mar-20,0.04,0.04,0.02,0.02,179944370,621232514,0.03
410,11-Mar-20,0.04,0.04,0.04,0.04,103084587,1027986946,0.04
411,10-Mar-20,0.04,0.04,0.04,0.04,103411534,1075849153,0.04
412,9-Mar-20,0.04,0.04,0.04,0.04,125578007,1075504682,0.04
413,8-Mar-20,0.05,0.05,0.04,0.04,111437013,1122415113,0.045
414,7-Mar-20,0.05,0.05,0.05,0.05,90448414,1268987677,0.05
415,6-Mar-20,0.05,0.05,0.05,0.05,100834829,1333906157,0.05
416,5-Mar-20,0.05,0.05,0.05,0.05,112291734,1323762215,0.05
417,4-Mar-20,0.05,0.05,0.05,0.05,136505373,1270530335,0.05
418,3-Mar-20,0.05,0.05,0.05,0.05,117373434,1264228224,0.05
419,2-Mar-20,0.05,0.05,0.05,0.05,106582073,1269212107,0.05
420,1-Mar-20,0.05,0.05,0.05,0.05,96716581,1190893586,0.05
421,29-Feb-20,0.05,0.05,0.05,0.05,94074240,1232603349,0.05
422,28-Feb-20,0.05,0.05,0.05,0.05,153965237,1260479442,0.05
423,27-Feb-20,0.05,0.05,0.05,0.05,158104507,1288192613,0.05
424,26-Feb-20,0.06,0.06,0.05,0.05,207080423,1282176761,0.055
425,25-Feb-20,0.06,0.06,0.06,0.06,178219320,1461349871,0.06
426,24-Feb-20,0.06,0.06,0.06,0.06,203582108,1528658725,0.06
427,23-Feb-20,0.06,0.06,0.06,0.06,190486307,1594775788,0.06
428,22-Feb-20,0.06,0.06,0.06,0.06,132866697,1512484799,0.06
429,21-Feb-20,0.06,0.06,0.06,0.06,180464941,1520360747,0.06
430,20-Feb-20,0.06,0.06,0.06,0.06,201763470,1510507527,0.06
431,19-Feb-20,0.06,0.06,0.06,0.06,166141953,1494574416,0.06
432,18-Feb-20,0.06,0.06,0.06,0.06,184674402,1622945092,0.06
433,17-Feb-20,0.06,0.06,0.06,0.06,198079706,1556723434,0.06
434,16-Feb-20,0.06,0.07,0.06,0.06,206918460,1624425325,0.06
435,15-Feb-20,0.07,0.07,0.06,0.06,190925361,1655783318,0.065
436,14-Feb-20,0.07,0.07,0.07,0.07,183283803,1829921956,0.07
437,13-Feb-20,0.07,0.07,0.07,0.07,251519041,1778112985,0.07
438,12-Feb-20,0.06,0.07,0.06,0.07,220517194,1772708813,0.065
439,11-Feb-20,0.06,0.06,0.06,0.06,203550299,1639312126,0.06
440,10-Feb-20,0.06,0.06,0.06,0.06,137083309,1565850308,0.06
441,9-Feb-20,0.06,0.06,0.06,0.06,137945919,1602530106,0.06
442,8-Feb-20,0.06,0.06,0.06,0.06,135969080,1554184888,0.06
443,7-Feb-20,0.06,0.06,0.06,0.06,132154530,1550188289,0.06
444,6-Feb-20,0.06,0.06,0.06,0.06,136652023,1549315823,0.06
445,5-Feb-20,0.06,0.06,0.06,0.06,138149931,1535683141,0.06
446,4-Feb-20,0.06,0.06,0.05,0.06,108933031,1451818140,0.06
447,3-Feb-20,0.06,0.06,0.06,0.06,106658349,1477304250,0.06
448,2-Feb-20,0.06,0.06,0.05,0.06,161454527,1445896375,0.06
449,1-Feb-20,0.05,0.06,0.05,0.06,110646744,1454290893,0.055
450,31-Jan-20,0.06,0.06,0.05,0.05,130754832,1394699437,0.055
451,30-Jan-20,0.05,0.06,0.05,0.06,153009928,1453721298,0.055
452,29-Jan-20,0.05,0.06,0.05,0.05,187136958,1387454346,0.05
453,28-Jan-20,0.05,0.05,0.05,0.05,207996791,1370415129,0.05
454,27-Jan-20,0.04,0.05,0.04,0.05,97006750,1242217391,0.045
455,26-Jan-20,0.04,0.04,0.04,0.04,62759585,1155846119,0.04
456,25-Jan-20,0.04,0.05,0.04,0.04,57389976,1121299567,0.04
457,24-Jan-20,0.04,0.05,0.04,0.05,77503651,1166815356,0.045
458,23-Jan-20,0.05,0.05,0.04,0.04,75034253,1123513004,0.045
459,22-Jan-20,0.05,0.05,0.05,0.05,67145740,1183664601,0.05
460,21-Jan-20,0.04,0.05,0.04,0.05,95915865,1192372176,0.045
461,20-Jan-20,0.04,0.04,0.04,0.04,70100648,1137486373,0.04
462,19-Jan-20,0.04,0.05,0.04,0.04,91187159,1088389472,0.04
463,18-Jan-20,0.04,0.05,0.04,0.04,89192476,1162863289,0.04
464,17-Jan-20,0.04,0.05,0.04,0.04,106282894,1166155737,0.04
465,16-Jan-20,0.04,0.04,0.04,0.04,76686221,1073150540,0.04
466,15-Jan-20,0.04,0.04,0.04,0.04,111350540,1103270947,0.04
467,14-Jan-20,0.04,0.04,0.04,0.04,125280206,1080110770,0.04
468,13-Jan-20,0.04,0.04,0.04,0.04,56296775,958419140,0.04
469,12-Jan-20,0.04,0.04,0.04,0.04,56546260,977200922,0.04
470,11-Jan-20,0.04,0.04,0.04,0.04,63485488,954771091,0.04
471,10-Jan-20,0.04,0.04,0.03,0.04,47483943,956027830,0.04
472,9-Jan-20,0.04,0.04,0.04,0.04,26562776,942675508,0.04
473,8-Jan-20,0.04,0.04,0.04,0.04,49193345,944645770,0.04
474,7-Jan-20,0.04,0.04,0.04,0.04,51562680,960513017,0.04
475,6-Jan-20,0.03,0.04,0.03,0.04,37988444,966352558,0.035
476,5-Jan-20,0.03,0.04,0.03,0.03,21479178,900224706,0.03
477,4-Jan-20,0.03,0.03,0.03,0.03,29535781,896939967,0.03
478,3-Jan-20,0.03,0.03,0.03,0.03,30162644,886177804,0.03
479,2-Jan-20,0.03,0.03,0.03,0.03,20843934,849142417,0.03
480,1-Jan-20,0.03,0.03,0.03,0.03,22948374,867464516,0.03
481,31-Dec-19,0.03,0.03,0.03,0.03,25320349,851576357,0.03
482,30-Dec-19,0.03,0.03,0.03,0.03,21940559,871003591,0.03
483,29-Dec-19,0.03,0.03,0.03,0.03,23696263,888882224,0.03
484,28-Dec-19,0.03,0.03,0.03,0.03,23018616,871982592,0.03
485,27-Dec-19,0.03,0.03,0.03,0.03,42498574,858176174,0.03
486,26-Dec-19,0.03,0.03,0.03,0.03,28317661,888809775,0.03
487,25-Dec-19,0.03,0.03,0.03,0.03,19588981,874464722,0.03
488,24-Dec-19,0.03,0.04,0.03,0.03,30932186,885711476,0.03
489,23-Dec-19,0.03,0.03,0.03,0.03,36538150,860781223,0.03
490,22-Dec-19,0.03,0.03,0.03,0.03,24856106,893609680,0.03
491,21-Dec-19,0.03,0.03,0.03,0.03,25280467,862385606,0.03
492,20-Dec-19,0.03,0.03,0.03,0.03,32935799,881632550,0.03
493,19-Dec-19,0.03,0.03,0.03,0.03,43861871,862099887,0.03
494,18-Dec-19,0.03,0.03,0.03,0.03,61099755,893501578,0.03
495,17-Dec-19,0.03,0.03,0.03,0.03,54217973,824492977,0.03
496,16-Dec-19,0.04,0.04,0.03,0.03,41961581,888497640,0.035
497,15-Dec-19,0.04,0.04,0.03,0.04,28289227,950315361,0.04
498,14-Dec-19,0.04,0.04,0.04,0.04,39951085,944448824,0.04
499,13-Dec-19,0.04,0.04,0.04,0.04,42557714,962105881,0.04
500,12-Dec-19,0.04,0.04,0.04,0.04,41806143,952124839,0.04
501,11-Dec-19,0.04,0.04,0.04,0.04,46812214,950360040,0.04
502,10-Dec-19,0.04,0.04,0.04,0.04,32469759,949093013,0.04
503,9-Dec-19,0.04,0.04,0.04,0.04,31176739,971820730,0.04
504,8-Dec-19,0.04,0.04,0.04,0.04,25653004,1009798192,0.04
505,7-Dec-19,0.04,0.04,0.04,0.04,30151245,1004866554,0.04
506,6-Dec-19,0.04,0.04,0.04,0.04,30049656,993455158,0.04
507,5-Dec-19,0.04,0.04,0.04,0.04,39975672,981893636,0.04
508,4-Dec-19,0.04,0.04,0.04,0.04,51692274,969802335,0.04
509,3-Dec-19,0.04,0.04,0.04,0.04,34356883,983080974,0.04
510,2-Dec-19,0.04,0.04,0.04,0.04,43069274,986684920,0.04
511,1-Dec-19,0.04,0.04,0.04,0.04,59641355,1026365437,0.04
512,30-Nov-19,0.04,0.04,0.04,0.04,64184926,1048107282,0.04
513,29-Nov-19,0.04,0.04,0.04,0.04,99506198,1073986624,0.04
514,28-Nov-19,0.04,0.04,0.04,0.04,60743403,1016079672,0.04
515,27-Nov-19,0.04,0.04,0.04,0.04,76841561,1012420887,0.04
516,26-Nov-19,0.04,0.04,0.04,0.04,57431470,959117573,0.04
517,25-Nov-19,0.04,0.04,0.03,0.04,96694224,934626616,0.04
518,24-Nov-19,0.04,0.04,0.04,0.04,62998664,922680695,0.04
519,23-Nov-19,0.04,0.04,0.04,0.04,58979321,994122170,0.04
520,22-Nov-19,0.04,0.04,0.03,0.04,93310136,963130806,0.04
521,21-Nov-19,0.04,0.04,0.04,0.04,67101708,995755250,0.04
522,20-Nov-19,0.04,0.04,0.04,0.04,69854304,1067634701,0.04
523,19-Nov-19,0.04,0.04,0.04,0.04,91311583,1102995485,0.04
524,18-Nov-19,0.05,0.05,0.04,0.04,106595679,1135647864,0.045
525,17-Nov-19,0.04,0.05,0.04,0.05,74834540,1177627885,0.045
526,16-Nov-19,0.04,0.04,0.04,0.04,61781146,1145239519,0.04
527,15-Nov-19,0.04,0.04,0.04,0.04,81592975,1140128777,0.04
528,14-Nov-19,0.04,0.04,0.04,0.04,53295194,1117958882,0.04
529,13-Nov-19,0.04,0.04,0.04,0.04,42332678,1127632602,0.04
530,12-Nov-19,0.04,0.04,0.04,0.04,79520150,1134751210,0.04
531,11-Nov-19,0.04,0.04,0.04,0.04,57846910,1119896696,0.04
532,10-Nov-19,0.04,0.04,0.04,0.04,71691725,1139696016,0.04
533,9-Nov-19,0.04,0.04,0.04,0.04,41365742,1100480940,0.04
534,8-Nov-19,0.04,0.04,0.04,0.04,70275428,1096640030,0.04
535,7-Nov-19,0.04,0.05,0.04,0.04,63525683,1131378703,0.04
536,6-Nov-19,0.04,0.05,0.04,0.04,71743244,1165576446,0.04
537,5-Nov-19,0.04,0.04,0.04,0.04,82868890,1149307855,0.04
538,4-Nov-19,0.04,0.04,0.04,0.04,62120503,1120989389,0.04
539,3-Nov-19,0.04,0.04,0.04,0.04,38559537,1087128848,0.04
540,2-Nov-19,0.04,0.04,0.04,0.04,47127524,1104469763,0.04
541,1-Nov-19,0.04,0.04,0.04,0.04,60880837,1097888791,0.04
542,31-Oct-19,0.04,0.04,0.04,0.04,65333067,1079489291,0.04
543,30-Oct-19,0.04,0.04,0.04,0.04,87541890,1088083802,0.04
544,29-Oct-19,0.04,0.04,0.04,0.04,83357024,1126380670,0.04
545,28-Oct-19,0.04,0.04,0.04,0.04,101906301,1098341833,0.04
546,27-Oct-19,0.04,0.04,0.04,0.04,122643093,1097616330,0.04
547,26-Oct-19,0.04,0.04,0.04,0.04,122861125,1051275058,0.04
548,25-Oct-19,0.04,0.04,0.04,0.04,80455621,1069400506,0.04
549,24-Oct-19,0.04,0.04,0.04,0.04,49800738,977063811,0.04
550,23-Oct-19,0.04,0.04,0.04,0.04,48257598,943980593,0.04
551,22-Oct-19,0.04,0.04,0.04,0.04,39376929,1006380703,0.04
552,21-Oct-19,0.04,0.04,0.04,0.04,36963296,1018420797,0.04
553,20-Oct-19,0.04,0.04,0.04,0.04,33137956,1024858733,0.04
554,19-Oct-19,0.04,0.04,0.04,0.04,40431591,1016991740,0.04
555,18-Oct-19,0.04,0.04,0.04,0.04,39606481,987128932,0.04
556,17-Oct-19,0.04,0.04,0.04,0.04,36229682,1024746317,0.04
557,16-Oct-19,0.04,0.04,0.04,0.04,44617564,1004433806,0.04
558,15-Oct-19,0.04,0.04,0.04,0.04,47200974,1031011908,0.04
559,14-Oct-19,0.04,0.04,0.04,0.04,41060021,1083474445,0.04
560,13-Oct-19,0.04,0.04,0.04,0.04,34184265,1071428262,0.04
561,12-Oct-19,0.04,0.04,0.04,0.04,34809571,1051143063,0.04
562,11-Oct-19,0.04,0.04,0.04,0.04,46907955,1053231670,0.04
563,10-Oct-19,0.04,0.04,0.04,0.04,51703356,1080140962,0.04
564,9-Oct-19,0.04,0.04,0.04,0.04,61997644,1105241985,0.04
565,8-Oct-19,0.04,0.04,0.04,0.04,56654020,1074443874,0.04
566,7-Oct-19,0.04,0.04,0.04,0.04,69132008,1080435863,0.04
567,6-Oct-19,0.04,0.04,0.04,0.04,38119872,1019553042,0.04
568,5-Oct-19,0.04,0.04,0.04,0.04,37111643,1030084921,0.04
569,4-Oct-19,0.04,0.04,0.04,0.04,48050293,1028437473,0.04
570,3-Oct-19,0.04,0.04,0.04,0.04,37098921,994599041,0.04
571,2-Oct-19,0.04,0.04,0.04,0.04,36838966,1022702347,0.04
572,1-Oct-19,0.04,0.04,0.04,0.04,38320346,998363540,0.04
573,30-Sep-19,0.04,0.04,0.04,0.04,57274489,1008182343,0.04
574,29-Sep-19,0.04,0.04,0.04,0.04,43311030,971890057,0.04
575,28-Sep-19,0.04,0.04,0.04,0.04,39805246,1006662551,0.04
576,27-Sep-19,0.04,0.04,0.04,0.04,80670015,1024951253,0.04
577,26-Sep-19,0.04,0.04,0.04,0.04,98838747,991171142,0.04
578,25-Sep-19,0.04,0.04,0.04,0.04,126192409,1021428554,0.04
579,24-Sep-19,0.05,0.05,0.04,0.04,118474846,974166907,0.045
580,23-Sep-19,0.05,0.05,0.05,0.05,70372238,1199502002,0.05
581,22-Sep-19,0.05,0.05,0.05,0.05,86152016,1273314002,0.05
582,21-Sep-19,0.05,0.05,0.05,0.05,81964426,1346178814,0.05
583,20-Sep-19,0.05,0.05,0.05,0.05,96532515,1357030832,0.05
584,19-Sep-19,0.05,0.05,0.05,0.05,129365460,1361274441,0.05
585,18-Sep-19,0.05,0.05,0.05,0.05,138254972,1381702255,0.05
586,17-Sep-19,0.05,0.05,0.05,0.05,85720810,1270629600,0.05
587,16-Sep-19,0.05,0.05,0.05,0.05,45484816,1220414092,0.05
588,15-Sep-19,0.05,0.05,0.05,0.05,41237029,1213352354,0.05
589,14-Sep-19,0.05,0.05,0.04,0.05,51690256,1206223719,0.05
590,13-Sep-19,0.05,0.05,0.04,0.05,38257028,1186234364,0.05
591,12-Sep-19,0.04,0.05,0.04,0.05,43222873,1178436047,0.045
592,11-Sep-19,0.05,0.05,0.04,0.04,51727434,1166460704,0.045
593,10-Sep-19,0.05,0.05,0.05,0.05,48839824,1205855448,0.05
594,9-Sep-19,0.05,0.05,0.05,0.05,64445050,1216793070,0.05
595,8-Sep-19,0.05,0.05,0.05,0.05,46948887,1211284020,0.05
596,7-Sep-19,0.04,0.05,0.04,0.05,40837132,1197778632,0.045
597,6-Sep-19,0.04,0.04,0.04,0.04,44478145,1151557932,0.04
598,5-Sep-19,0.05,0.05,0.04,0.04,47778879,1152110878,0.045
599,4-Sep-19,0.05,0.05,0.05,0.05,40737362,1180110608,0.05
600,3-Sep-19,0.05,0.05,0.04,0.05,63769390,1212638991,0.05
601,2-Sep-19,0.04,0.05,0.04,0.05,42959888,1176091977,0.045
602,1-Sep-19,0.04,0.05,0.04,0.04,31928555,1154858195,0.04
603,31-Aug-19,0.04,0.05,0.04,0.04,44165774,1166467600,0.04
604,30-Aug-19,0.04,0.05,0.04,0.04,51959378,1162170223,0.04
605,29-Aug-19,0.05,0.05,0.04,0.04,53919498,1158850280,0.045
606,28-Aug-19,0.05,0.05,0.05,0.05,65386760,1188098008,0.05
607,27-Aug-19,0.05,0.05,0.05,0.05,38041608,1292184390,0.05
608,26-Aug-19,0.05,0.05,0.05,0.05,86216612,1288484883,0.05
609,25-Aug-19,0.05,0.05,0.05,0.05,104616408,1281808185,0.05
610,24-Aug-19,0.05,0.05,0.05,0.05,87164791,1300940280,0.05
611,23-Aug-19,0.05,0.05,0.05,0.05,54095276,1290905551,0.05
612,22-Aug-19,0.05,0.05,0.05,0.05,60163313,1281051016,0.05
613,21-Aug-19,0.05,0.05,0.05,0.05,43633315,1221501502,0.05
614,20-Aug-19,0.05,0.05,0.05,0.05,32132615,1275474447,0.05
615,19-Aug-19,0.05,0.05,0.05,0.05,32307052,1304079745,0.05
616,18-Aug-19,0.05,0.05,0.05,0.05,38253395,1315314323,0.05
617,17-Aug-19,0.05,0.05,0.05,0.05,34826995,1228764421,0.05
618,16-Aug-19,0.05,0.05,0.04,0.05,44228391,1214458934,0.05
619,15-Aug-19,0.05,0.05,0.05,0.05,43373583,1232018705,0.05
620,14-Aug-19,0.05,0.05,0.05,0.05,65540880,1218564199,0.05
621,13-Aug-19,0.05,0.05,0.05,0.05,48509717,1362753887,0.05
622,12-Aug-19,0.05,0.05,0.05,0.05,35518598,1372520557,0.05
623,11-Aug-19,0.05,0.06,0.05,0.05,58526308,1425499839,0.05
624,10-Aug-19,0.05,0.05,0.05,0.05,64446722,1347716040,0.05
625,9-Aug-19,0.05,0.05,0.05,0.05,43195565,1235203862,0.05
626,8-Aug-19,0.05,0.05,0.05,0.05,47971636,1347437569,0.05
627,7-Aug-19,0.05,0.05,0.05,0.05,46290311,1345774518,0.05
628,6-Aug-19,0.06,0.06,0.05,0.05,48272769,1383701920,0.055
629,5-Aug-19,0.06,0.06,0.06,0.06,54461469,1469544377,0.06
630,4-Aug-19,0.06,0.06,0.06,0.06,45039557,1458935744,0.06
631,3-Aug-19,0.06,0.06,0.06,0.06,37149597,1497630296,0.06
632,2-Aug-19,0.06,0.06,0.06,0.06,50056239,1488526750,0.06
633,1-Aug-19,0.06,0.06,0.06,0.06,44730277,1526381233,0.06
634,31-Jul-19,0.06,0.06,0.06,0.06,47344104,1559562581,0.06
635,30-Jul-19,0.06,0.06,0.06,0.06,32759717,1554177557,0.06
636,29-Jul-19,0.06,0.06,0.06,0.06,42220707,1565812955,0.06
637,28-Jul-19,0.06,0.06,0.06,0.06,30475480,1541995847,0.06
638,27-Jul-19,0.06,0.06,0.06,0.06,55521874,1552271993,0.06
639,26-Jul-19,0.06,0.06,0.06,0.06,57109968,1630403438,0.06
640,25-Jul-19,0.06,0.06,0.06,0.06,46420719,1520981692,0.06
641,24-Jul-19,0.06,0.06,0.05,0.06,60954092,1530901690,0.06
642,23-Jul-19,0.06,0.06,0.06,0.06,59728001,1447034779,0.06
643,22-Jul-19,0.06,0.06,0.06,0.06,53620677,1541782517,0.06
644,21-Jul-19,0.06,0.06,0.06,0.06,53461726,1586808067,0.06
645,20-Jul-19,0.06,0.07,0.06,0.06,71844245,1632319755,0.06
646,19-Jul-19,0.06,0.06,0.06,0.06,63433081,1550095096,0.06
647,18-Jul-19,0.06,0.06,0.05,0.06,88644360,1523785855,0.06
648,17-Jul-19,0.05,0.06,0.05,0.06,97931570,1432188399,0.055
649,16-Jul-19,0.06,0.06,0.05,0.05,103254765,1349556308,0.055
650,15-Jul-19,0.06,0.06,0.06,0.06,123473435,1543614519,0.06
651,14-Jul-19,0.07,0.07,0.06,0.06,101190602,1540824931,0.065
652,13-Jul-19,0.07,0.07,0.06,0.07,101320397,1731139938,0.07
653,12-Jul-19,0.07,0.07,0.06,0.07,118155306,1808509845,0.07
654,11-Jul-19,0.07,0.07,0.06,0.07,118873479,1690414958,0.07
655,10-Jul-19,0.08,0.08,0.07,0.07,119999743,1865186732,0.075
656,9-Jul-19,0.08,0.08,0.08,0.08,122935384,2022135799,0.08
657,8-Jul-19,0.08,0.08,0.08,0.08,114339528,2086510860,0.08
658,7-Jul-19,0.08,0.08,0.08,0.08,104984613,2073226940,0.08
659,6-Jul-19,0.08,0.08,0.08,0.08,128961683,2005081178,0.08
660,5-Jul-19,0.08,0.08,0.08,0.08,116391599,1984253355,0.08
661,4-Jul-19,0.08,0.08,0.08,0.08,142713205,2016443989,0.08
662,3-Jul-19,0.08,0.08,0.08,0.08,154492407,2151890421,0.08
663,2-Jul-19,0.08,0.08,0.08,0.08,180980795,2102087914,0.08
664,1-Jul-19,0.08,0.09,0.08,0.08,168654991,2173260576,0.08
665,30-Jun-19,0.09,0.09,0.08,0.08,161855807,2128549912,0.085
666,29-Jun-19,0.09,0.09,0.08,0.09,169271858,2344378821,0.09
667,28-Jun-19,0.09,0.09,0.08,0.09,195954056,2315164002,0.09
668,27-Jun-19,0.10,0.10,0.08,0.09,253512191,2241360203,0.095
669,26-Jun-19,0.10,0.11,0.10,0.10,340512939,2510251344,0.1
670,25-Jun-19,0.10,0.10,0.09,0.10,193143080,2498245357,0.1
671,24-Jun-19,0.10,0.10,0.09,0.10,135761451,2533562407,0.1
672,23-Jun-19,0.09,0.10,0.09,0.10,245604694,2505704185,0.095
673,22-Jun-19,0.09,0.10,0.09,0.09,243264335,2446662674,0.09
674,21-Jun-19,0.09,0.09,0.09,0.09,124230175,2322091329,0.09
675,20-Jun-19,0.09,0.09,0.09,0.09,159470237,2265640398,0.09
676,19-Jun-19,0.09,0.09,0.09,0.09,114753637,2332886412,0.09
677,18-Jun-19,0.09,0.09,0.09,0.09,146225453,2311337668,0.09
678,17-Jun-19,0.09,0.09,0.09,0.09,158000947,2425666980,0.09
679,16-Jun-19,0.09,0.09,0.09,0.09,197578317,2393611254,0.09
680,15-Jun-19,0.09,0.09,0.09,0.09,159441139,2377068998,0.09
681,14-Jun-19,0.09,0.09,0.09,0.09,205015950,2349495494,0.09
682,13-Jun-19,0.10,0.10,0.09,0.09,228176588,2326670250,0.095
683,12-Jun-19,0.09,0.10,0.09,0.10,247353618,2502604097,0.095
684,11-Jun-19,0.09,0.09,0.08,0.09,152723260,2280666739,0.09
685,10-Jun-19,0.08,0.09,0.08,0.09,139307413,2217723086,0.085
686,9-Jun-19,0.08,0.08,0.08,0.08,122067718,2060434302,0.08
687,8-Jun-19,0.09,0.09,0.08,0.08,126559142,2183393468,0.085
688,7-Jun-19,0.08,0.09,0.08,0.09,139056743,2224715557,0.085
689,6-Jun-19,0.08,0.08,0.08,0.08,154264121,2164189637,0.08
690,5-Jun-19,0.08,0.09,0.08,0.08,118371207,2163295122,0.08
691,4-Jun-19,0.09,0.09,0.08,0.08,184181602,2138623824,0.085
692,3-Jun-19,0.10,0.10,0.09,0.09,227861801,2299939612,0.095
693,2-Jun-19,0.09,0.10,0.09,0.10,187162218,2503977777,0.095
694,1-Jun-19,0.09,0.09,0.09,0.09,151835928,2347250771,0.09
695,31-May-19,0.08,0.09,0.08,0.09,136542079,2318955942,0.085
696,30-May-19,0.09,0.10,0.08,0.08,232348615,2191093156,0.085
697,29-May-19,0.09,0.09,0.09,0.09,154832177,2355927837,0.09
698,28-May-19,0.09,0.09,0.09,0.09,180587855,2406421935,0.09
699,27-May-19,0.09,0.09,0.09,0.09,171736300,2377380307,0.09
700,26-May-19,0.08,0.09,0.08,0.09,111190329,2230096452,0.085
701,25-May-19,0.08,0.08,0.08,0.08,62522128,2087176301,0.08
702,24-May-19,0.08,0.08,0.08,0.08,106320608,2096685245,0.08
703,23-May-19,0.08,0.08,0.07,0.08,101768393,2092055880,0.08
704,22-May-19,0.08,0.09,0.08,0.08,130856368,2021133888,0.08
705,21-May-19,0.08,0.09,0.08,0.08,97465477,2193873581,0.08
706,20-May-19,0.09,0.09,0.08,0.08,133738559,2199862357,0.085
707,19-May-19,0.08,0.09,0.08,0.09,145752504,2255549028,0.085
708,18-May-19,0.08,0.08,0.08,0.08,116482955,2050923758,0.08
709,17-May-19,0.09,0.09,0.08,0.08,208531470,2158684320,0.085
710,16-May-19,0.09,0.10,0.08,0.09,270983572,2285757763,0.09
711,15-May-19,0.08,0.09,0.08,0.09,207490352,2435864142,0.085
712,14-May-19,0.07,0.08,0.07,0.08,192076841,2190969359,0.075
713,13-May-19,0.07,0.08,0.07,0.07,124764723,1894538319,0.07
714,12-May-19,0.08,0.08,0.07,0.07,141023789,1817119315,0.075
715,11-May-19,0.06,0.08,0.06,0.08,187252193,1948954438,0.07
716,10-May-19,0.06,0.06,0.06,0.06,87926146,1644492023,0.06
717,9-May-19,0.06,0.07,0.06,0.06,60306853,1599479075,0.06
718,8-May-19,0.06,0.06,0.06,0.06,40605280,1675057091,0.06
719,7-May-19,0.07,0.07,0.06,0.06,53650714,1660270104,0.065
720,6-May-19,0.07,0.07,0.06,0.07,60289464,1731421229,0.07
721,5-May-19,0.07,0.07,0.07,0.07,49098473,1714978394,0.07
722,4-May-19,0.07,0.07,0.07,0.07,75467767,1734006640,0.07
723,3-May-19,0.07,0.07,0.07,0.07,77726744,1811204684,0.07
724,2-May-19,0.07,0.07,0.07,0.07,55122571,1778049850,0.07
725,1-May-19,0.07,0.07,0.07,0.07,58865338,1789340578,0.07
726,30-Apr-19,0.06,0.07,0.06,0.07,62990602,1823858101,0.065
727,29-Apr-19,0.07,0.07,0.06,0.06,69287156,1675705398,0.065
728,28-Apr-19,0.07,0.07,0.07,0.07,42979831,1778363782,0.07
729,27-Apr-19,0.07,0.07,0.07,0.07,50161507,1819967619,0.07
730,26-Apr-19,0.07,0.07,0.07,0.07,83227768,1794657446,0.07
731,25-Apr-19,0.07,0.08,0.07,0.07,96537994,1795286337,0.07
732,24-Apr-19,0.07,0.08,0.07,0.07,90318024,1883467318,0.07
733,23-Apr-19,0.08,0.08,0.07,0.07,100698845,1932178857,0.075
734,22-Apr-19,0.07,0.08,0.07,0.08,90476347,2023336836,0.075
735,21-Apr-19,0.08,0.08,0.07,0.07,89301952,1921361012,0.075
736,20-Apr-19,0.08,0.08,0.08,0.08,77410325,1983585079,0.08
737,19-Apr-19,0.08,0.08,0.08,0.08,82646736,2061207560,0.08
738,18-Apr-19,0.08,0.08,0.08,0.08,70016366,2120197588,0.08
739,17-Apr-19,0.08,0.08,0.08,0.08,66210753,2153869869,0.08
740,16-Apr-19,0.08,0.08,0.08,0.08,65962870,2172245015,0.08
741,15-Apr-19,0.08,0.09,0.08,0.08,73555913,2133983896,0.08
742,14-Apr-19,0.08,0.09,0.08,0.08,82514758,2194550264,0.08
743,13-Apr-19,0.08,0.09,0.08,0.08,71755836,2170900032,0.08
744,12-Apr-19,0.08,0.09,0.08,0.08,110371615,2163952243,0.08
745,11-Apr-19,0.09,0.09,0.08,0.08,163656338,2161932600,0.085
746,10-Apr-19,0.08,0.09,0.08,0.09,131422302,2332498044,0.085
747,9-Apr-19,0.09,0.09,0.08,0.08,122878696,2171369401,0.085
748,8-Apr-19,0.09,0.09,0.08,0.09,134978650,2255876188,0.09
749,7-Apr-19,0.09,0.09,0.09,0.09,100804121,2345996894,0.09
750,6-Apr-19,0.09,0.09,0.09,0.09,114652738,2340932226,0.09
751,5-Apr-19,0.09,0.09,0.09,0.09,122685904,2365234817,0.09
752,4-Apr-19,0.09,0.09,0.08,0.09,182769802,2265240087,0.09
753,3-Apr-19,0.09,0.10,0.08,0.09,300935985,2352181939,0.09
754,2-Apr-19,0.07,0.09,0.07,0.09,201276068,2215912840,0.08
755,1-Apr-19,0.07,0.07,0.07,0.07,81836247,1875296477,0.07
756,31-Mar-19,0.07,0.07,0.07,0.07,67772020,1808312387,0.07
757,30-Mar-19,0.07,0.07,0.07,0.07,94907668,1859991057,0.07
758,29-Mar-19,0.07,0.07,0.07,0.07,125904170,1848311707,0.07
759,28-Mar-19,0.07,0.07,0.07,0.07,78259560,1706724371,0.07
760,27-Mar-19,0.06,0.07,0.06,0.07,113386031,1752535163,0.065
761,26-Mar-19,0.06,0.06,0.06,0.06,79200006,1617074185,0.06
762,25-Mar-19,0.06,0.06,0.06,0.06,74748665,1530346052,0.06
763,24-Mar-19,0.06,0.06,0.06,0.06,102441666,1599795321,0.06
764,23-Mar-19,0.06,0.06,0.06,0.06,137854804,1653644986,0.06
765,22-Mar-19,0.05,0.06,0.05,0.06,119817467,1505389455,0.055
766,21-Mar-19,0.05,0.05,0.05,0.05,66543590,1371535198,0.05
767,20-Mar-19,0.05,0.05,0.05,0.05,47370106,1397240955,0.05
768,19-Mar-19,0.05,0.05,0.05,0.05,46089908,1363600697,0.05
769,18-Mar-19,0.05,0.05,0.05,0.05,37198857,1308074595,0.05
770,17-Mar-19,0.05,0.05,0.05,0.05,28870445,1301710902,0.05
771,16-Mar-19,0.05,0.05,0.05,0.05,44616837,1338373269,0.05
772,15-Mar-19,0.05,0.05,0.05,0.05,42730118,1298350928,0.05
773,14-Mar-19,0.05,0.05,0.05,0.05,26216581,1245938291,0.05
774,13-Mar-19,0.05,0.05,0.05,0.05,29855262,1207931190,0.05
775,12-Mar-19,0.05,0.05,0.05,0.05,35348849,1228861553,0.05
776,11-Mar-19,0.05,0.05,0.04,0.05,54732770,1234989220,0.05
777,10-Mar-19,0.05,0.05,0.04,0.05,27465022,1184820250,0.05
778,9-Mar-19,0.04,0.05,0.04,0.05,52185658,1211517758,0.045
779,8-Mar-19,0.04,0.04,0.04,0.04,20315017,1106144503,0.04
780,7-Mar-19,0.04,0.04,0.04,0.04,17201356,1113412524,0.04
781,6-Mar-19,0.04,0.04,0.04,0.04,15221353,1110799547,0.04
782,5-Mar-19,0.04,0.04,0.04,0.04,20952204,1120354028,0.04
783,4-Mar-19,0.04,0.04,0.04,0.04,18487838,1052691797,0.04
784,3-Mar-19,0.04,0.04,0.04,0.04,11011517,1097017920,0.04
785,2-Mar-19,0.04,0.04,0.04,0.04,11304263,1110675717,0.04
786,1-Mar-19,0.04,0.04,0.04,0.04,12997144,1122108426,0.04
787,28-Feb-19,0.04,0.04,0.04,0.04,14678619,1118064552,0.04
788,27-Feb-19,0.04,0.04,0.04,0.04,18346578,1121874468,0.04
789,26-Feb-19,0.04,0.04,0.04,0.04,16641229,1122751733,0.04
790,25-Feb-19,0.04,0.04,0.04,0.04,24692110,1141916266,0.04
791,24-Feb-19,0.05,0.05,0.04,0.04,51650807,1100757852,0.045
792,23-Feb-19,0.05,0.05,0.05,0.05,27665133,1259878821,0.05
793,22-Feb-19,0.05,0.05,0.04,0.05,17691042,1196867488,0.05
794,21-Feb-19,0.05,0.05,0.04,0.04,25111686,1165921115,0.045
795,20-Feb-19,0.05,0.05,0.05,0.05,25594089,1232864520,0.05
796,19-Feb-19,0.05,0.05,0.05,0.05,42563543,1196753168,0.05
797,18-Feb-19,0.04,0.05,0.04,0.05,36845046,1182410903,0.045
798,17-Feb-19,0.04,0.04,0.04,0.04,15275650,1074721071,0.04
799,16-Feb-19,0.04,0.04,0.04,0.04,11097836,1063679166,0.04
800,15-Feb-19,0.04,0.04,0.04,0.04,13336096,1052637738,0.04
801,14-Feb-19,0.04,0.04,0.04,0.04,11428290,1051089780,0.04
802,13-Feb-19,0.04,0.04,0.04,0.04,12736280,1066068502,0.04
803,12-Feb-19,0.04,0.04,0.04,0.04,14893311,1082479800,0.04
804,11-Feb-19,0.04,0.04,0.04,0.04,17847243,1082007683,0.04
805,10-Feb-19,0.04,0.04,0.04,0.04,22634047,1110446760,0.04
806,9-Feb-19,0.04,0.04,0.04,0.04,18529365,1064517700,0.04
807,8-Feb-19,0.04,0.04,0.04,0.04,32705206,1056553129,0.04
808,7-Feb-19,0.04,0.04,0.04,0.04,12424740,943648357,0.04
809,6-Feb-19,0.04,0.04,0.04,0.04,17351384,950565914,0.04
810,5-Feb-19,0.04,0.04,0.04,0.04,13348305,982536658,0.04
811,4-Feb-19,0.04,0.04,0.04,0.04,12233074,981529402,0.04
812,3-Feb-19,0.04,0.04,0.04,0.04,12940762,985988168,0.04
813,2-Feb-19,0.04,0.04,0.04,0.04,12312317,1019386721,0.04
814,1-Feb-19,0.04,0.04,0.04,0.04,18778624,1002816588,0.04
815,31-Jan-19,0.04,0.04,0.04,0.04,22222102,994926538,0.04
816,30-Jan-19,0.04,0.04,0.04,0.04,26151501,1028152445,0.04
817,29-Jan-19,0.04,0.04,0.04,0.04,19526240,991726129,0.04
818,28-Jan-19,0.04,0.04,0.04,0.04,30041137,1005243462,0.04
819,27-Jan-19,0.04,0.04,0.04,0.04,20835107,1067363755,0.04
820,26-Jan-19,0.04,0.04,0.04,0.04,13550564,1105756797,0.04
821,25-Jan-19,0.04,0.04,0.04,0.04,12663796,1106850088,0.04
822,24-Jan-19,0.04,0.04,0.04,0.04,12440167,1115551802,0.04
823,23-Jan-19,0.04,0.04,0.04,0.04,15241102,1112274745,0.04
824,22-Jan-19,0.04,0.04,0.04,0.04,22963399,1129838202,0.04
825,21-Jan-19,0.04,0.04,0.04,0.04,16583935,1113231795,0.04
826,20-Jan-19,0.05,0.05,0.04,0.04,26755022,1127226431,0.045
827,19-Jan-19,0.04,0.05,0.04,0.05,23657402,1186172183,0.045
828,18-Jan-19,0.05,0.05,0.04,0.04,18937100,1148980462,0.045
829,17-Jan-19,0.04,0.05,0.04,0.05,38222964,1174964368,0.045
830,16-Jan-19,0.04,0.05,0.04,0.04,35481507,1160927551,0.04
831,15-Jan-19,0.04,0.04,0.04,0.04,24504027,1109941703,0.04
832,14-Jan-19,0.04,0.04,0.04,0.04,30269131,1142310312,0.04
833,13-Jan-19,0.04,0.04,0.04,0.04,21758341,1043328640,0.04
834,12-Jan-19,0.04,0.04,0.04,0.04,18224445,1133124203,0.04
835,11-Jan-19,0.04,0.05,0.04,0.04,35963011,1144607284,0.04
836,10-Jan-19,0.05,0.05,0.04,0.04,91162431,1154512658,0.045
837,9-Jan-19,0.05,0.05,0.05,0.05,55364234,1352599204,0.05
838,8-Jan-19,0.05,0.05,0.05,0.05,34626383,1258115426,0.05
839,7-Jan-19,0.05,0.05,0.05,0.05,45688431,1244393599,0.05
840,6-Jan-19,0.04,0.05,0.04,0.05,51366407,1277183981,0.045
841,5-Jan-19,0.04,0.05,0.04,0.04,25100965,1158975656,0.04
842,4-Jan-19,0.04,0.04,0.04,0.04,16024029,1135911589,0.04
843,3-Jan-19,0.05,0.05,0.04,0.04,21126963,1106608705,0.045
844,2-Jan-19,0.04,0.05,0.04,0.05,24151526,1173420170,0.045
845,1-Jan-19,0.04,0.04,0.04,0.04,14962902,1103113660,0.04
846,31-Dec-18,0.04,0.04,0.04,0.04,19280457,1064641798,0.04
847,30-Dec-18,0.04,0.04,0.04,0.04,27767174,1122116468,0.04
848,29-Dec-18,0.04,0.04,0.04,0.04,30992034,1076193322,0.04
849,28-Dec-18,0.04,0.04,0.04,0.04,26948333,1085348670,0.04
850,27-Dec-18,0.04,0.04,0.04,0.04,22969395,957851765,0.04
851,26-Dec-18,0.04,0.04,0.04,0.04,27218409,1068154537,0.04
852,25-Dec-18,0.05,0.05,0.04,0.04,38493644,1076264960,0.045
853,24-Dec-18,0.04,0.05,0.04,0.05,57936798,1185292600,0.045
854,23-Dec-18,0.04,0.04,0.04,0.04,40656190,1146761807,0.04
855,22-Dec-18,0.04,0.04,0.04,0.04,31227246,1089171594,0.04
856,21-Dec-18,0.04,0.05,0.04,0.04,93581789,1057728023,0.04
857,20-Dec-18,0.03,0.04,0.03,0.04,43040801,1021545369,0.035
858,19-Dec-18,0.03,0.04,0.03,0.03,43168563,895652795,0.03
859,18-Dec-18,0.03,0.03,0.03,0.03,78783798,900577014,0.03
860,17-Dec-18,0.03,0.03,0.03,0.03,37555983,851032497,0.03
861,16-Dec-18,0.03,0.03,0.03,0.03,10366601,754560639,0.03
862,15-Dec-18,0.03,0.03,0.03,0.03,8387951,733050648,0.03
863,14-Dec-18,0.03,0.03,0.03,0.03,9205271,735240139,0.03
864,13-Dec-18,0.03,0.03,0.03,0.03,11234575,756817501,0.03
865,12-Dec-18,0.03,0.03,0.03,0.03,11071814,793596929,0.03
866,11-Dec-18,0.03,0.03,0.03,0.03,10444631,766165271,0.03
867,10-Dec-18,0.03,0.03,0.03,0.03,12553718,783071164,0.03
868,9-Dec-18,0.03,0.03,0.03,0.03,16588924,821695910,0.03
869,8-Dec-18,0.03,0.03,0.03,0.03,19987029,795394849,0.03
870,7-Dec-18,0.03,0.03,0.03,0.03,31750703,774280073,0.03
871,6-Dec-18,0.03,0.04,0.03,0.03,27195357,798494898,0.03
872,5-Dec-18,0.04,0.04,0.03,0.03,26250706,888035722,0.035
873,4-Dec-18,0.04,0.04,0.04,0.04,23563420,977433742,0.04
874,3-Dec-18,0.04,0.04,0.04,0.04,21282053,1002625724,0.04
875,2-Dec-18,0.04,0.04,0.04,0.04,23206023,1080429209,0.04
876,1-Dec-18,0.04,0.04,0.04,0.04,19314340,1075155852,0.04
877,30-Nov-18,0.04,0.04,0.04,0.04,28861639,1008977118,0.04
878,29-Nov-18,0.04,0.04,0.04,0.04,39544072,1085456214,0.04
879,28-Nov-18,0.04,0.04,0.04,0.04,47624500,1089471060,0.04
880,27-Nov-18,0.04,0.04,0.03,0.04,17966300,945329512,0.04
881,26-Nov-18,0.04,0.04,0.03,0.04,31641100,928344688,0.04
882,25-Nov-18,0.04,0.04,0.03,0.04,40704000,978106514,0.04
883,24-Nov-18,0.04,0.04,0.04,0.04,25740400,997092908,0.04
884,23-Nov-18,0.04,0.04,0.04,0.04,24258500,1125551172,0.04
885,22-Nov-18,0.05,0.05,0.04,0.04,18689900,1147394729,0.045
886,21-Nov-18,0.05,0.05,0.04,0.05,33938000,1238792838,0.05
887,20-Nov-18,0.05,0.05,0.04,0.04,65556800,1160931252,0.045
888,19-Nov-18,0.06,0.06,0.05,0.05,53737000,1363284259,0.055
889,18-Nov-18,0.06,0.06,0.06,0.06,16669400,1605295314,0.06
890,17-Nov-18,0.06,0.06,0.06,0.06,17926300,1573112041,0.06
891,16-Nov-18,0.06,0.06,0.06,0.06,27544700,1585474069,0.06
892,15-Nov-18,0.06,0.07,0.06,0.06,60267800,1647483843,0.06
893,14-Nov-18,0.07,0.07,0.06,0.06,54964400,1680683457,0.065
894,13-Nov-18,0.08,0.08,0.07,0.07,20329300,1908320544,0.075
895,12-Nov-18,0.08,0.08,0.07,0.08,20975100,1970491066,0.08
896,11-Nov-18,0.08,0.08,0.07,0.08,23663500,1982925689,0.08
897,10-Nov-18,0.07,0.08,0.07,0.08,15012100,1950249802,0.075
898,9-Nov-18,0.08,0.08,0.07,0.07,23756800,1924449774,0.075
899,8-Nov-18,0.08,0.08,0.08,0.08,32149600,1983244592,0.08
900,7-Nov-18,0.08,0.08,0.08,0.08,36852900,2036408050,0.08
901,6-Nov-18,0.08,0.08,0.08,0.08,49473200,2084951304,0.08
902,5-Nov-18,0.08,0.08,0.07,0.08,34358100,1974302345,0.08
903,4-Nov-18,0.07,0.08,0.07,0.08,52924200,1976402438,0.075
904,3-Nov-18,0.07,0.07,0.07,0.07,14948900,1853235890,0.07
905,2-Nov-18,0.07,0.07,0.07,0.07,18823400,1881885303,0.07
906,1-Nov-18,0.07,0.07,0.07,0.07,11256600,1837384079,0.07
907,31-Oct-18,0.07,0.07,0.07,0.07,16366000,1807238674,0.07
908,30-Oct-18,0.07,0.07,0.07,0.07,11418800,1805750460,0.07
909,29-Oct-18,0.07,0.07,0.07,0.07,21315700,1805221548,0.07
910,28-Oct-18,0.07,0.07,0.07,0.07,11226100,1896990414,0.07
911,27-Oct-18,0.07,0.07,0.07,0.07,10316000,1889715278,0.07
912,26-Oct-18,0.07,0.07,0.07,0.07,13464800,1911154372,0.07
913,25-Oct-18,0.07,0.07,0.07,0.07,12567300,1914952688,0.07
914,24-Oct-18,0.07,0.08,0.07,0.07,14151400,1926918031,0.07
915,23-Oct-18,0.08,0.08,0.07,0.07,20710600,1937869626,0.075
916,22-Oct-18,0.08,0.08,0.08,0.08,16871700,1964652290,0.08
917,21-Oct-18,0.08,0.08,0.08,0.08,17620200,1967169808,0.08
918,20-Oct-18,0.08,0.08,0.08,0.08,20363900,1979319234,0.08
919,19-Oct-18,0.08,0.08,0.07,0.08,18153800,1966215692,0.08
920,18-Oct-18,0.08,0.08,0.07,0.08,28634400,1947931922,0.08
921,17-Oct-18,0.08,0.08,0.08,0.08,36907800,2006973047,0.08
922,16-Oct-18,0.07,0.08,0.07,0.08,26555800,1965629740,0.075
923,15-Oct-18,0.07,0.08,0.07,0.07,71953000,1939054493,0.07
924,14-Oct-18,0.07,0.07,0.07,0.07,26250600,1848416047,0.07
925,13-Oct-18,0.07,0.07,0.07,0.07,23571900,1895336267,0.07
926,12-Oct-18,0.07,0.08,0.07,0.07,40979000,1898221950,0.07
927,11-Oct-18,0.08,0.08,0.07,0.07,72659700,1839248235,0.075
928,10-Oct-18,0.09,0.09,0.08,0.08,35888200,2195465443,0.085
929,9-Oct-18,0.09,0.09,0.08,0.09,38710200,2238978845,0.09
930,8-Oct-18,0.08,0.09,0.08,0.09,62079800,2245470984,0.085
931,7-Oct-18,0.08,0.09,0.08,0.08,34848400,2194941716,0.08
932,6-Oct-18,0.08,0.08,0.08,0.08,26277600,2107948616,0.08
933,5-Oct-18,0.08,0.08,0.08,0.08,31160900,2151708326,0.08
934,4-Oct-18,0.08,0.08,0.08,0.08,31665100,2107977136,0.08
935,3-Oct-18,0.08,0.08,0.08,0.08,38063700,2094614324,0.08
936,2-Oct-18,0.08,0.08,0.08,0.08,34775200,2139639274,0.08
937,1-Oct-18,0.09,0.09,0.08,0.08,42076400,2190041499,0.085
938,30-Sep-18,0.08,0.09,0.08,0.09,49853100,2208861960,0.085
939,29-Sep-18,0.08,0.09,0.08,0.08,55854000,2193583137,0.08
940,28-Sep-18,0.09,0.09,0.08,0.08,89113600,2178690628,0.085
941,27-Sep-18,0.08,0.09,0.08,0.09,101911000,2229764364,0.085
942,26-Sep-18,0.08,0.08,0.08,0.08,64321400,2060579858,0.08
943,25-Sep-18,0.08,0.08,0.08,0.08,87535200,2100805708,0.08
944,24-Sep-18,0.09,0.09,0.08,0.08,89522100,2145558424,0.085
945,23-Sep-18,0.08,0.09,0.08,0.09,149996000,2327045326,0.085
946,22-Sep-18,0.09,0.09,0.08,0.08,82526800,2156937816,0.085
947,21-Sep-18,0.08,0.09,0.08,0.09,212274000,2271359163,0.085
948,20-Sep-18,0.07,0.08,0.07,0.08,103788000,2112885130,0.075
949,19-Sep-18,0.07,0.07,0.07,0.07,96071300,1875826146,0.07
950,18-Sep-18,0.06,0.07,0.06,0.07,67159000,1800126878,0.065
951,17-Sep-18,0.07,0.07,0.06,0.06,48609600,1656713880,0.065
952,16-Sep-18,0.07,0.07,0.07,0.07,32643600,1813922673,0.07
953,15-Sep-18,0.07,0.07,0.07,0.07,34842300,1797311198,0.07
954,14-Sep-18,0.07,0.07,0.07,0.07,62256800,1769475895,0.07
955,13-Sep-18,0.07,0.07,0.07,0.07,86011700,1810453630,0.07
956,12-Sep-18,0.07,0.07,0.06,0.07,91272400,1730491952,0.07
957,11-Sep-18,0.07,0.07,0.07,0.07,47614500,1828198118,0.07
958,10-Sep-18,0.08,0.08,0.07,0.07,44682000,1905844508,0.075
959,9-Sep-18,0.08,0.08,0.08,0.08,47870100,1987128467,0.08
960,8-Sep-18,0.08,0.09,0.08,0.08,35208700,2028396585,0.08
961,7-Sep-18,0.09,0.09,0.08,0.08,41868100,2177433165,0.085
962,6-Sep-18,0.09,0.09,0.08,0.09,73239200,2298847044,0.09
963,5-Sep-18,0.11,0.11,0.09,0.09,98708900,2270418011,0.1
964,4-Sep-18,0.10,0.11,0.10,0.11,54317400,2729213080,0.105
965,3-Sep-18,0.10,0.11,0.10,0.10,53687200,2686225997,0.1
966,2-Sep-18,0.11,0.11,0.10,0.10,58391900,2707615830,0.105
967,1-Sep-18,0.10,0.11,0.10,0.11,70208900,2769711164,0.105
968,31-Aug-18,0.10,0.10,0.10,0.10,42250400,2649642901,0.1
969,30-Aug-18,0.11,0.11,0.10,0.10,64807500,2607226213,0.105
970,29-Aug-18,0.11,0.11,0.10,0.11,83582300,2734502203,0.11
971,28-Aug-18,0.10,0.11,0.10,0.11,79059500,2734787400,0.105
972,27-Aug-18,0.09,0.10,0.09,0.10,55515600,2599551800,0.095
973,26-Aug-18,0.09,0.09,0.09,0.09,26907400,2419973132,0.09
974,25-Aug-18,0.09,0.10,0.09,0.09,30674700,2444461250,0.09
975,24-Aug-18,0.09,0.09,0.09,0.09,35302400,2439148793,0.09
976,23-Aug-18,0.09,0.09,0.09,0.09,37397400,2397040638,0.09
977,22-Aug-18,0.10,0.10,0.09,0.09,64566000,2337294297,0.095
978,21-Aug-18,0.09,0.10,0.09,0.10,49545100,2463159853,0.095
979,20-Aug-18,0.10,0.10,0.09,0.09,53939600,2431015471,0.095
980,19-Aug-18,0.10,0.10,0.10,0.10,51106900,2655891325,0.1
981,18-Aug-18,0.11,0.11,0.10,0.10,101454000,2587119770,0.105
982,17-Aug-18,0.10,0.11,0.10,0.11,103569000,2849048000,0.105
983,16-Aug-18,0.10,0.10,0.09,0.10,50188900,2471645783,0.1
984,15-Aug-18,0.10,0.10,0.09,0.10,91346700,2464119155,0.1
985,14-Aug-18,0.10,0.10,0.09,0.09,111693000,2454300573,0.095
986,13-Aug-18,0.11,0.12,0.10,0.10,56974900,2668154829,0.105
987,12-Aug-18,0.11,0.11,0.11,0.11,35031500,2928981159,0.11
988,11-Aug-18,0.12,0.12,0.11,0.11,65816400,2915213884,0.115
989,10-Aug-18,0.12,0.13,0.11,0.12,71125700,3016744292,0.12
990,9-Aug-18,0.11,0.13,0.11,0.12,93016600,3202174701,0.115
991,8-Aug-18,0.13,0.13,0.11,0.11,82209700,2949256128,0.12
992,7-Aug-18,0.13,0.13,0.12,0.13,57321700,3250684250,0.13
993,6-Aug-18,0.13,0.14,0.13,0.13,57534800,3384856840,0.13
994,5-Aug-18,0.13,0.13,0.13,0.13,43901500,3415139658,0.13
995,4-Aug-18,0.13,0.13,0.13,0.13,54577300,3306920066,0.13
996,3-Aug-18,0.13,0.13,0.12,0.13,77768900,3377130573,0.13
997,2-Aug-18,0.14,0.14,0.13,0.13,68531400,3420843614,0.135
998,1-Aug-18,0.14,0.15,0.14,0.14,79987900,3653150166,0.14
999,31-Jul-18,0.15,0.15,0.14,0.14,93183800,3715271427,0.145
1000,30-Jul-18,0.16,0.16,0.15,0.15,69612600,3995024518,0.155
1001,29-Jul-18,0.16,0.16,0.16,0.16,47319500,4234227671,0.16
1002,28-Jul-18,0.17,0.17,0.16,0.16,51592200,4235964785,0.165
1003,27-Jul-18,0.16,0.17,0.16,0.17,103693000,4291967257,0.165
1004,26-Jul-18,0.17,0.17,0.16,0.16,84282200,4271873777,0.165
1005,25-Jul-18,0.17,0.18,0.17,0.17,123649000,4478408821,0.17
1006,24-Jul-18,0.16,0.18,0.16,0.17,191390000,4489842659,0.165
1007,23-Jul-18,0.17,0.18,0.16,0.16,147071008,4252765526,0.165
1008,22-Jul-18,0.16,0.18,0.16,0.17,139332992,4414783790,0.165
1009,21-Jul-18,0.16,0.17,0.16,0.16,125996000,4242628042,0.16
1010,20-Jul-18,0.18,0.18,0.16,0.16,215667008,4204722665,0.17
1011,19-Jul-18,0.18,0.19,0.17,0.18,216980992,4689403321,0.18
1012,18-Jul-18,0.17,0.19,0.17,0.18,323366016,4650746059,0.175
1013,17-Jul-18,0.15,0.17,0.15,0.17,133441000,4430028907,0.16
1014,16-Jul-18,0.14,0.16,0.14,0.16,90578096,4047682398,0.15
1015,15-Jul-18,0.14,0.15,0.14,0.14,50143900,3688436909,0.14
1016,14-Jul-18,0.14,0.14,0.13,0.14,55022100,3554393954,0.14
1017,13-Jul-18,0.13,0.14,0.13,0.14,92778496,3575005975,0.135
1018,12-Jul-18,0.13,0.13,0.12,0.13,37623900,3297430758,0.13
1019,11-Jul-18,0.13,0.13,0.13,0.13,50179700,3408969016,0.13
1020,10-Jul-18,0.14,0.14,0.13,0.13,62318800,3339199269,0.135
1021,9-Jul-18,0.15,0.15,0.14,0.14,42768500,3629037990,0.145
1022,8-Jul-18,0.15,0.15,0.14,0.15,48142400,3769510858,0.15
1023,7-Jul-18,0.15,0.15,0.14,0.15,47965500,3898731378,0.15
1024,6-Jul-18,0.15,0.15,0.14,0.15,69138800,3787530172,0.15
1025,5-Jul-18,0.15,0.15,0.15,0.15,73881296,3861085272,0.15
1026,4-Jul-18,0.15,0.16,0.15,0.15,86594896,3913950568,0.15
1027,3-Jul-18,0.16,0.17,0.15,0.15,108280000,3906042812,0.155
1028,2-Jul-18,0.14,0.16,0.14,0.16,161860000,4103684871,0.15
1029,1-Jul-18,0.14,0.15,0.13,0.14,108733000,3687036847,0.14
1030,30-Jun-18,0.13,0.14,0.13,0.14,104599000,3569405728,0.135
1031,29-Jun-18,0.12,0.13,0.11,0.13,65802200,3259551308,0.125
1032,28-Jun-18,0.13,0.13,0.12,0.12,42250100,3093618057,0.125
1033,27-Jun-18,0.13,0.13,0.12,0.13,37072400,3304249578,0.13
1034,26-Jun-18,0.14,0.14,0.13,0.13,32927500,3269377668,0.135
1035,25-Jun-18,0.13,0.14,0.13,0.14,57752100,3507128905,0.135
1036,24-Jun-18,0.14,0.14,0.12,0.13,73037504,3440600042,0.135
1037,23-Jun-18,0.14,0.14,0.13,0.14,38721800,3574513361,0.14
1038,22-Jun-18,0.16,0.16,0.14,0.14,79062000,3625615617,0.15
1039,21-Jun-18,0.16,0.16,0.16,0.16,41237700,4110892596,0.16
1040,20-Jun-18,0.17,0.17,0.16,0.16,83625600,4199796521,0.165
1041,19-Jun-18,0.16,0.17,0.16,0.17,69854400,4334617288,0.165
1042,18-Jun-18,0.16,0.17,0.16,0.16,55507800,4255073035,0.16
1043,17-Jun-18,0.16,0.16,0.16,0.16,35748800,4184110643,0.16
1044,16-Jun-18,0.16,0.16,0.16,0.16,42213400,4225127269,0.16
1045,15-Jun-18,0.17,0.17,0.16,0.16,73950496,4219552949,0.165
1046,14-Jun-18,0.16,0.18,0.16,0.17,199562000,4469178784,0.165
1047,13-Jun-18,0.17,0.17,0.15,0.16,99731600,4158909531,0.165
1048,12-Jun-18,0.18,0.18,0.16,0.17,82885904,4319061046,0.175
1049,11-Jun-18,0.18,0.18,0.17,0.18,89350704,4700059347,0.18
1050,10-Jun-18,0.20,0.20,0.17,0.18,137836000,4585669112,0.19
1051,9-Jun-18,0.21,0.21,0.20,0.20,51481400,5239627612,0.205
1052,8-Jun-18,0.21,0.21,0.20,0.21,68728600,5324331352,0.21
1053,7-Jun-18,0.22,0.22,0.21,0.21,76949400,5473697205,0.215
1054,6-Jun-18,0.22,0.22,0.21,0.22,84766304,5593013584,0.22
1055,5-Jun-18,0.21,0.22,0.20,0.22,119846000,5716063460,0.215
1056,4-Jun-18,0.23,0.23,0.21,0.21,115605000,5548704220,0.22
1057,3-Jun-18,0.23,0.24,0.23,0.23,117208000,5915364852,0.23
1058,2-Jun-18,0.22,0.23,0.22,0.23,116435000,5904682898,0.225
1059,1-Jun-18,0.22,0.23,0.22,0.22,130538000,5768954684,0.22
1060,31-May-18,0.21,0.23,0.21,0.23,202076000,5839139264,0.22
1061,30-May-18,0.20,0.22,0.20,0.21,222612000,5474319455,0.205
1062,29-May-18,0.18,0.21,0.17,0.20,185184000,5268121463,0.19
1063,28-May-18,0.19,0.20,0.17,0.17,95106200,4531611170,0.18
1064,27-May-18,0.20,0.20,0.19,0.19,58991000,5018365992,0.195
1065,26-May-18,0.20,0.21,0.20,0.20,60616400,5096406474,0.2
1066,25-May-18,0.21,0.21,0.20,0.20,83368000,5202396339,0.205
1067,24-May-18,0.20,0.21,0.19,0.21,127678000,5418472545,0.205
1068,23-May-18,0.22,0.23,0.20,0.20,124268000,5259902581,0.21
1069,22-May-18,0.25,0.25,0.22,0.22,78363296,5818242045,0.235
1070,21-May-18,0.26,0.26,0.25,0.25,85090304,6451692233,0.255
1071,20-May-18,0.24,0.26,0.24,0.26,101310000,6640856139,0.25
1072,19-May-18,0.25,0.25,0.24,0.24,57778000,6307304377,0.245
1073,18-May-18,0.24,0.25,0.23,0.25,79212200,6366236608,0.245
1074,17-May-18,0.26,0.26,0.24,0.24,83683800,6317493716,0.25
1075,16-May-18,0.26,0.26,0.24,0.26,108749000,6647052709,0.26
1076,15-May-18,0.27,0.28,0.26,0.26,97408800,6745057036,0.265
1077,14-May-18,0.29,0.29,0.26,0.27,161643008,7089342605,0.28
1078,13-May-18,0.27,0.29,0.26,0.29,179522000,7412290196,0.28
1079,12-May-18,0.26,0.28,0.24,0.27,255480992,7024473075,0.265
1080,11-May-18,0.30,0.30,0.25,0.26,348752000,6744331078,0.28
1081,10-May-18,0.32,0.33,0.30,0.30,122958000,7702647459,0.31
1082,9-May-18,0.33,0.33,0.30,0.32,178122000,8389818537,0.325
1083,8-May-18,0.34,0.35,0.32,0.33,142455008,8513205465,0.335
1084,7-May-18,0.35,0.35,0.32,0.34,171384992,8690131795,0.345
1085,6-May-18,0.37,0.37,0.34,0.35,148186000,9075019157,0.36
1086,5-May-18,0.36,0.37,0.36,0.37,139447008,9498071167,0.365
1087,4-May-18,0.37,0.37,0.35,0.36,171266000,9338464121,0.365
1088,3-May-18,0.37,0.39,0.37,0.37,300814016,9585471322,0.37
1089,2-May-18,0.36,0.38,0.35,0.37,272855008,9655759610,0.365
1090,1-May-18,0.34,0.36,0.32,0.36,365521984,9299858712,0.35
1091,30-Apr-18,0.36,0.36,0.34,0.34,298712000,8901230003,0.35
1092,29-Apr-18,0.36,0.39,0.35,0.37,671886976,9464858589,0.365
1093,28-Apr-18,0.29,0.37,0.29,0.36,636742016,9278624442,0.325
1094,27-Apr-18,0.29,0.31,0.29,0.29,197183008,7479674652,0.29
1095,26-Apr-18,0.27,0.30,0.26,0.29,220715008,7630207224,0.28
1096,25-Apr-18,0.31,0.31,0.27,0.27,351596000,7043192420,0.29
1097,24-Apr-18,0.29,0.32,0.29,0.31,369016992,8111932195,0.3
1098,23-Apr-18,0.29,0.29,0.28,0.29,127213000,7479259819,0.29
1099,22-Apr-18,0.29,0.30,0.28,0.29,160968000,7403086086,0.29
1100,21-Apr-18,0.30,0.31,0.27,0.29,294632992,7533888157,0.295
1101,20-Apr-18,0.27,0.30,0.27,0.30,349348992,7810452218,0.285
1102,19-Apr-18,0.27,0.27,0.26,0.27,240910000,7061445078,0.27
1103,18-Apr-18,0.24,0.26,0.24,0.26,181118000,6749879471,0.25
1104,17-Apr-18,0.26,0.27,0.24,0.24,520975008,6319049340,0.25
1105,16-Apr-18,0.22,0.26,0.21,0.26,678780992,6654078945,0.24
1106,15-Apr-18,0.20,0.22,0.20,0.22,169798000,5739994146,0.21
1107,14-Apr-18,0.20,0.21,0.19,0.20,113212000,5207529899,0.2
1108,13-Apr-18,0.21,0.22,0.20,0.20,230412992,5199207309,0.205
1109,12-Apr-18,0.17,0.21,0.16,0.21,488007008,5502579961,0.19
1110,11-Apr-18,0.16,0.17,0.15,0.17,91793296,4304645594,0.165
1111,10-Apr-18,0.15,0.16,0.15,0.16,55981300,4053619697,0.155
1112,9-Apr-18,0.16,0.17,0.15,0.15,93021904,3969590062,0.155
1113,8-Apr-18,0.15,0.16,0.15,0.16,51093100,4060153319,0.155
1114,7-Apr-18,0.14,0.15,0.14,0.15,48205400,3857792534,0.145
1115,6-Apr-18,0.15,0.15,0.14,0.14,51827500,3745191266,0.145
1116,5-Apr-18,0.16,0.16,0.14,0.15,113407000,3856859159,0.155
1117,4-Apr-18,0.17,0.18,0.15,0.16,154800992,4027925971,0.165
1118,3-Apr-18,0.16,0.17,0.16,0.17,155987008,4471045533,0.165
1119,2-Apr-18,0.15,0.16,0.15,0.16,102697000,4054604926,0.155
1120,1-Apr-18,0.16,0.16,0.14,0.15,100833000,3908972571,0.155
1121,31-Mar-18,0.15,0.16,0.14,0.16,113124000,4042522911,0.155
1122,30-Mar-18,0.15,0.15,0.14,0.15,119874000,3816698127,0.15
1123,29-Mar-18,0.16,0.16,0.15,0.15,103465000,3808219975,0.155
1124,28-Mar-18,0.16,0.17,0.15,0.16,60260800,4149835056,0.16
1125,27-Mar-18,0.17,0.17,0.15,0.15,107510000,4016777330,0.16
1126,26-Mar-18,0.18,0.19,0.16,0.17,117497000,4350717999,0.175
1127,25-Mar-18,0.19,0.19,0.18,0.18,59349400,4786266857,0.185
1128,24-Mar-18,0.19,0.20,0.18,0.19,132660000,4905427673,0.19
1129,23-Mar-18,0.20,0.20,0.18,0.19,148850000,4906931443,0.195
1130,22-Mar-18,0.22,0.22,0.19,0.20,201540000,5275666240,0.21
1131,21-Mar-18,0.21,0.23,0.20,0.21,257686000,5527366241,0.21
1132,20-Mar-18,0.19,0.21,0.18,0.20,249683008,5313675326,0.195
1133,19-Mar-18,0.16,0.20,0.16,0.20,321964000,5124433638,0.18
1134,18-Mar-18,0.15,0.16,0.13,0.16,189688992,4048641700,0.155
1135,17-Mar-18,0.18,0.18,0.15,0.15,81096600,4012551218,0.165
1136,16-Mar-18,0.19,0.19,0.18,0.18,97455296,4637782524,0.185
1137,15-Mar-18,0.20,0.20,0.17,0.19,204232992,4814890343,0.195
1138,14-Mar-18,0.22,0.23,0.20,0.20,144156000,5174058051,0.21
1139,13-Mar-18,0.22,0.23,0.22,0.22,98868704,5782410834,0.22
1140,12-Mar-18,0.22,0.24,0.22,0.22,184250000,5800456075,0.22
1141,11-Mar-18,0.21,0.23,0.20,0.22,161362000,5794648411,0.215
1142,10-Mar-18,0.23,0.23,0.21,0.21,129138000,5441392075,0.22
1143,9-Mar-18,0.22,0.23,0.19,0.22,246848992,5761176563,0.22
1144,8-Mar-18,0.25,0.25,0.22,0.22,167808992,5749146402,0.235
1145,7-Mar-18,0.28,0.29,0.24,0.25,190792992,6411271930,0.265
1146,6-Mar-18,0.30,0.30,0.28,0.29,110305000,7398471068,0.295
1147,5-Mar-18,0.30,0.32,0.29,0.30,202675008,7716466588,0.3
1148,4-Mar-18,0.30,0.30,0.29,0.30,94436000,7798525766,0.3
1149,3-Mar-18,0.29,0.31,0.29,0.30,115320000,7703088219,0.295
1150,2-Mar-18,0.30,0.31,0.29,0.29,107240000,7609698911,0.295
1151,1-Mar-18,0.31,0.31,0.29,0.30,184691008,7892122491,0.305
1152,28-Feb-18,0.33,0.34,0.31,0.31,114757000,8104309636,0.32
1153,27-Feb-18,0.34,0.34,0.33,0.34,106757000,8699465540,0.34
1154,26-Feb-18,0.35,0.35,0.32,0.34,201812992,8772035410,0.345
1155,25-Feb-18,0.32,0.35,0.31,0.34,247808000,8919767858,0.33
1156,24-Feb-18,0.34,0.35,0.32,0.32,133524000,8373562263,0.33
1157,23-Feb-18,0.33,0.35,0.32,0.35,222508992,8951528520,0.34
1158,22-Feb-18,0.36,0.37,0.33,0.34,208342000,8760005250,0.35
1159,21-Feb-18,0.38,0.38,0.36,0.36,242378000,9448887514,0.37
1160,20-Feb-18,0.39,0.40,0.38,0.38,281249984,9820629851,0.385
1161,19-Feb-18,0.39,0.40,0.39,0.39,169966000,10149722158,0.39
1162,18-Feb-18,0.42,0.42,0.38,0.39,251314000,9997945087,0.405
1163,17-Feb-18,0.40,0.43,0.40,0.42,341415008,10886336159,0.41
1164,16-Feb-18,0.41,0.41,0.39,0.40,192420000,10469610354,0.405
1165,15-Feb-18,0.39,0.42,0.39,0.41,348342016,10613713012,0.4
1166,14-Feb-18,0.37,0.40,0.37,0.40,299008992,10290661713,0.385
1167,13-Feb-18,0.38,0.39,0.36,0.37,225695008,9678938411,0.375
1168,12-Feb-18,0.37,0.39,0.37,0.38,243039008,9964162114,0.375
1169,11-Feb-18,0.41,0.41,0.36,0.37,331944000,9587026946,0.39
1170,10-Feb-18,0.39,0.46,0.39,0.41,951824000,10523071973,0.4
1171,9-Feb-18,0.35,0.39,0.34,0.39,401271008,10153092677,0.37
1172,8-Feb-18,0.34,0.37,0.34,0.36,346383008,9245178521,0.35
1173,7-Feb-18,0.37,0.38,0.33,0.34,679744000,8826793383,0.355
1174,6-Feb-18,0.33,0.38,0.27,0.37,1338390016,9586612113,0.35
1175,5-Feb-18,0.39,0.40,0.32,0.33,658547968,8487771009,0.36
1176,4-Feb-18,0.43,0.48,0.37,0.38,814753984,9834215636,0.405
1177,3-Feb-18,0.40,0.50,0.33,0.44,1404499968,11377731927,0.42
1178,2-Feb-18,0.42,0.42,0.27,0.39,1438809984,10125402566,0.405
1179,1-Feb-18,0.52,0.54,0.41,0.42,595624000,10932719688,0.47
1180,31-Jan-18,0.53,0.55,0.47,0.52,505904000,13464316636,0.525
1181,30-Jan-18,0.62,0.62,0.52,0.53,359622016,13790945871,0.575
1182,29-Jan-18,0.67,0.67,0.62,0.62,238318000,16157854068,0.645
1183,28-Jan-18,0.62,0.68,0.62,0.67,325145984,17378552403,0.645
1184,27-Jan-18,0.62,0.63,0.60,0.62,331308992,15992672701,0.62
1185,26-Jan-18,0.63,0.65,0.57,0.62,810062016,16162469086,0.625
1186,25-Jan-18,0.63,0.68,0.62,0.64,654814016,16528377833,0.635
1187,24-Jan-18,0.56,0.64,0.54,0.62,689838016,16132030705,0.59
1188,23-Jan-18,0.57,0.59,0.52,0.56,375958016,14598755608,0.565
1189,22-Jan-18,0.62,0.63,0.52,0.57,522984000,14790304805,0.595
1190,21-Jan-18,0.71,0.71,0.59,0.61,847731008,15897520352,0.66
1191,20-Jan-18,0.66,0.73,0.65,0.71,738798976,18343661676,0.685
1192,19-Jan-18,0.65,0.69,0.62,0.65,584574016,16865507531,0.65
1193,18-Jan-18,0.63,0.71,0.59,0.66,1285490048,17107796005,0.645
1194,17-Jan-18,0.62,0.68,0.44,0.63,1713769984,16310771930,0.625
1195,16-Jan-18,0.78,0.78,0.48,0.63,1632649984,16243128203,0.705
1196,15-Jan-18,0.80,0.88,0.78,0.78,972993024,20186480069,0.79
1197,14-Jan-18,0.88,0.88,0.75,0.80,160712000,20800303464,0.84
1198,13-Jan-18,0.92,0.97,0.84,0.88,313215008,22922745312,0.9
1199,12-Jan-18,0.70,0.93,0.66,0.90,365795008,23269753224,0.8
1200,11-Jan-18,0.79,0.79,0.57,0.69,229000992,17848506483,0.74
1201,10-Jan-18,0.82,0.82,0.68,0.79,236472000,20563304112,0.805
1202,9-Jan-18,0.90,0.92,0.80,0.81,209492000,21123899231,0.855
1203,8-Jan-18,1.00,1.00,0.76,0.90,264460992,23308488268,0.95
1204,7-Jan-18,1.02,1.04,0.99,1.01,226067008,26147969179,1.015
1205,6-Jan-18,1.00,1.05,0.93,1.03,297615008,26630990503,1.015
1206,5-Jan-18,1.17,1.25,0.90,1.00,508100000,25915636700,1.085
1207,4-Jan-18,1.09,1.33,1.04,1.11,593430016,28885867828,1.1
1208,3-Jan-18,0.78,1.09,0.78,1.08,657398016,27992420977,0.93
1209,2-Jan-18,0.72,0.79,0.70,0.78,289712000,20290188351,0.75
1210,1-Jan-18,0.72,0.73,0.67,0.73,150186000,18891941437,0.725
1211,31-Dec-17,0.64,0.75,0.64,0.72,305947008,18659583031,0.68
1212,30-Dec-17,0.53,0.78,0.47,0.64,645155968,16573698352,0.585
1213,29-Dec-17,0.41,0.56,0.40,0.53,266403008,13723172509,0.47
1214,28-Dec-17,0.41,0.42,0.37,0.41,82263800,10570492585,0.41
1215,27-Dec-17,0.43,0.43,0.40,0.41,82067504,10738370367,0.42
1216,26-Dec-17,0.41,0.43,0.41,0.43,94896000,11108842278,0.42
1217,25-Dec-17,0.39,0.44,0.36,0.42,122194000,10795072870,0.405
1218,24-Dec-17,0.42,0.42,0.35,0.39,67372304,10112309395,0.405
1219,23-Dec-17,0.41,0.45,0.39,0.41,88865000,10734507234,0.41
1220,22-Dec-17,0.48,0.48,0.29,0.41,150972992,10556206770,0.445
1221,21-Dec-17,0.49,0.52,0.46,0.48,162926000,12389276584,0.485
1222,20-Dec-17,0.53,0.53,0.44,0.49,182924000,12604471269,0.51
1223,19-Dec-17,0.52,0.59,0.50,0.53,279631008,13774352546,0.525
1224,18-Dec-17,0.51,0.53,0.47,0.52,253463008,13435356099,0.515
1225,17-Dec-17,0.39,0.59,0.38,0.51,628142976,13300872384,0.45
1226,16-Dec-17,0.21,0.45,0.20,0.40,581052032,10491777999,0.305
1227,15-Dec-17,0.23,0.23,0.19,0.21,207311008,5534573967,0.22
1228,14-Dec-17,0.13,0.24,0.13,0.24,309307008,6242020013,0.185
1229,13-Dec-17,0.13,0.14,0.12,0.13,61575000,3481512959,0.13
1230,12-Dec-17,0.12,0.14,0.11,0.13,60056800,3471401401,0.125
1231,11-Dec-17,0.11,0.12,0.11,0.12,39513900,3147105603,0.115
1232,10-Dec-17,0.12,0.12,0.10,0.11,46376600,2859263266,0.115
1233,9-Dec-17,0.11,0.14,0.11,0.12,63308600,3101110980,0.115
1234,8-Dec-17,0.11,0.12,0.10,0.12,70092400,2993669200,0.115
1235,7-Dec-17,0.12,0.12,0.11,0.11,71024600,2735331869,0.115
1236,6-Dec-17,0.13,0.13,0.11,0.12,75688800,3055220065,0.125
1237,5-Dec-17,0.14,0.14,0.13,0.13,50381100,3305390369,0.135
1238,4-Dec-17,0.13,0.15,0.13,0.14,76392704,3522711074,0.135
1239,3-Dec-17,0.13,0.14,0.12,0.13,46458900,3417369386,0.13
1240,2-Dec-17,0.13,0.14,0.13,0.13,56712600,3431473713,0.13
1241,1-Dec-17,0.12,0.13,0.11,0.13,73657600,3405572569,0.125
1242,30-Nov-17,0.09,0.13,0.09,0.12,124345000,3108214997,0.105
1243,29-Nov-17,0.12,0.15,0.08,0.09,210624992,2326119729,0.105
1244,28-Nov-17,0.05,0.13,0.05,0.12,240338000,3104611135,0.085
1245,27-Nov-17,0.04,0.06,0.04,0.05,77777296,1311728280,0.045
1246,26-Nov-17,0.03,0.04,0.03,0.04,30527100,941982327,0.035
1247,25-Nov-17,0.03,0.03,0.03,0.03,6156460,789409295,0.03
1248,24-Nov-17,0.03,0.03,0.03,0.03,5502350,735856931,0.03
1249,23-Nov-17,0.03,0.03,0.03,0.03,5132300,711539931,0.03
1250,22-Nov-17,0.03,0.03,0.03,0.03,4938480,740197122,0.03
1251,21-Nov-17,0.03,0.03,0.03,0.03,5836790,734526872,0.03
1252,20-Nov-17,0.03,0.03,0.03,0.03,16172400,766956452,0.03
1253,19-Nov-17,0.03,0.03,0.03,0.03,4725050,728148813,0.03
1254,18-Nov-17,0.03,0.03,0.02,0.03,2930550,683673516,0.03
1255,17-Nov-17,0.03,0.03,0.03,0.03,3578870,668205425,0.03
1256,16-Nov-17,0.03,0.03,0.03,0.03,4888130,715068605,0.03
1257,15-Nov-17,0.03,0.03,0.03,0.03,6858800,685631010,0.03
1258,14-Nov-17,0.03,0.03,0.03,0.03,3033290,680069653,0.03
1259,13-Nov-17,0.02,0.03,0.02,0.03,4419440,669115466,0.025
1260,12-Nov-17,0.03,0.03,0.02,0.02,7280250,621653370,0.025
1261,11-Nov-17,0.03,0.03,0.03,0.03,5532220,711363627,0.03
1262,10-Nov-17,0.03,0.03,0.03,0.03,6766780,703121411,0.03
1263,9-Nov-17,0.03,0.04,0.03,0.03,18716200,831037799,0.03
1264,8-Nov-17,0.02,0.03,0.02,0.03,6367000,652999199,0.025
1265,7-Nov-17,0.02,0.02,0.02,0.02,2539540,575443552,0.02
1266,6-Nov-17,0.02,0.02,0.02,0.02,4591160,567310230,0.02
1267,5-Nov-17,0.02,0.02,0.02,0.02,2396230,535005101,0.02
1268,4-Nov-17,0.02,0.02,0.02,0.02,2626920,570968540,0.02
1269,3-Nov-17,0.02,0.02,0.02,0.02,2836080,586680345,0.02
1270,2-Nov-17,0.02,0.02,0.02,0.02,6165050,552399572,0.02
1271,1-Nov-17,0.03,0.03,0.02,0.02,9382780,595964829,0.025
1272,31-Oct-17,0.03,0.03,0.03,0.03,7304450,789155210,0.03
1273,30-Oct-17,0.03,0.03,0.03,0.03,3781270,741070864,0.03
1274,29-Oct-17,0.03,0.03,0.03,0.03,4746180,741693114,0.03
1275,28-Oct-17,0.03,0.03,0.03,0.03,1739460,670632199,0.03
1276,27-Oct-17,0.03,0.03,0.03,0.03,2511440,684002790,0.03
1277,26-Oct-17,0.03,0.03,0.03,0.03,2437710,703448092,0.03
1278,25-Oct-17,0.03,0.03,0.03,0.03,2561430,713707434,0.03
1279,24-Oct-17,0.03,0.03,0.02,0.03,7589560,705027051,0.03
1280,23-Oct-17,0.03,0.03,0.02,0.03,3517050,659937283,0.03
1281,22-Oct-17,0.03,0.03,0.03,0.03,2930210,718926554,0.03
1282,21-Oct-17,0.03,0.03,0.03,0.03,5344520,737267363,0.03
1283,20-Oct-17,0.03,0.03,0.03,0.03,8716410,794140985,0.03
1284,19-Oct-17,0.03,0.03,0.03,0.03,2897720,700857978,0.03
1285,18-Oct-17,0.03,0.03,0.02,0.03,2336180,692011662,0.03
1286,17-Oct-17,0.03,0.03,0.03,0.03,7039900,705670042,0.03
1287,16-Oct-17,0.03,0.03,0.03,0.03,6196030,750542023,0.03
1288,15-Oct-17,0.03,0.03,0.03,0.03,7104990,779072172,0.03
1289,14-Oct-17,0.03,0.04,0.03,0.03,27853200,841719752,0.03
1290,13-Oct-17,0.03,0.03,0.03,0.03,15613600,872212580,0.03
1291,12-Oct-17,0.02,0.03,0.02,0.03,8680640,680640048,0.025
1292,11-Oct-17,0.02,0.02,0.02,0.02,3606720,583864665,0.02
1293,10-Oct-17,0.02,0.02,0.02,0.02,2725600,558243534,0.02
1294,9-Oct-17,0.02,0.02,0.02,0.02,4663310,573343460,0.02
1295,8-Oct-17,0.02,0.02,0.02,0.02,7727460,530913809,0.02
1296,7-Oct-17,0.02,0.02,0.02,0.02,7411240,542936191,0.02
1297,6-Oct-17,0.02,0.02,0.02,0.02,7780710,480664553,0.02
1298,5-Oct-17,0.02,0.02,0.02,0.02,5562510,557139041,0.02
1299,4-Oct-17,0.02,0.02,0.02,0.02,9000050,568619548,0.02
1300,3-Oct-17,0.03,0.03,0.02,0.02,16997800,539692715,0.025
1301,2-Oct-17,0.02,0.03,0.02,0.03,57641300,628899052,0.025
