date, value
4/28/2008,892.25
4/29/2008,886
4/30/2008,867.75
5/1/2008,863.5
5/2/2008,854.25
5/6/2008,878
5/7/2008,874
5/8/2008,872.25
5/9/2008,887.25
5/12/2008,882.5
5/13/2008,877
5/14/2008,863
5/15/2008,866.25
5/16/2008,885
5/19/2008,908.75
5/20/2008,907
5/21/2008,925
5/22/2008,928.25
5/23/2008,922.25
5/27/2008,923.75
5/28/2008,892
5/29/2008,893
5/30/2008,879.5
6/2/2008,891.25
6/3/2008,895.5
6/4/2008,877.25
6/5/2008,873
6/6/2008,883.5
6/9/2008,904.25
6/10/2008,884.5
6/11/2008,874.25
6/12/2008,871.25
6/13/2008,864
6/16/2008,872
6/17/2008,883
6/18/2008,884
6/19/2008,893.25
6/20/2008,900
6/23/2008,905.25
6/24/2008,888.5
6/25/2008,887.25
6/26/2008,892.5
6/27/2008,923
6/30/2008,932.75
7/1/2008,929.5
7/2/2008,936
7/3/2008,939.75
7/4/2008,930.75
7/7/2008,921
7/8/2008,929.25
7/9/2008,923.25
7/10/2008,930.75
7/11/2008,949
7/14/2008,957.75
7/15/2008,981.75
7/16/2008,974
7/17/2008,964.5
7/18/2008,961.5
7/21/2008,966.25
7/22/2008,973
7/23/2008,934.75
7/24/2008,927.75
7/25/2008,932.25
7/28/2008,929.25
7/29/2008,928.75
7/30/2008,914.1
7/31/2008,912
8/1/2008,909.5
8/4/2008,910
8/5/2008,884
8/6/2008,884.75
8/7/2008,882.5
8/8/2008,864.5
8/11/2008,863.75
8/12/2008,808.75
8/13/2008,824
8/14/2008,833.25
8/15/2008,784.75
8/18/2008,797.5
8/19/2008,791
8/20/2008,806.75
8/21/2008,821
8/22/2008,830
8/26/2008,809.75
8/27/2008,833.5
8/28/2008,832
8/29/2008,836.5
9/1/2008,832
9/2/2008,802.5
9/3/2008,794.5
9/4/2008,810.5
9/5/2008,796.25
9/8/2008,806.5
9/9/2008,799.75
9/10/2008,774.25
9/11/2008,742.75
9/12/2008,757.5
9/15/2008,779.25
9/16/2008,779.75
9/17/2008,785.5
9/18/2008,864.25
9/19/2008,837.5
9/22/2008,873
9/23/2008,892.5
9/24/2008,888.5
9/25/2008,889
9/26/2008,869
9/29/2008,876.5
9/30/2008,897
10/1/2008,876
10/2/2008,866.25
10/3/2008,842.5
10/6/2008,836.5
10/7/2008,881.75
10/8/2008,913
10/9/2008,886.75
10/10/2008,918
10/13/2008,865
10/14/2008,849.5
10/15/2008,848.5
10/16/2008,834.5
10/17/2008,801
10/20/2008,803
10/21/2008,781
10/22/2008,757.5
10/23/2008,726
10/24/2008,692.5
10/27/2008,720.5
10/28/2008,745
10/29/2008,749.25
10/30/2008,772.25
10/31/2008,728.5
11/3/2008,734
11/4/2008,734
11/5/2008,753.25
11/6/2008,739
11/7/2008,742
11/10/2008,751.75
11/11/2008,741.75
11/12/2008,731.5
11/13/2008,714
11/14/2008,729.5
11/17/2008,745
11/18/2008,736.5
11/19/2008,737.75
11/20/2008,745.25
11/21/2008,758.5
11/24/2008,816.75
11/25/2008,802.5
11/26/2008,817
11/27/2008,813.5
11/28/2008,813.5
12/1/2008,795.5
12/2/2008,772.5
12/3/2008,773.5
12/4/2008,772.75
12/5/2008,771.75
12/8/2008,772.25
12/9/2008,771
12/10/2008,785.75
12/11/2008,821
12/12/2008,813.75
12/15/2008,827.5
12/16/2008,833.5
12/17/2008,853.75
12/18/2008,872.5
12/19/2008,839
12/22/2008,846
12/23/2008,844
12/24/2008,836.75
12/29/2008,881
12/30/2008,870
12/31/2008,865
1/2/2009,869.75
1/5/2009,860
1/6/2009,844
1/7/2009,864
1/8/2009,842.5
1/9/2009,854
1/12/2009,848.5
1/13/2009,815.5
1/14/2009,827.25
1/15/2009,813
1/16/2009,824.25
1/19/2009,842.5
1/20/2009,835
1/21/2009,860.5
1/22/2009,847.75
1/23/2009,873
1/26/2009,906.5
1/27/2009,896
1/28/2009,891.25
1/29/2009,878.5
1/30/2009,918.5
2/2/2009,913.75
2/3/2009,902
2/4/2009,902.25
2/5/2009,914.75
2/6/2009,914
2/9/2009,901
2/10/2009,896
2/11/2009,922
2/12/2009,944
2/13/2009,939.25
2/16/2009,943
2/17/2009,962.25
2/18/2009,964.75
2/19/2009,973.5
2/20/2009,981
2/23/2009,987
2/24/2009,989.75
2/25/2009,956.25
2/26/2009,945
2/27/2009,943.75
3/2/2009,949.5
3/3/2009,924.75
3/4/2009,911
3/5/2009,913.25
3/6/2009,937.75
3/9/2009,934.75
3/10/2009,911.5
3/11/2009,900
3/12/2009,914.5
3/13/2009,920
3/16/2009,923
3/17/2009,920
3/18/2009,910.75
3/19/2009,937.25
3/20/2009,957
3/23/2009,952.75
3/24/2009,928.75
3/25/2009,921.25
3/26/2009,935.5
3/27/2009,927
3/30/2009,923
3/31/2009,918.5
4/1/2009,919.5
4/2/2009,914.75
4/3/2009,901.5
4/6/2009,879.5
4/7/2009,879.25
4/8/2009,887.25
4/9/2009,883.75
4/14/2009,895
4/15/2009,892.25
4/16/2009,889
4/17/2009,872
4/20/2009,870
4/21/2009,888.75
4/22/2009,885
4/23/2009,894.5
4/24/2009,909
4/27/2009,911.75
4/28/2009,897
4/29/2009,894.5
4/30/2009,889
5/1/2009,881.5
5/5/2009,903
5/6/2009,903.5
5/7/2009,912.75
5/8/2009,917.5
5/11/2009,912.5
5/12/2009,920
5/13/2009,925.75
5/14/2009,923.25
5/15/2009,925
5/18/2009,929.75
5/19/2009,921.5
5/20/2009,928.5
5/21/2009,940
5/22/2009,952.5
5/26/2009,942
5/27/2009,949.5
5/28/2009,949.75
5/29/2009,972
6/1/2009,987
6/2/2009,973.5
6/3/2009,979
6/4/2009,967.25
6/5/2009,977.75
6/8/2009,946.5
6/9/2009,952.5
6/10/2009,961.25
6/11/2009,953
6/12/2009,950
6/15/2009,932
6/16/2009,936.75
6/17/2009,933.75
6/18/2009,936.75
6/19/2009,933.75
6/22/2009,924
6/23/2009,920.25
6/24/2009,928.75
6/25/2009,934.25
6/26/2009,943
6/29/2009,939.75
6/30/2009,941
7/1/2009,931.5
7/2/2009,936
7/3/2009,932.5
7/6/2009,921.5
7/7/2009,925.75
7/8/2009,920.75
7/9/2009,914.75
7/10/2009,910
7/13/2009,908.5
7/14/2009,921.75
7/15/2009,930
7/16/2009,935.25
7/17/2009,934.5
7/20/2009,952.25
7/21/2009,947.75
7/22/2009,945.5
7/23/2009,955.25
7/24/2009,949.75
7/27/2009,956
7/28/2009,955
7/29/2009,935.5
7/30/2009,932
7/31/2009,936.5
8/3/2009,954.25
8/4/2009,953.5
8/5/2009,964.5
8/6/2009,960.75
8/7/2009,960.5
8/10/2009,953.5
8/11/2009,946
8/12/2009,943.5
8/13/2009,956
8/14/2009,957.5
8/17/2009,937.5
8/18/2009,938.25
8/19/2009,934.25
8/20/2009,943.5
8/21/2009,941.5
8/24/2009,953.75
8/25/2009,947.5
8/26/2009,949.5
8/27/2009,943.5
8/28/2009,950.75
9/1/2009,949.75
9/2/2009,955
9/3/2009,982.5
9/4/2009,987.25
9/7/2009,992.75
9/8/2009,1004.5
9/9/2009,995.75
9/10/2009,988.5
9/11/2009,998.25
9/14/2009,994.25
9/15/2009,997.5
9/16/2009,1017
9/17/2009,1020.5
9/18/2009,1014
9/21/2009,999.25
9/22/2009,1015.75
9/23/2009,1014.75
9/24/2009,1014
9/25/2009,997
9/28/2009,990.5
9/29/2009,991.75
9/30/2009,1001.25
10/1/2009,1005.75
10/2/2009,998
10/5/2009,1004.25
10/6/2009,1020.25
10/7/2009,1047
10/8/2009,1054.75
10/9/2009,1046.75
10/12/2009,1052
10/13/2009,1064.5
10/14/2009,1066
10/15/2009,1052.5
10/16/2009,1047.75
10/19/2009,1054.5
10/20/2009,1064
10/21/2009,1053.5
10/22/2009,1054.75
10/23/2009,1061.25
10/26/2009,1055
10/27/2009,1040.75
10/28/2009,1035.5
10/29/2009,1034
10/30/2009,1044.5
11/2/2009,1052
11/3/2009,1058
11/4/2009,1091.75
11/5/2009,1088
11/6/2009,1095
11/9/2009,1108.5
11/10/2009,1099.75
11/11/2009,1114.75
11/12/2009,1116
11/13/2009,1107.5
11/16/2009,1128.75
11/17/2009,1131.75
11/18/2009,1146
11/19/2009,1136
11/20/2009,1142.5
11/23/2009,1166
11/24/2009,1170.25
11/25/2009,1176.5
11/26/2009,1183
11/27/2009,1164.5
11/30/2009,1172
12/1/2009,1193.5
12/2/2009,1211.5
12/3/2009,1218.25
12/4/2009,1203.25
12/7/2009,1147.5
12/8/2009,1164.25
12/9/2009,1142.25
12/10/2009,1125.75
12/11/2009,1140
12/14/2009,1120
12/15/2009,1115
12/16/2009,1134
12/17/2009,1121.5
12/18/2009,1106.5
12/21/2009,1113.25
12/22/2009,1094.25
12/23/2009,1080.5
12/24/2009,1104.5
12/29/2009,1103
12/30/2009,1092.5
12/31/2009,1104
1/4/2010,1113
1/5/2010,1125.25
1/6/2010,1125
1/7/2010,1130.75
1/8/2010,1121.75
1/11/2010,1158
1/12/2010,1152.75
1/13/2010,1132.75
1/14/2010,1137.5
1/15/2010,1132
1/18/2010,1135.75
1/19/2010,1134
1/20/2010,1129
1/21/2010,1104
1/22/2010,1096.5
1/25/2010,1103.5
1/26/2010,1090.75
1/27/2010,1094.75
1/28/2010,1091.75
1/29/2010,1082.75
2/1/2010,1082
2/2/2010,1114
2/3/2010,1118.5
2/4/2010,1102.5
2/5/2010,1052.25
2/8/2010,1070
2/9/2010,1068
2/10/2010,1075.5
2/11/2010,1079.5
2/12/2010,1078.25
2/15/2010,1099.5
2/16/2010,1115.25
2/17/2010,1118.25
2/18/2010,1105.5
2/19/2010,1107
2/22/2010,1119.75
2/23/2010,1112
2/24/2010,1093
2/25/2010,1092.75
2/26/2010,1112.5
3/1/2010,1117.25
3/2/2010,1116
3/3/2010,1136.25
3/4/2010,1136.25
3/5/2010,1135
3/8/2010,1134
3/9/2010,1120
3/10/2010,1124.5
3/11/2010,1106
3/12/2010,1118.75
3/15/2010,1104
3/16/2010,1113.25
3/17/2010,1131.25
3/18/2010,1122.75
3/19/2010,1121.5
3/22/2010,1104.25
3/23/2010,1100.75
3/24/2010,1094
3/25/2010,1093.5
3/26/2010,1098
3/29/2010,1111.25
3/30/2010,1109.75
3/31/2010,1109.5
4/1/2010,1116
4/6/2010,1124
4/7/2010,1133.25
4/8/2010,1146.5
4/9/2010,1156
4/12/2010,1163.5
4/13/2010,1149.25
4/14/2010,1159
4/15/2010,1151.25
4/16/2010,1157
4/19/2010,1127.5
4/20/2010,1142.5
4/21/2010,1143.75
4/22/2010,1144.25
4/23/2010,1140
4/26/2010,1154
4/27/2010,1152.25
4/28/2010,1164.25
4/29/2010,1170
4/30/2010,1175.25
5/4/2010,1184.25
5/5/2010,1172
5/6/2010,1178
5/7/2010,1199.6
5/10/2010,1188.25
5/11/2010,1209
5/12/2010,1241.25
5/13/2010,1235
5/14/2010,1238.75
5/17/2010,1230.25
5/18/2010,1215
5/19/2010,1209.5
5/20/2010,1187.25
5/21/2010,1183.5
5/24/2010,1183.75
5/25/2010,1189.5
5/26/2010,1212.5
5/27/2010,1210.75
5/28/2010,1214
6/1/2010,1219.75
6/2/2010,1221
6/3/2010,1219.75
6/4/2010,1203.5
6/7/2010,1212.4
6/8/2010,1248
6/9/2010,1235
6/10/2010,1220
6/11/2010,1220.5
6/14/2010,1229.5
6/15/2010,1223
6/16/2010,1235.5
6/17/2010,1234.5
6/18/2010,1244
6/21/2010,1259.5
6/22/2010,1235.25
6/23/2010,1243
6/24/2010,1233.25
6/25/2010,1242.5
6/28/2010,1256
6/29/2010,1236
6/30/2010,1240.5
7/1/2010,1240
7/2/2010,1210.5
7/5/2010,1208.5
7/6/2010,1210.75
7/7/2010,1186
7/8/2010,1201.25
7/9/2010,1196.25
7/12/2010,1203.75
7/13/2010,1206.5
7/14/2010,1212.25
7/15/2010,1211.75
7/16/2010,1204.75
7/19/2010,1190.25
7/20/2010,1181.5
7/21/2010,1191.25
7/22/2010,1187
7/23/2010,1198.75
7/26/2010,1189
7/27/2010,1184
7/28/2010,1164
7/29/2010,1166
7/30/2010,1168
8/2/2010,1178
8/3/2010,1184
8/4/2010,1194.5
8/5/2010,1195.5
8/6/2010,1194.5
8/9/2010,1206
8/10/2010,1196.75
8/11/2010,1198
8/12/2010,1200
8/13/2010,1215
8/16/2010,1222
8/17/2010,1226.25
8/18/2010,1223
8/19/2010,1228
8/20/2010,1230.5
8/23/2010,1227
8/24/2010,1218
8/25/2010,1237.5
8/26/2010,1240.25
8/27/2010,1234.5
8/31/2010,1233.5
9/1/2010,1250
9/2/2010,1247.75
9/3/2010,1252
9/6/2010,1249.5
9/7/2010,1247.25
9/8/2010,1258
9/9/2010,1253.5
9/10/2010,1248.75
9/13/2010,1243
9/14/2010,1253.25
9/15/2010,1270.4
9/16/2010,1271.25
9/17/2010,1281.5
9/20/2010,1280.25
9/21/2010,1278.75
9/22/2010,1291.75
9/23/2010,1291.5
9/24/2010,1298
9/27/2010,1298.25
9/28/2010,1289
9/29/2010,1307.5
9/30/2010,1311
10/1/2010,1313
10/4/2010,1316
10/5/2010,1325.75
10/6/2010,1347
10/7/2010,1359.5
10/8/2010,1330.5
10/11/2010,1348.5
10/12/2010,1343.5
10/13/2010,1358.5
10/14/2010,1380.75
10/15/2010,1377.25
10/18/2010,1359.75
10/19/2010,1367.75
10/20/2010,1340.5
10/21/2010,1345.25
10/22/2010,1319
10/25/2010,1345
10/26/2010,1334
10/27/2010,1332.25
10/28/2010,1326.5
10/29/2010,1336.75
11/1/2010,1361.5
11/2/2010,1358
11/3/2010,1358.5
11/4/2010,1361
11/5/2010,1384.25
11/8/2010,1390
11/9/2010,1416.25
11/10/2010,1402
11/11/2010,1413
11/12/2010,1387
11/15/2010,1367
11/16/2010,1363.25
11/17/2010,1336.5
11/18/2010,1356.75
11/19/2010,1357.5
11/22/2010,1357.5
11/23/2010,1361
11/24/2010,1376.25
11/25/2010,1370.5
11/26/2010,1366.5
11/29/2010,1360
11/30/2010,1375
12/1/2010,1391.5
12/2/2010,1390
12/3/2010,1391.75
12/6/2010,1411.5
12/7/2010,1426
12/8/2010,1395
12/9/2010,1382
12/10/2010,1390
12/13/2010,1388.25
12/14/2010,1405
12/15/2010,1388.25
12/16/2010,1384
12/17/2010,1374.75
12/20/2010,1381
12/21/2010,1386
12/22/2010,1389
12/23/2010,1384
12/24/2010,1380.5
12/29/2010,1403.5
12/30/2010,1411.5
12/31/2010,1410.25
1/4/2011,1405.5
1/5/2011,1382.75
1/6/2011,1376
1/7/2011,1358
1/10/2011,1368.25
1/11/2011,1381
1/12/2011,1383.5
1/13/2011,1380.75
1/14/2011,1369.25
1/17/2011,1357.5
1/18/2011,1368.75
1/19/2011,1373.75
1/20/2011,1364.5
1/21/2011,1344
1/24/2011,1347.5
1/25/2011,1326
1/26/2011,1335.5
1/27/2011,1337.5
1/28/2011,1316
1/31/2011,1333.5
2/1/2011,1337.5
2/2/2011,1337
2/3/2011,1332.5
2/4/2011,1347.5
2/7/2011,1347
2/8/2011,1354
2/9/2011,1362.5
2/10/2011,1358.75
2/11/2011,1359
2/14/2011,1356.75
2/15/2011,1372.25
2/16/2011,1374.5
2/17/2011,1377
2/18/2011,1385.5
2/21/2011,1399.5
2/22/2011,1394.5
2/23/2011,1401.25
2/24/2011,1414.5
2/25/2011,1405
2/28/2011,1409.75
3/1/2011,1414.5
3/2/2011,1430.5
3/3/2011,1430.5
3/4/2011,1418
3/7/2011,1437
3/8/2011,1435
3/9/2011,1431.5
3/10/2011,1424.25
3/11/2011,1409.75
3/14/2011,1424.5
3/15/2011,1407
3/16/2011,1398.5
3/17/2011,1403.5
3/18/2011,1415.5
3/21/2011,1427.75
3/22/2011,1425.5
3/23/2011,1433
3/24/2011,1441.25
3/25/2011,1434
3/28/2011,1420
3/29/2011,1414
3/30/2011,1419
3/31/2011,1431
4/1/2011,1434.5
4/4/2011,1432.5
4/5/2011,1434.5
4/6/2011,1457
4/7/2011,1456.5
4/8/2011,1470.5
4/11/2011,1469.5
4/12/2011,1461.25
4/13/2011,1458
4/14/2011,1457.5
4/15/2011,1472.5
4/18/2011,1484.5
4/19/2011,1495
4/20/2011,1505
4/21/2011,1507
4/26/2011,1505
4/27/2011,1508
4/28/2011,1531
5/3/2011,1546.5
5/4/2011,1536
5/5/2011,1514.5
5/6/2011,1487.75
5/9/2011,1505
5/10/2011,1517.25
5/11/2011,1524.5
5/12/2011,1488.25
5/13/2011,1511
5/16/2011,1495
5/17/2011,1495.5
5/18/2011,1491.25
5/19/2011,1488.75
5/20/2011,1502.75
5/23/2011,1508.5
5/24/2011,1520.75
5/25/2011,1527
5/26/2011,1521.5
5/27/2011,1525
5/31/2011,1537
6/1/2011,1532.25
6/2/2011,1540.75
6/3/2011,1531
6/6/2011,1542.75
6/7/2011,1548.4
6/8/2011,1535.5
6/9/2011,1534
6/10/2011,1541
6/13/2011,1524.7
6/14/2011,1519
6/15/2011,1517.75
6/16/2011,1525
6/17/2011,1526.25
6/20/2011,1537
6/21/2011,1543
6/22/2011,1546
6/23/2011,1541.5
6/24/2011,1521
6/27/2011,1501
6/28/2011,1502.5
6/29/2011,1506
6/30/2011,1508
7/1/2011,1492.75
7/4/2011,1495.25
7/5/2011,1498.75
7/6/2011,1515.8
7/7/2011,1526.25
7/8/2011,1526
7/11/2011,1543.5
7/12/2011,1544.5
7/13/2011,1571.5
7/14/2011,1592.5
7/15/2011,1578.5
7/18/2011,1598.25
7/19/2011,1602
7/20/2011,1584.25
7/21/2011,1600.5
7/22/2011,1588
7/25/2011,1618.5
7/26/2011,1610
7/27/2011,1621
7/28/2011,1617.5
7/29/2011,1613.75
8/1/2011,1613.5
8/2/2011,1624
8/3/2011,1667.5
8/4/2011,1664.25
8/5/2011,1665
8/8/2011,1709.75
8/9/2011,1770
8/10/2011,1753.75
8/11/2011,1786
8/12/2011,1755
8/15/2011,1738
8/16/2011,1779
8/17/2011,1792
8/18/2011,1794.5
8/19/2011,1862
8/22/2011,1877.75
8/23/2011,1886.5
8/24/2011,1850
8/25/2011,1716.5
8/26/2011,1787
8/30/2011,1791
8/31/2011,1826
9/1/2011,1815.5
9/2/2011,1854
9/5/2011,1896.5
9/6/2011,1891
9/7/2011,1844
9/8/2011,1827
9/9/2011,1879.5
9/12/2011,1843
9/13/2011,1806
9/14/2011,1829
9/15/2011,1806
9/16/2011,1778
9/19/2011,1817
9/20/2011,1792
9/21/2011,1810.25
9/22/2011,1765.5
9/23/2011,1730
9/26/2011,1615
9/27/2011,1671
9/28/2011,1655
9/29/2011,1620
9/30/2011,1629
10/3/2011,1660
10/4/2011,1672
10/5/2011,1600
10/6/2011,1649.5
10/7/2011,1651
10/10/2011,1664
10/11/2011,1662
10/12/2011,1687
10/13/2011,1673
10/14/2011,1676
10/17/2011,1689
10/18/2011,1658
10/19/2011,1651
10/20/2011,1629
10/21/2011,1623
10/24/2011,1651
10/25/2011,1656.25
10/26/2011,1713
10/27/2011,1708
10/28/2011,1735
10/31/2011,1718
11/1/2011,1702
11/2/2011,1731
11/3/2011,1732.5
11/4/2011,1756
11/7/2011,1764
11/8/2011,1794
11/9/2011,1780
11/10/2011,1766
11/11/2011,1764
11/14/2011,1780.5
11/15/2011,1765
11/16/2011,1773
11/17/2011,1756
11/18/2011,1730
11/21/2011,1704
11/22/2011,1697.5
11/23/2011,1686
11/24/2011,1699
11/25/2011,1676
11/28/2011,1714
11/29/2011,1717
11/30/2011,1704
12/1/2011,1750
12/2/2011,1751
12/5/2011,1744
12/6/2011,1720
12/7/2011,1731
12/8/2011,1739
12/9/2011,1712
12/12/2011,1680
12/13/2011,1665
12/14/2011,1635
12/15/2011,1590
12/16/2011,1589.5
12/19/2011,1593
12/20/2011,1605
12/21/2011,1637.5
12/22/2011,1609
12/23/2011,1607.5
12/28/2011,1584
12/29/2011,1537.5
12/30/2011,1574.5
1/3/2012,1590
1/4/2012,1603
1/5/2012,1614.5
1/6/2012,1621
1/9/2012,1618
1/10/2012,1627
1/11/2012,1641
1/12/2012,1652.5
1/13/2012,1642
1/16/2012,1643.5
1/17/2012,1662
1/18/2012,1657
1/19/2012,1664
1/20/2012,1646
1/23/2012,1675
1/24/2012,1669
1/25/2012,1659
1/26/2012,1713
1/27/2012,1722
1/30/2012,1720.5
1/31/2012,1738
2/1/2012,1744
2/2/2012,1747.5
2/3/2012,1759.5
2/6/2012,1717
2/7/2012,1720
2/8/2012,1743
2/9/2012,1733
2/10/2012,1715.5
2/13/2012,1727
2/14/2012,1721
2/15/2012,1725.5
2/16/2012,1716
2/17/2012,1732
2/20/2012,1729.5
2/21/2012,1737
2/22/2012,1754.75
2/23/2012,1776.5
2/24/2012,1778.5
2/27/2012,1765
2/28/2012,1774.75
2/29/2012,1788
3/1/2012,1721
3/2/2012,1714.5
3/5/2012,1698
3/6/2012,1685.5
3/7/2012,1682.5
3/8/2012,1701.5
3/9/2012,1699.5
3/12/2012,1705.25
3/13/2012,1694.75
3/14/2012,1662
3/15/2012,1646.75
3/16/2012,1649
3/19/2012,1654
3/20/2012,1648.5
3/21/2012,1656
3/22/2012,1636
3/23/2012,1651
3/26/2012,1658
3/27/2012,1694
3/28/2012,1677
3/29/2012,1655.75
3/30/2012,1660.75
4/2/2012,1664
4/3/2012,1674.75
4/4/2012,1631.75
4/5/2012,1622.5
4/10/2012,1643.75
4/11/2012,1654
4/12/2012,1655.5
4/13/2012,1670.5
4/16/2012,1648.25
4/17/2012,1652
4/18/2012,1646.5
4/19/2012,1642
4/20/2012,1640
4/23/2012,1632
4/24/2012,1638.75
4/25/2012,1641.25
4/26/2012,1648.25
4/27/2012,1654
4/30/2012,1662.5
5/1/2012,1661.25
5/2/2012,1652.5
5/3/2012,1642.5
5/4/2012,1629.5
5/8/2012,1627
5/9/2012,1585.5
5/10/2012,1590
5/11/2012,1580.75
5/14/2012,1563
5/15/2012,1559
5/16/2012,1537.5
5/17/2012,1547
5/18/2012,1588
5/21/2012,1590.25
5/22/2012,1575.75
5/23/2012,1555
5/24/2012,1558.5
5/25/2012,1560.5
5/28/2012,1579
5/29/2012,1573.75
5/30/2012,1548.75
5/31/2012,1567.5
6/1/2012,1552.5
6/6/2012,1633.25
6/7/2012,1620.75
6/8/2012,1576
6/11/2012,1593
6/12/2012,1589.25
6/13/2012,1612.75
6/14/2012,1619
6/15/2012,1622.25
6/18/2012,1623.5
6/19/2012,1628.5
6/20/2012,1618.75
6/21/2012,1600
6/22/2012,1570.5
6/25/2012,1569
6/26/2012,1583.25
6/27/2012,1567.5
6/28/2012,1567.75
6/29/2012,1569.5
7/2/2012,1596.25
7/3/2012,1608.5
7/4/2012,1617
7/5/2012,1616.75
7/6/2012,1591.75
7/9/2012,1581
7/10/2012,1594.5
7/11/2012,1576.5
7/12/2012,1565.5
7/13/2012,1579
7/16/2012,1584
7/17/2012,1595
7/18/2012,1579.5
7/19/2012,1580
7/20/2012,1583
7/23/2012,1571.5
7/24/2012,1573
7/25/2012,1587.5
7/26/2012,1603
7/27/2012,1618.75
7/30/2012,1616.5
7/31/2012,1622.75
8/1/2012,1614.75
8/2/2012,1604.5
8/3/2012,1595
8/6/2012,1606.75
8/7/2012,1613
8/8/2012,1607
8/9/2012,1612.75
8/10/2012,1608.5
8/13/2012,1622.25
8/14/2012,1614.5
8/15/2012,1594.75
8/16/2012,1603.5
8/17/2012,1616.5
8/20/2012,1615.25
8/21/2012,1624
8/22/2012,1640.5
8/23/2012,1662.5
8/24/2012,1666.5
8/28/2012,1663.5
8/29/2012,1664.25
8/30/2012,1657
8/31/2012,1657.75
9/3/2012,1686
9/4/2012,1691.5
9/5/2012,1689.5
9/6/2012,1708.5
9/7/2012,1696
9/10/2012,1732.75
9/11/2012,1731
9/12/2012,1742.75
9/13/2012,1730.5
9/14/2012,1772.5
9/17/2012,1767.25
9/18/2012,1756.75
9/19/2012,1774.5
9/20/2012,1760
9/21/2012,1773.75
9/24/2012,1758.5
9/25/2012,1766.75
9/26/2012,1763.75
9/27/2012,1755.25
9/28/2012,1781
10/1/2012,1770.5
10/2/2012,1778.5
10/3/2012,1777.25
10/4/2012,1786.5
10/5/2012,1790
10/8/2012,1769
10/9/2012,1770.75
10/10/2012,1763
10/11/2012,1767.25
10/12/2012,1767
10/15/2012,1747.25
10/16/2012,1737.5
10/17/2012,1747.75
10/18/2012,1748
10/19/2012,1732.75
10/22/2012,1725
10/23/2012,1717
10/24/2012,1708.5
10/25/2012,1715
10/26/2012,1704
10/29/2012,1712
10/30/2012,1713.5
10/31/2012,1718
11/1/2012,1723.25
11/2/2012,1708.25
11/5/2012,1679
11/6/2012,1691.75
11/7/2012,1730.5
11/8/2012,1715
11/9/2012,1732.75
11/12/2012,1735.75
11/13/2012,1724.75
11/14/2012,1724.5
11/15/2012,1723.5
11/16/2012,1710
11/19/2012,1723.25
11/20/2012,1734
11/21/2012,1726.75
11/22/2012,1729.75
11/23/2012,1734.75
11/26/2012,1747.25
11/27/2012,1747.25
11/28/2012,1741
11/29/2012,1724.5
11/30/2012,1728.25
12/3/2012,1718
12/4/2012,1706.75
12/5/2012,1703
12/6/2012,1693
12/7/2012,1697
12/10/2012,1708.5
12/11/2012,1709.75
12/12/2012,1712.5
12/13/2012,1694.75
12/14/2012,1696.5
12/17/2012,1690
12/18/2012,1699.5
12/19/2012,1674.5
12/20/2012,1667
12/21/2012,1648.25
12/24/2012,1662.5
12/27/2012,1655.25
12/28/2012,1658.75
12/31/2012,1664
1/2/2013,1681.5
1/3/2013,1684.5
1/4/2013,1632.25
1/7/2013,1653.75
1/8/2013,1653.75
1/9/2013,1663.5
1/10/2013,1663
1/11/2013,1669.5
1/14/2013,1667.75
1/15/2013,1681
1/16/2013,1679.75
1/17/2013,1683.25
1/18/2013,1690
1/21/2013,1688
1/22/2013,1692.5
1/23/2013,1692.25
1/24/2013,1677
1/25/2013,1670.25
1/28/2013,1656.75
1/29/2013,1660.5
1/30/2013,1666.25
1/31/2013,1674.5
2/1/2013,1665
2/4/2013,1664.25
2/5/2013,1678
2/6/2013,1670
2/7/2013,1675.75
2/8/2013,1669.75
2/11/2013,1663.5
2/12/2013,1641.75
2/13/2013,1648
2/14/2013,1644
2/15/2013,1629.25
2/18/2013,1611.25
2/19/2013,1613.5
2/20/2013,1602
2/21/2013,1568.5
2/22/2013,1580
2/25/2013,1592.5
2/26/2013,1597.25
2/27/2013,1608.5
2/28/2013,1591
3/1/2013,1570
3/4/2013,1578
3/5/2013,1584.25
3/6/2013,1574
3/7/2013,1580.5
3/8/2013,1577
3/11/2013,1577.5
3/12/2013,1582.5
3/13/2013,1591.5
3/14/2013,1585
3/15/2013,1593.25
3/18/2013,1599.5
3/19/2013,1602.5
3/20/2013,1611.5
3/21/2013,1608.75
3/22/2013,1611.5
3/25/2013,1602.25
3/26/2013,1597.25
3/27/2013,1591
3/28/2013,1602.5
4/2/2013,1597.75
4/3/2013,1568.5
4/4/2013,1545.25
4/5/2013,1552.75
4/8/2013,1577.25
4/9/2013,1572.5
4/10/2013,1581.5
4/11/2013,1555.75
4/12/2013,1548
4/15/2013,1416
4/16/2013,1378
4/17/2013,1379
4/18/2013,1397
4/19/2013,1414
4/22/2013,1425
4/23/2013,1417.25
4/24/2013,1424.5
4/25/2013,1446.5
4/26/2013,1462.25
4/29/2013,1472.5
4/30/2013,1472.75
5/1/2013,1469.5
5/2/2013,1456
5/3/2013,1476.5
5/7/2013,1463
5/8/2013,1454
5/9/2013,1469.5
5/10/2013,1449.25
5/13/2013,1429.75
5/14/2013,1436.5
5/15/2013,1412.25
5/16/2013,1377
5/17/2013,1376.75
5/20/2013,1353.75
5/21/2013,1378.75
5/22/2013,1385.25
5/23/2013,1386
5/24/2013,1385.25
5/28/2013,1379
5/29/2013,1384.5
5/30/2013,1406.25
5/31/2013,1410.25
6/3/2013,1396.75
6/4/2013,1405.25
6/5/2013,1396.5
6/6/2013,1399.5
6/7/2013,1410
6/10/2013,1376.75
6/11/2013,1369.5
6/12/2013,1377.25
6/13/2013,1386.25
6/14/2013,1379.75
6/17/2013,1386
6/18/2013,1378.5
6/19/2013,1366
6/20/2013,1303.25
6/21/2013,1290.25
6/24/2013,1283.25
6/25/2013,1285
6/26/2013,1229
6/27/2013,1232
6/28/2013,1203.25
7/1/2013,1243.5
7/2/2013,1260.75
7/3/2013,1246
7/4/2013,1249.5
7/5/2013,1232.75
7/8/2013,1225.5
7/9/2013,1252
7/10/2013,1252.25
7/11/2013,1280.75
7/12/2013,1275
7/15/2013,1281.25
7/16/2013,1286
7/17/2013,1284.25
7/18/2013,1279.75
7/19/2013,1286
7/22/2013,1313.75
7/23/2013,1326.75
7/24/2013,1340
7/25/2013,1312
7/26/2013,1327.75
7/29/2013,1330.75
7/30/2013,1322.25
7/31/2013,1331.5
8/1/2013,1323.75
8/2/2013,1285.75
8/5/2013,1311
8/6/2013,1292
8/7/2013,1275.5
8/8/2013,1287.75
8/9/2013,1305.5
8/12/2013,1325.75
8/13/2013,1334
8/14/2013,1323.25
8/15/2013,1339.5
8/16/2013,1360.75
8/19/2013,1375.25
8/20/2013,1365.75
8/21/2013,1360
8/22/2013,1370.5
8/23/2013,1374.5
8/27/2013,1411
8/28/2013,1425.5
8/29/2013,1406.25
8/30/2013,1392.75
9/2/2013,1391.25
9/3/2013,1391.25
9/4/2013,1403.75
9/5/2013,1391.75
9/6/2013,1368.25
9/9/2013,1386
9/10/2013,1373
9/11/2013,1365.25
9/12/2013,1340.25
9/13/2013,1308.25
9/16/2013,1314.75
9/17/2013,1317.25
9/18/2013,1299.75
9/19/2013,1363.5
9/20/2013,1355.25
9/23/2013,1321.75
9/24/2013,1316.5
9/25/2013,1320.25
9/26/2013,1332.5
9/27/2013,1321.5
9/30/2013,1335.75
10/1/2013,1332.25
10/2/2013,1293.75
10/3/2013,1309
10/4/2013,1316
10/7/2013,1311
10/8/2013,1321
10/9/2013,1309.5
10/10/2013,1298
10/11/2013,1285.75
10/14/2013,1276
10/15/2013,1255.5
10/16/2013,1278.25
10/17/2013,1308.5
10/18/2013,1317
10/21/2013,1316
10/22/2013,1311.75
10/23/2013,1333
10/24/2013,1336.25
10/25/2013,1341.75
10/28/2013,1351
10/29/2013,1346.75
10/30/2013,1349.5
10/31/2013,1333.75
11/1/2013,1314.75
11/4/2013,1314.25
11/5/2013,1311.25
11/6/2013,1317
11/7/2013,1316
11/8/2013,1309
11/11/2013,1283.75
11/12/2013,1281
11/13/2013,1276
11/14/2013,1283.25
11/15/2013,1281.75
11/18/2013,1283.5
11/19/2013,1272.25
11/20/2013,1271.5
11/21/2013,1248.5
11/22/2013,1241.75
11/25/2013,1231.75
11/26/2013,1250.75
11/27/2013,1250.75
11/28/2013,1241.75
11/29/2013,1245.25
12/2/2013,1237.5
12/3/2013,1219
12/4/2013,1213
12/5/2013,1234
12/6/2013,1230.75
12/9/2013,1228.5
12/10/2013,1245.75
12/11/2013,1255.25
12/12/2013,1243.5
12/13/2013,1222.75
12/16/2013,1229.5
12/17/2013,1237.25
12/18/2013,1233.25
12/19/2013,1205.25
12/20/2013,1195
12/23/2013,1192.75
12/24/2013,1196.5
12/27/2013,1209.25
12/30/2013,1201.5
12/31/2013,1201.5
1/2/2014,1219.75
1/3/2014,1232.25
1/6/2014,1238
1/7/2014,1237.5
1/8/2014,1226.5
1/9/2014,1226
1/10/2014,1232.25
1/13/2014,1246
1/14/2014,1248.75
1/15/2014,1238
1/16/2014,1237.25
1/17/2014,1241
1/20/2014,1254.75
1/21/2014,1247.75
1/22/2014,1239.5
1/23/2014,1244.25
1/24/2014,1259.25
1/27/2014,1270
1/28/2014,1253.5
1/29/2014,1254.75
1/30/2014,1254
1/31/2014,1246.5
2/3/2014,1246.5
2/4/2014,1253
2/5/2014,1257
2/6/2014,1258.5
2/7/2014,1260
2/10/2014,1273.5
2/11/2014,1282.75
2/12/2014,1286.5
2/13/2014,1290.25
2/14/2014,1308.5
2/17/2014,1326
2/18/2014,1314
2/19/2014,1318.75
2/20/2014,1313.75
2/21/2014,1320.75
2/24/2014,1333
2/25/2014,1332.75
2/26/2014,1340
2/27/2014,1331
2/28/2014,1327.75
3/3/2014,1344.25
3/4/2014,1339.5
3/5/2014,1333.5
3/6/2014,1334.25
3/7/2014,1348.25
3/10/2014,1334.25
3/11/2014,1348
3/12/2014,1355.75
3/13/2014,1371
3/14/2014,1370
3/17/2014,1379
3/18/2014,1362.5
3/19/2014,1346
3/20/2014,1327
3/21/2014,1338.5
3/24/2014,1322
3/25/2014,1314.75
3/26/2014,1314.5
3/27/2014,1295
3/28/2014,1295.75
3/31/2014,1294
4/1/2014,1286.5
4/2/2014,1284
4/3/2014,1287.25
4/4/2014,1293.5
4/7/2014,1299
4/8/2014,1314.75
4/9/2014,1309.75
4/10/2014,1321.5
4/11/2014,1317.25
4/14/2014,1324.5
4/15/2014,1311.5
4/16/2014,1299
4/17/2014,1299.25
4/22/2014,1290.75
4/23/2014,1283.5
4/24/2014,1283.5
4/25/2014,1294.25
4/28/2014,1302
4/29/2014,1289.75
4/30/2014,1292
5/1/2014,1283
5/2/2014,1285
5/6/2014,1308.5
5/7/2014,1311
5/8/2014,1291.25
5/9/2014,1289
5/12/2014,1292.75
5/13/2014,1292.75
5/14/2014,1300.25
5/15/2014,1303.75
5/16/2014,1293.75
5/19/2014,1301
5/20/2014,1291.5
5/21/2014,1292
5/22/2014,1294.5
5/23/2014,1292
5/27/2014,1283
5/28/2014,1265.25
5/29/2014,1254
5/30/2014,1254
6/2/2014,1244.75
6/3/2014,1244.25
6/4/2014,1246
6/5/2014,1244.75
6/6/2014,1254
6/9/2014,1255
6/10/2014,1253.5
6/11/2014,1262.5
6/12/2014,1261.75
6/13/2014,1273
6/16/2014,1281.75
6/17/2014,1264.5
6/18/2014,1269
6/19/2014,1282
6/20/2014,1310
6/23/2014,1313.5
6/24/2014,1323
6/25/2014,1312
6/26/2014,1311.5
6/27/2014,1315.25
6/30/2014,1313
7/1/2014,1325.75
7/2/2014,1326.75
7/3/2014,1322.5
7/4/2014,1321.5
7/7/2014,1313.25
7/8/2014,1318.25
7/9/2014,1322.5
7/10/2014,1343.25
7/11/2014,1336.5
7/14/2014,1321.25
7/15/2014,1312
7/16/2014,1297.5
7/17/2014,1302.75
7/18/2014,1310.25
7/21/2014,1312.75
7/22/2014,1307
7/23/2014,1307.5
7/24/2014,1300
7/25/2014,1292.5
7/28/2014,1305
7/29/2014,1307.5
7/30/2014,1297.5
7/31/2014,1295
8/1/2014,1284.5
8/4/2014,1293.5
8/5/2014,1292.75
8/6/2014,1288.5
8/7/2014,1302
8/8/2014,1317.5
8/11/2014,1308.25
8/12/2014,1311
8/13/2014,1309.25
8/14/2014,1315
8/15/2014,1313.6
8/18/2014,1302.75
8/19/2014,1300.25
8/20/2014,1294.5
8/21/2014,1280.5
8/22/2014,1281
8/26/2014,1286.5
8/27/2014,1285
8/28/2014,1288
8/29/2014,1285.75
9/1/2014,1287.25
9/2/2014,1277.75
9/3/2014,1268.5
9/4/2014,1271
9/5/2014,1264
9/8/2014,1267.25
9/9/2014,1256
9/10/2014,1254.25
9/11/2014,1247
9/12/2014,1237.25
9/15/2014,1234.75
9/16/2014,1238.75
9/17/2014,1236.5
9/18/2014,1223
9/19/2014,1222.5
9/22/2014,1214
9/23/2014,1225
9/24/2014,1224
9/25/2014,1210.5
9/26/2014,1222.25
9/29/2014,1217.75
9/30/2014,1210
10/1/2014,1208.5
10/2/2014,1214.5
10/3/2014,1207.5
10/6/2014,1193.25
10/7/2014,1207.5
10/8/2014,1220
10/9/2014,1227.5
10/10/2014,1222.25
10/13/2014,1228
10/14/2014,1233
10/15/2014,1223.5
10/16/2014,1241
10/17/2014,1238
10/20/2014,1241
10/21/2014,1251.75
10/22/2014,1246.75
10/23/2014,1240.5
10/24/2014,1231.75
10/27/2014,1230.5
10/28/2014,1228.25
10/29/2014,1228
10/30/2014,1205.75
10/31/2014,1173.25
11/3/2014,1170.75
11/4/2014,1169.25
11/5/2014,1145.25
11/6/2014,1144.5
11/7/2014,1145
11/10/2014,1172
11/11/2014,1151.25
11/12/2014,1163.25
11/13/2014,1161
11/14/2014,1154
11/17/2014,1187
11/18/2014,1202
11/19/2014,1200.75
11/20/2014,1194
11/21/2014,1193.25
11/24/2014,1196
11/25/2014,1202.25
11/26/2014,1195.75
11/27/2014,1196.5
11/28/2014,1184.5
12/1/2014,1178.75
12/2/2014,1197
12/3/2014,1203.25
12/4/2014,1204
12/5/2014,1204.5
12/8/2014,1195.25
12/9/2014,1206.5
12/10/2014,1228.25
12/11/2014,1219.5
12/12/2014,1223.5
12/15/2014,1210.75
12/16/2014,1199.25
12/17/2014,1199
12/18/2014,1210.75
12/19/2014,1197.5
12/22/2014,1195.25
12/23/2014,1179.5
12/24/2014,1177
12/29/2014,1194
12/30/2014,1186.5
12/31/2014,1199.25
1/2/2015,1184.25
1/5/2015,1192
1/6/2015,1211
1/7/2015,1213.75
1/8/2015,1206.5
1/9/2015,1211.25
1/12/2015,1222
1/13/2015,1239
1/14/2015,1228.75
1/15/2015,1235.25
1/16/2015,1258.25
1/19/2015,1275.5
1/20/2015,1292.25
1/21/2015,1298
1/22/2015,1287
1/23/2015,1293.5
1/26/2015,1282.75
1/27/2015,1279
1/28/2015,1287
1/29/2015,1275.5
1/30/2015,1263.5
2/2/2015,1274.25
2/3/2015,1281
2/4/2015,1269.25
2/5/2015,1263.75
2/6/2015,1264
2/9/2015,1242.25
2/10/2015,1237.5
2/11/2015,1235.5
2/12/2015,1225.25
2/13/2015,1225.75
2/16/2015,1233.5
2/17/2015,1221.75
2/18/2015,1206.5
2/19/2015,1217.75
2/20/2015,1203.5
2/23/2015,1193.5
2/24/2015,1195.5
2/25/2015,1206.5
2/26/2015,1220
2/27/2015,1205
3/2/2015,1216.75
3/3/2015,1207.75
3/4/2015,1204.25
3/5/2015,1199.75
3/6/2015,1196.5
3/9/2015,1173.75
3/10/2015,1161
3/11/2015,1158.75
3/12/2015,1161.25
3/13/2015,1156.5
3/16/2015,1157
3/17/2015,1154.75
3/18/2015,1149
3/19/2015,1164
3/20/2015,1171.75
3/23/2015,1181.4
3/24/2015,1193.25
3/25/2015,1192.55
3/26/2015,1209.4
3/27/2015,1198
3/30/2015,1187.4
3/31/2015,1179.25
4/1/2015,1181.25
4/2/2015,1201.5
4/7/2015,1208.5
4/8/2015,1211.1
4/9/2015,1196
4/10/2015,1201.9
4/13/2015,1197.85
4/14/2015,1191.45
4/15/2015,1189.85
4/16/2015,1204.6
4/17/2015,1204.55
4/20/2015,1203.25
4/21/2015,1197.7
4/22/2015,1202.4
4/23/2015,1187.75
4/24/2015,1192.15
4/27/2015,1182.75
4/28/2015,1201.4
4/29/2015,1204.8
4/30/2015,1204.3
5/1/2015,1179
5/5/2015,1187.4
5/6/2015,1191.25
5/7/2015,1183
5/8/2015,1185.25
5/11/2015,1184.75
5/12/2015,1184.45
5/13/2015,1193
5/14/2015,1214.75
5/15/2015,1216.3
5/18/2015,1228.15
5/19/2015,1219.65
5/20/2015,1206.75
5/21/2015,1209.6
5/22/2015,1211
5/26/2015,1194
5/27/2015,1186.5
5/28/2015,1188.8
5/29/2015,1189.8
6/1/2015,1188.7
6/2/2015,1194.4
6/3/2015,1184.9
6/4/2015,1175.2
6/5/2015,1168.1
6/8/2015,1173.6
6/9/2015,1177.6
6/10/2015,1186.6
6/11/2015,1180.4
6/12/2015,1179.2
6/15/2015,1185.8
6/16/2015,1180.9
6/17/2015,1176.8
6/18/2015,1202
6/19/2015,1201.9
6/22/2015,1184.1
6/23/2015,1176.6
6/24/2015,1172.9
6/25/2015,1171.8
6/26/2015,1173.2
6/29/2015,1179
6/30/2015,1171.8
7/1/2015,1169.3
7/2/2015,1163.5
7/3/2015,1168.25
7/6/2015,1173.2
7/7/2015,1152.6
7/8/2015,1163.5
7/9/2015,1159.2
7/10/2015,1157.9
7/13/2015,1155.4
7/14/2015,1153.5
7/15/2015,1147.4
7/16/2015,1143.9
7/17/2015,1131.9
7/20/2015,1106.8
7/21/2015,1103.5
7/22/2015,1091.5
7/23/2015,1095.1
7/24/2015,1086
7/27/2015,1096.9
7/28/2015,1096.7
7/29/2015,1093.3
7/30/2015,1088.7
7/31/2015,1095.1
8/3/2015,1089.4
8/4/2015,1090.7
8/5/2015,1085.6
8/6/2015,1090.1
8/7/2015,1094.1
8/10/2015,1104.1
8/11/2015,1107.7
8/12/2015,1123.6
8/13/2015,1115.6
8/14/2015,1112.7
8/17/2015,1118.4
8/18/2015,1116.9
8/19/2015,1127.9
8/20/2015,1153.2
8/21/2015,1159.6
8/24/2015,1153.6
8/25/2015,1138.3
8/26/2015,1124.6
8/27/2015,1122.6
8/28/2015,1134
8/31/2015,1132.5
9/1/2015,1139.8
9/2/2015,1133.6
9/3/2015,1124.5
9/4/2015,1121.4
9/7/2015,1121
9/8/2015,1121
9/9/2015,1102
9/10/2015,1109.3
9/11/2015,1103.3
9/14/2015,1107.7
9/15/2015,1102.6
9/16/2015,1119
9/17/2015,1117
9/18/2015,1137.8
9/21/2015,1132.8
9/22/2015,1124.8
9/23/2015,1131.5
9/24/2015,1153.8
9/25/2015,1145.6
9/28/2015,1131.7
9/29/2015,1126.8
9/30/2015,1115.2
10/1/2015,1113.7
10/2/2015,1136.6
10/5/2015,1137.6
10/6/2015,1146.4
10/7/2015,1148.7
10/8/2015,1144.3
10/9/2015,1155.9
10/12/2015,1164.5
10/13/2015,1165.4
10/14/2015,1179.8
10/15/2015,1187.5
10/16/2015,1183.1
10/19/2015,1172.8
10/20/2015,1177.5
10/21/2015,1167.1
10/22/2015,1166.1
10/23/2015,1162.8
10/26/2015,1166.2
10/27/2015,1165.8
10/28/2015,1176.1
10/29/2015,1147.3
10/30/2015,1141.4
11/2/2015,1135.9
11/3/2015,1114.1
11/4/2015,1106.2
11/5/2015,1104.2
11/6/2015,1087.7
11/9/2015,1088.1
11/10/2015,1088.5
11/11/2015,1084.9
11/12/2015,1081
11/13/2015,1080.9
11/16/2015,1083.6
11/17/2015,1068.6
11/18/2015,1068.7
11/19/2015,1078.1
11/20/2015,1076.3
11/23/2015,1066.6
11/24/2015,1073.3
11/25/2015,1069.7
11/26/2015,1070.5
11/27/2015,1056.2
11/30/2015,1065.3
12/1/2015,1063.5
12/2/2015,1053.8
12/3/2015,1061.2
12/4/2015,1084.1
12/7/2015,1075.2
12/8/2015,1075.3
12/9/2015,1076.5
12/10/2015,1072
12/11/2015,1075.7
12/14/2015,1063.4
12/15/2015,1061.6
12/16/2015,1076.8
12/17/2015,1049.6
12/18/2015,1065
12/21/2015,1080.6
12/22/2015,1074.1
12/23/2015,1068.3
12/24/2015,1075.9
12/28/2015,1068.3
12/29/2015,1068
12/30/2015,1059.8
12/31/2015,1060.2
1/4/2016,1075.2
1/5/2016,1078.4
1/6/2016,1091.9
1/7/2016,1107.8
1/8/2016,1097.9
1/11/2016,1096.2
1/12/2016,1085.2
1/13/2016,1087.1
1/14/2016,1073.6
1/15/2016,1090.7
1/18/2016,1090.45
1/19/2016,1089.1
1/20/2016,1106.2
1/21/2016,1098.2
1/22/2016,1096.3
1/25/2016,1105.6
1/26/2016,1120.6
1/27/2016,1116.3
1/28/2016,1116.1
1/29/2016,1116.4
2/1/2016,1128
2/2/2016,1127.2
2/3/2016,1141.3
2/4/2016,1157.5
2/5/2016,1157.7
2/8/2016,1197.9
2/9/2016,1198.6
2/10/2016,1194.6
2/11/2016,1247.8
2/12/2016,1239.4
2/15/2016,1208.45
2/16/2016,1208.2
2/17/2016,1211.4
2/18/2016,1226.3
2/19/2016,1230.8
2/22/2016,1210.1
2/23/2016,1222.6
2/24/2016,1239.1
2/25/2016,1238.8
2/26/2016,1220.4
2/29/2016,1234.4
3/1/2016,1230.8
3/2/2016,1241.8
3/3/2016,1258.2
3/4/2016,1270.7
3/7/2016,1264
3/8/2016,1262.9
3/9/2016,1257.4
3/10/2016,1272.8
3/11/2016,1259.4
3/14/2016,1245.1
3/15/2016,1231
3/16/2016,1229.8
3/17/2016,1265
3/18/2016,1254.3
3/21/2016,1244.2
3/22/2016,1250.3
3/23/2016,1225.6
3/24/2016,1223.5
3/28/2016,1222
3/29/2016,1237.5
3/30/2016,1228.6
3/31/2016,1235.6
4/1/2016,1223.5
4/4/2016,1219.3
4/5/2016,1229.6
4/6/2016,1223.8
4/7/2016,1237.5
4/8/2016,1243.8
4/11/2016,1258
4/12/2016,1260.9
4/13/2016,1248.3
4/14/2016,1226.5
4/15/2016,1234.6
4/18/2016,1235
4/19/2016,1254.3
4/20/2016,1254.4
4/21/2016,1250.3
4/22/2016,1230
4/24/2016,1235.3
4/25/2016,1240.2
4/26/2016,1243.4
4/27/2016,1250.4
4/28/2016,1266.4
4/29/2016,1290.5
5/1/2016,1293.8
5/2/2016,1295.8
5/3/2016,1291.8
5/4/2016,1274.4
5/5/2016,1272.3
5/6/2016,1294
5/8/2016,1286
5/9/2016,1266.6
5/10/2016,1264.8
5/11/2016,1275.5
5/12/2016,1271.2
5/13/2016,1272.7
5/15/2016,1277.9
5/16/2016,1274.2
5/17/2016,1276.9
5/18/2016,1274.4
5/19/2016,1254.8
5/20/2016,1252.9
5/22/2016,1255.1
5/23/2016,1254.9
5/24/2016,1232.2
5/25/2016,1226.6
5/26/2016,1222.7
5/27/2016,1216.7
5/31/2016,1217.5
6/1/2016,1214.7
6/2/2016,1212.6
6/3/2016,1242.9
6/6/2016,1247.4
6/7/2016,1247
6/8/2016,1262.3
6/9/2016,1272.7
6/10/2016,1275.9
6/13/2016,1286.9
6/14/2016,1288.1
6/15/2016,1288.3
6/16/2016,1298.4
6/17/2016,1294.8
6/20/2016,1292.1
6/21/2016,1272.5
6/22/2016,1270
6/23/2016,1263.1
6/24/2016,1322.4
6/27/2016,1324.7
6/28/2016,1317.9
6/29/2016,1326.9
6/30/2016,1320.6
7/1/2016,1339
7/4/2016,1353.5
7/5/2016,1358.7
7/6/2016,1367.1
7/7/2016,1362.1
7/8/2016,1358.4
7/11/2016,1356.6
7/12/2016,1335.3
7/13/2016,1343.6
7/14/2016,1332.2
7/15/2016,1327.4
7/18/2016,1329.3
7/19/2016,1332.3
7/20/2016,1319.3
7/21/2016,1338.9
7/22/2016,1331.5
7/25/2016,1327.2
7/26/2016,1328.3
7/27/2016,1334.5
7/28/2016,1341.2
7/29/2016,1357.5
8/1/2016,1359.6
8/2/2016,1372.6
8/3/2016,1364.7
8/4/2016,1367.4
8/5/2016,1344.4
8/8/2016,1341.3
8/9/2016,1346.7
8/10/2016,1351.9
8/11/2016,1350
8/12/2016,1343.2
8/15/2016,1347.5
8/16/2016,1356.9
8/17/2016,1348.8
8/18/2016,1357.2
8/19/2016,1346.2
8/22/2016,1343.4
8/23/2016,1346.1
8/24/2016,1329.7
8/25/2016,1324.6
8/26/2016,1325.9
8/29/2016,1327.1
8/30/2016,1316.5
8/31/2016,1311.4
9/1/2016,1317.1
9/2/2016,1326.7
9/5/2016,1330.7
9/6/2016,1354
9/7/2016,1349.2
9/8/2016,1341.6
9/9/2016,1334.5
9/12/2016,1325.6
9/13/2016,1323.7
9/14/2016,1326.1
9/15/2016,1318
9/16/2016,1310.2
9/19/2016,1317.8
9/20/2016,1318.2
9/21/2016,1331.4
9/22/2016,1344.7
9/23/2016,1341.7
9/26/2016,1344.1
9/27/2016,1330.4
9/28/2016,1323.7
9/29/2016,1326
9/30/2016,1317.1
10/3/2016,1312.7
10/4/2016,1269.7
10/5/2016,1268.6
10/6/2016,1253
10/7/2016,1251.9
10/10/2016,1260.4
10/11/2016,1255.9
10/12/2016,1253.8
10/13/2016,1257.6
10/14/2016,1255.5
10/17/2016,1256.6
10/18/2016,1262.9
10/19/2016,1269.9
10/20/2016,1267.5
10/21/2016,1267.7
10/24/2016,1263.7
10/25/2016,1273.6
10/26/2016,1266.6
10/27/2016,1269.5
10/28/2016,1276.8
10/31/2016,1273.1
11/1/2016,1288
11/2/2016,1308.2
11/3/2016,1303.3
11/4/2016,1304.5
11/7/2016,1279.4
11/8/2016,1274.5
11/9/2016,1273.5
11/10/2016,1266.4
11/11/2016,1224.3
11/14/2016,1221.7
11/15/2016,1224.5
11/16/2016,1223.9
11/17/2016,1216.9
11/18/2016,1208.7
11/21/2016,1209.8
11/22/2016,1214.1
11/23/2016,1192.4
11/24/2016,1183.6
11/25/2016,1181
11/28/2016,1193.8
11/29/2016,1190.8
11/30/2016,1173.9
12/1/2016,1169.4
12/2/2016,1177.8
12/5/2016,1176.5
12/6/2016,1170.1
12/7/2016,1177.5
12/8/2016,1172.4
12/9/2016,1161.9
12/12/2016,1165.8
12/13/2016,1159
12/14/2016,1163.7
12/15/2016,1129.8
12/16/2016,1137.4
12/19/2016,1142.7
12/20/2016,1133.6
12/21/2016,1133.2
12/22/2016,1130.7
12/23/2016,1133.6
12/27/2016,1138.8
12/28/2016,1140.9
12/29/2016,1158.1
12/30/2016,1151.7
1/3/2017,1162
1/4/2017,1165.3
1/5/2017,1181.3
1/6/2017,1173.4
1/9/2017,1184.9
1/10/2017,1185.5
1/11/2017,1196.6
1/12/2017,1199.8
1/13/2017,1196.2
1/16/2017,1202.6
1/17/2017,1212.9
1/18/2017,1212.1
1/19/2017,1201.5
1/20/2017,1204.9
1/23/2017,1218.5
1/24/2017,1213.6
1/25/2017,1200.5
1/26/2017,1192.5
1/27/2017,1191.1
1/30/2017,1196
1/31/2017,1211.4
2/1/2017,1208.3
2/2/2017,1219.4
2/3/2017,1220.8
2/6/2017,1232.1
2/7/2017,1236.1
2/8/2017,1239.5
2/9/2017,1236.8
2/10/2017,1235.9
2/13/2017,1225.8
2/14/2017,1225.4
2/15/2017,1233.1
2/16/2017,1241.6
2/17/2017,1239.1
2/20/2017,1238.5
2/21/2017,1238.9
2/22/2017,1233.3
2/23/2017,1251.4
2/24/2017,1258.3
2/27/2017,1258.8
2/28/2017,1253.9
3/1/2017,1250
3/2/2017,1232.9
3/3/2017,1226.5
3/6/2017,1225.5
3/7/2017,1216.1
3/8/2017,1209.4
3/9/2017,1203.2
3/10/2017,1201.4
3/13/2017,1203.1
3/14/2017,1202.6
3/15/2017,1200.7
3/16/2017,1227.1
3/17/2017,1230.2
3/20/2017,1234
3/21/2017,1249.6
3/22/2017,1252.8
3/23/2017,1250.1
3/24/2017,1251.7
3/27/2017,1258.8
3/28/2017,1258.8
3/29/2017,1256.8
3/30/2017,1248
3/31/2017,1251.2
4/3/2017,1254
4/4/2017,1258.4
4/5/2017,1248.5
4/6/2017,1253.3
4/7/2017,1257.3
4/10/2017,1253.9
4/11/2017,1274.2
4/12/2017,1278.1
4/13/2017,1288.5
4/17/2017,1291.9
4/18/2017,1294.1
4/19/2017,1283.4
4/20/2017,1283.8
4/21/2017,1289.1
4/24/2017,1277.5
4/25/2017,1267.2
4/26/2017,1264.2
4/27/2017,1265.9
4/28/2017,1268.3
5/1/2017,1255.5
5/2/2017,1257
5/3/2017,1248.5
5/4/2017,1228.6
5/5/2017,1226.9
5/8/2017,1227.1
5/9/2017,1216.1
5/10/2017,1218.9
5/11/2017,1224.2
5/12/2017,1227.7
5/15/2017,1230
5/16/2017,1236.4
5/17/2017,1258.7
5/18/2017,1252.8
5/19/2017,1253.6
5/22/2017,1261.4
5/23/2017,1258.9
5/24/2017,1256.5
5/25/2017,1259.8
5/26/2017,1271.4
5/29/2017,1269.9
5/30/2017,1265.7
5/31/2017,1275.4
6/1/2017,1270.1
6/2/2017,1280.2
6/5/2017,1282.7
6/6/2017,1297.5
6/7/2017,1293.2
6/8/2017,1279.5
6/9/2017,1271.4
6/12/2017,1268.9
6/13/2017,1268.6
6/14/2017,1275.9
6/15/2017,1254.6
6/16/2017,1256.5
6/19/2017,1246.7
6/20/2017,1243.5
6/21/2017,1245.8
6/22/2017,1249.4
6/23/2017,1256.4
6/26/2017,1246.4
6/27/2017,1246.9
6/28/2017,1249.1
6/29/2017,1245.8
6/30/2017,1242.3
7/3/2017,1219.2
7/4/2017,1223
7/5/2017,1221.7
7/6/2017,1223.3
7/7/2017,1209.7
7/10/2017,1213.2
7/11/2017,1214.7
7/12/2017,1219.1
7/13/2017,1217.3
7/14/2017,1227.5
7/17/2017,1233.7
7/18/2017,1241.9
7/19/2017,1248.8
7/20/2017,1252.1
7/21/2017,1261
7/24/2017,1260.7
7/25/2017,1258.5
7/26/2017,1255.6
7/27/2017,1266.5
7/28/2017,1275.3
7/31/2017,1273.4
8/1/2017,1279.4
8/2/2017,1278.4
8/3/2017,1274.4
8/4/2017,1264.6
8/7/2017,1264.7
8/8/2017,1262.6
8/9/2017,1279.3
8/10/2017,1290.1
8/11/2017,1294
8/14/2017,1290.4
8/15/2017,1279.7
8/16/2017,1282.9
8/17/2017,1292.4
8/18/2017,1291.6
8/21/2017,1296.7
8/22/2017,1291
8/23/2017,1294.7
8/24/2017,1292
8/25/2017,1297.9
8/28/2017,1315.3
8/29/2017,1318.9
8/30/2017,1314.1
8/31/2017,1322.2
9/1/2017,1330.4
9/4/2017,1339.4
9/5/2017,1344.5
9/6/2017,1339
9/7/2017,1350.3
9/8/2017,1351.2
9/11/2017,1335.7
9/12/2017,1332.7
9/13/2017,1328
9/14/2017,1329.3
9/15/2017,1325.2
9/18/2017,1310.8
9/19/2017,1310.6
9/20/2017,1316.4
9/21/2017,1294.8
9/22/2017,1297.5
9/25/2017,1311.5
9/26/2017,1301.7
9/27/2017,1287.8
9/28/2017,1288.7
9/29/2017,1284.8
10/2/2017,1275.8
10/3/2017,1274.6
10/4/2017,1276.8
10/5/2017,1273.2
10/6/2017,1274.9
10/9/2017,1285
10/10/2017,1293.8
10/11/2017,1288.9
10/12/2017,1296.5
10/13/2017,1304.6
10/16/2017,1303
10/17/2017,1286.2
10/18/2017,1283
10/19/2017,1290
10/20/2017,1280.5
10/23/2017,1280.9
10/24/2017,1278.3
10/25/2017,1279
10/26/2017,1269.6
10/27/2017,1271.8
10/30/2017,1277.7
10/31/2017,1270.5
11/1/2017,1277.3
11/2/2017,1278.1
11/3/2017,1269.2
11/6/2017,1281.6
11/7/2017,1275.8
11/8/2017,1283.7
11/9/2017,1287.5
11/10/2017,1274.2
11/13/2017,1278.9
11/14/2017,1282.9
11/15/2017,1277.7
11/16/2017,1278.2
11/17/2017,1283.85
11/20/2017,1292.35
11/21/2017,1280
11/22/2017,1283.95
11/23/2017,1290.15
11/24/2017,1289.15
11/27/2017,1294.7
11/28/2017,1293.9
11/29/2017,1294.85
11/30/2017,1282.15
12/1/2017,1277.25
12/4/2017,1279.1
12/5/2017,1275.9
12/6/2017,1268.55
12/7/2017,1256.8
12/8/2017,1245.85
12/11/2017,1251.4
12/12/2017,1243.4
12/13/2017,1241.6
12/14/2017,1255.6
12/15/2017,1257.25
12/18/2017,1258.65
12/19/2017,1263.1
12/20/2017,1265.95
12/21/2017,1265.85
12/22/2017,1268.05
12/27/2017,1285.4
12/28/2017,1291.6
12/29/2017,1296.5
1/2/2018,1312.8
1/3/2018,1314.6
1/4/2018,1313.7
1/5/2018,1317.9
1/8/2018,1318.8
1/9/2018,1314.95
1/10/2018,1321.65
1/11/2018,1319.85
1/12/2018,1332.9
1/15/2018,1343
1/16/2018,1334.95
1/17/2018,1337.35
1/18/2018,1329.75
1/19/2018,1335.8
1/22/2018,1334.15
1/23/2018,1337.1
1/24/2018,1350.5
1/25/2018,1360.25
1/26/2018,1354.35
1/29/2018,1348.4
1/30/2018,1345.7
1/31/2018,1343.35
2/1/2018,1341.1
2/2/2018,1345
2/5/2018,1337.1
2/6/2018,1344.65
2/7/2018,1328.5
2/8/2018,1311.05
2/9/2018,1316.05
2/12/2018,1321.7
2/13/2018,1329.4
2/14/2018,1330.75
2/15/2018,1353.7
2/16/2018,1358.6
2/19/2018,1347.4
2/20/2018,1337.4
2/21/2018,1328.6
2/22/2018,1323.5
2/23/2018,1328.9
2/26/2018,1339.05
2/27/2018,1332.75
2/28/2018,1320.3
3/1/2018,1311.25
3/2/2018,1316.75
3/5/2018,1326.3
3/6/2018,1324.95
3/7/2018,1332.5
3/8/2018,1325.4
3/9/2018,1319.35
3/12/2018,1317.25
3/13/2018,1318.7
3/14/2018,1324.95
3/15/2018,1323.35
3/16/2018,1320.05
3/19/2018,1311.7
3/20/2018,1312.75
3/21/2018,1316.35
3/22/2018,1328.85
3/23/2018,1342.35
3/26/2018,1348.4
3/27/2018,1350.65
3/28/2018,1341.05
3/29/2018,1323.9
4/3/2018,1336.6
4/4/2018,1343.15
4/5/2018,1327.05
4/6/2018,1325.6
4/9/2018,1328.5
4/10/2018,1335.95
4/11/2018,1345.2
4/12/2018,1345.9
4/13/2018,1340.75
4/16/2018,1344.4
4/17/2018,1342.95
4/18/2018,1346.55
4/19/2018,1347.9
4/20/2018,1340.15
4/23/2018,1328
4/24/2018,1327.35
4/25/2018,1325.7
4/26/2018,1321.9
4/27/2018,1317.7
4/30/2018,1316.25
5/1/2018,1309.2
5/2/2018,1310.75
5/3/2018,1313.3
5/4/2018,1309.35
5/8/2018,1310.05
5/9/2018,1306.85
5/10/2018,1314.8
5/11/2018,1324.8
5/14/2018,1320.7
5/15/2018,1310.05
5/16/2018,1291.75
5/17/2018,1288.85
5/18/2018,1287.2
5/21/2018,1285.85
5/22/2018,1293.9
5/23/2018,1294
5/24/2018,1296.35
5/25/2018,1303.95
5/29/2018,1302.05
5/30/2018,1298.6
5/31/2018,1303.5
6/1/2018,1299.15
6/4/2018,1294.65
6/5/2018,1292.25
6/6/2018,1295.25
6/7/2018,1298.3
6/8/2018,1299.2
6/11/2018,1296.05
6/12/2018,1298.3
6/13/2018,1294.4
6/14/2018,1305.3
6/15/2018,1300.1
6/18/2018,1281.25
6/19/2018,1279
6/20/2018,1273.25
6/21/2018,1263.7
6/22/2018,1269.7
6/25/2018,1269.8
6/26/2018,1257.15
6/27/2018,1256.8
6/28/2018,1250.5
6/29/2018,1250.55
7/2/2018,1249
7/3/2018,1245.85
7/4/2018,1256.9
7/5/2018,1252.5
7/6/2018,1254.2
7/9/2018,1262.6
7/10/2018,1253.7
7/11/2018,1250
7/12/2018,1244.85
7/13/2018,1240.5
7/16/2018,1244.9
7/17/2018,1243.65
7/18/2018,1223.45
7/19/2018,1217.4
7/20/2018,1224.85
7/23/2018,1229.45
7/24/2018,1224.3
7/25/2018,1230.55
7/26/2018,1228.35
7/27/2018,1219.15
7/30/2018,1222.05
7/31/2018,1219.2
8/1/2018,1222.75
8/2/2018,1217.6
8/3/2018,1207.7
8/6/2018,1212
8/7/2018,1215.4
8/8/2018,1212.35
8/9/2018,1215.5
8/10/2018,1211.65
8/13/2018,1204.4
8/14/2018,1195.3
8/15/2018,1186.7
8/16/2018,1179.65
8/17/2018,1176.7
8/20/2018,1188.75
8/21/2018,1194.1
8/22/2018,1196.85
8/23/2018,1187.3
8/24/2018,1189.95
8/28/2018,1212.75
8/29/2018,1204.3
8/30/2018,1202.35
8/31/2018,1206.85
9/3/2018,1201.7
9/4/2018,1195.75
9/5/2018,1194.7
9/6/2018,1204.3
9/7/2018,1200.75
9/10/2018,1195.8
9/11/2018,1194
9/12/2018,1197.8
9/13/2018,1206.65
9/14/2018,1206.2
9/17/2018,1196.8
9/18/2018,1199.4
9/19/2018,1203
9/20/2018,1203
9/21/2018,1207.6
9/24/2018,1198.75
9/25/2018,1199.45
9/26/2018,1198.8
9/27/2018,1196
9/28/2018,1183.5
10/1/2018,1185.3
10/2/2018,1192.65
10/3/2018,1203.5
10/4/2018,1199.45
10/5/2018,1201.1
10/8/2018,1194.8
10/9/2018,1187.4
10/10/2018,1186.4
10/11/2018,1201.1
10/12/2018,1218.75
10/15/2018,1233
10/16/2018,1228.85
10/17/2018,1226.75
10/18/2018,1224.6
10/19/2018,1228.25
10/22/2018,1222.9
10/23/2018,1235.6
10/24/2018,1231.65
10/25/2018,1232.15
10/26/2018,1236.05
10/29/2018,1230.75
10/30/2018,1220
10/31/2018,1217.7
11/1/2018,1223.25
11/2/2018,1235.5
11/5/2018,1231.6
11/6/2018,1234.85
11/7/2018,1235.05
11/8/2018,1223.45
11/9/2018,1219.05
11/12/2018,1207.05
11/13/2018,1197.55
11/14/2018,1201.45
11/15/2018,1210.6
11/16/2018,1215.8
11/19/2018,1223.55
11/20/2018,1223.1
11/21/2018,1224
11/22/2018,1228.25
11/23/2018,1222.15
11/26/2018,1226.65
11/27/2018,1225.05
11/28/2018,1213.2
11/29/2018,1226.45
11/30/2018,1220.45
12/3/2018,1231.05
12/4/2018,1239.25
12/5/2018,1236.15
12/6/2018,1236.45
12/7/2018,1241.2
12/10/2018,1246.8
12/11/2018,1248.25
12/12/2018,1244.75
12/13/2018,1244.45
12/14/2018,1239.15
12/17/2018,1239.1
12/18/2018,1248.8
12/19/2018,1248.6
12/20/2018,1255
12/21/2018,1257.6
12/24/2018,1261.25
12/27/2018,1271.1
12/28/2018,1277.25
12/31/2018,1281.65
1/2/2019,1287.2
1/3/2019,1287.95
1/4/2019,1290.35
1/7/2019,1291.5
1/8/2019,1283.9
1/9/2019,1281.3
1/10/2019,1292.4
1/11/2019,1292.8
1/14/2019,1293.7
1/15/2019,1289.35
1/16/2019,1290.5
1/17/2019,1294
1/18/2019,1285.05
1/21/2019,1278.7
1/22/2019,1284.75
1/23/2019,1284.9
1/24/2019,1279.75
1/25/2019,1282.95
1/28/2019,1301
1/29/2019,1308.35
1/30/2019,1312.95
1/31/2019,1322.5
2/1/2019,1320.75
2/4/2019,1311
2/5/2019,1314
2/6/2019,1313.35
2/7/2019,1306.6
2/8/2019,1311.1
2/11/2019,1306.75
2/12/2019,1311.6
2/13/2019,1311.15
2/14/2019,1305.65
2/15/2019,1318
2/18/2019,1323.95
2/19/2019,1329.55
2/20/2019,1345.75
2/21/2019,1335.05
2/22/2019,1322.25
2/25/2019,1329.15
2/26/2019,1327.55
2/27/2019,1326.45
2/28/2019,1325.45
3/1/2019,1309.95
3/4/2019,1287.45
3/5/2019,1285
3/6/2019,1285.55
3/7/2019,1286.4
3/8/2019,1294.1
3/11/2019,1296.35
3/12/2019,1296.95
3/13/2019,1308.4
3/14/2019,1299.2
3/15/2019,1302.65
3/18/2019,1305.35
3/19/2019,1308.35
3/20/2019,1303
3/21/2019,1317.3
3/22/2019,1311.1
3/25/2019,1319.35
3/26/2019,1315.25
3/27/2019,1318.25
3/28/2019,1306.9
3/29/2019,1291.15
4/1/2019,1291.9
4/2/2019,1287.2
4/3/2019,1291.85
4/4/2019,1291.6
4/5/2019,1288.9
4/8/2019,1297.1
4/9/2019,1301.85
4/10/2019,1304.8
4/11/2019,1304.65
4/12/2019,1296.15
4/15/2019,1286.75
4/16/2019,1283.75
4/17/2019,1276.1
4/18/2019,1276.5
4/23/2019,1273.45
4/24/2019,1273.8
4/25/2019,1277.85
4/26/2019,1281.5
4/29/2019,1282.15
4/30/2019,1285.15
5/1/2019,1281.8
5/2/2019,1271.45
5/3/2019,1270.05
5/7/2019,1281.3
5/8/2019,1287.75
5/9/2019,1284.1
5/10/2019,1285.4
5/13/2019,1282.95
5/14/2019,1297.6
5/15/2019,1298.9
5/16/2019,1295.55
5/17/2019,1285.8
5/20/2019,1275.25
5/21/2019,1276
5/22/2019,1274
5/23/2019,1275.95
5/24/2019,1281.5
5/28/2019,1283.9
5/29/2019,1283.5
5/30/2019,1276.45
5/31/2019,1296
6/3/2019,1313.95
6/4/2019,1323.6
6/5/2019,1337.75
6/6/2019,1336.65
6/7/2019,1334.3
6/10/2019,1328.6
6/11/2019,1322.65
6/12/2019,1336.65
6/13/2019,1335.8
6/14/2019,1352.45
6/17/2019,1333.2
6/18/2019,1344.55
6/19/2019,1342.4
6/20/2019,1381.65
6/21/2019,1388.35
6/24/2019,1405.45
6/25/2019,1429.55
6/26/2019,1406.75
6/27/2019,1402.25
6/28/2019,1413.2
7/1/2019,1390.05
7/2/2019,1393.1
7/3/2019,1425.1
7/4/2019,1415.25
7/5/2019,1414.4
7/8/2019,1404.9
7/9/2019,1387.9
7/10/2019,1395.45
7/11/2019,1423.1
7/12/2019,1405.6
7/15/2019,1416.25
7/16/2019,1416.1
7/17/2019,1400.8
7/18/2019,1420.9
7/19/2019,1437.05
7/22/2019,1424.45
7/23/2019,1417.55
7/24/2019,1425.55
7/25/2019,1426.35
7/26/2019,1418.25
7/29/2019,1418.95
7/30/2019,1428.45
7/31/2019,1430.55
8/1/2019,1406.4
8/2/2019,1436.05
8/5/2019,1457.45
8/6/2019,1461.85
8/7/2019,1487.65
8/8/2019,1497.4
8/9/2019,1503.5
8/12/2019,1501.95
8/13/2019,1527.2
8/14/2019,1500.35
8/15/2019,1517.65
8/16/2019,1509.05
8/19/2019,1499.35
8/20/2019,1502.65
8/21/2019,1499.65
8/22/2019,1498.7
8/23/2019,1495.5
8/27/2019,1531.85
8/28/2019,1541.75
8/29/2019,1536.65
8/30/2019,1526.55
9/2/2019,1523.35
9/3/2019,1532.45
9/4/2019,1538.8
9/5/2019,1542.6
9/6/2019,1504.95
9/9/2019,1509.95
9/10/2019,1494.6
9/11/2019,1493.65
9/12/2019,1502.95
9/13/2019,1506.3
9/16/2019,1502.05
9/17/2019,1499.3
9/18/2019,1502.2
9/19/2019,1498.4
9/20/2019,1504.1
9/23/2019,1519.5
9/24/2019,1520.25
9/25/2019,1530.85
9/26/2019,1507.05
9/27/2019,1496.15
9/30/2019,1487.6
10/1/2019,1466.1
10/2/2019,1484.05
10/3/2019,1504
10/4/2019,1509.5
10/7/2019,1502.15
10/8/2019,1500
10/9/2019,1503.4
10/10/2019,1508.2
10/11/2019,1498.35
10/14/2019,1494.2
10/15/2019,1494.75
10/16/2019,1482.55
10/17/2019,1484.45
10/21/2019,1490.85
10/22/2019,1487.45
10/23/2019,1494.25
10/24/2019,1488.85
10/25/2019,1504.65
10/28/2019,1505.05
10/29/2019,1492.75
10/30/2019,1490.15
10/31/2019,1506.4
11/1/2019,1509.85
11/4/2019,1509.2
11/5/2019,1504.6
11/6/2019,1488.55
11/7/2019,1484.1
11/8/2019,1466.85
11/11/2019,1465.5
11/12/2019,1455
11/13/2019,1463.45
11/14/2019,1467.65
11/15/2019,1465.6
11/18/2019,1458.4
11/19/2019,1464.9
11/20/2019,1475.7
11/21/2019,1468.9
11/22/2019,1471.3
11/25/2019,1459.45
11/26/2019,1457.65
11/27/2019,1459.8
11/28/2019,1457.55
11/29/2019,1456.35
12/2/2019,1457.5
12/3/2019,1470.4
12/4/2019,1475.85
12/5/2019,1474.6
12/6/2019,1474.85
12/9/2019,1463.6
12/10/2019,1464.45
12/11/2019,1468.05
12/12/2019,1474.7
12/13/2019,1470.6
12/16/2019,1477.4
12/17/2019,1478.4
12/18/2019,1478.9
12/19/2019,1474.4
12/20/2019,1476.9
12/23/2019,1483.95
12/24/2019,1490.85
12/27/2019,1510.6
12/30/2019,1511.5
12/31/2019,1523
1/2/2020,1520.55
1/3/2020,1547.4
1/6/2020,1576.85
1/7/2020,1566.5
1/8/2020,1582.85
1/9/2020,1547.85
1/10/2020,1548.8
1/13/2020,1550.35
1/14/2020,1544.95
1/15/2020,1551.9
1/16/2020,1555.2
1/17/2020,1556.5
1/20/2020,1559.25
1/21/2020,1556.25
1/22/2020,1558.1
1/23/2020,1554.05
1/24/2020,1561.85
1/27/2020,1583.45
1/28/2020,1579.6
1/29/2020,1571.2
1/30/2020,1580.4
1/31/2020,1580.85
2/3/2020,1578.85
2/4/2020,1571.2
2/5/2020,1552.2
2/6/2020,1564.75
2/10/2020,1574.05
2/11/2020,1567.7
2/12/2020,1566.75
2/13/2020,1575
2/14/2020,1576.35
2/17/2020,1580.3
2/18/2020,1588.2
2/19/2020,1609.5
2/20/2020,1610.35
2/21/2020,1633.7
2/24/2020,1682.35
2/25/2020,1655.9
2/26/2020,1647.95
2/27/2020,1646.6
2/28/2020,1626.35
3/2/2020,1609.7
3/3/2020,1599.05
3/4/2020,1644.8
3/5/2020,1647.45
3/6/2020,1687
3/9/2020,1676.6
3/10/2020,1657.4
3/11/2020,1662.5
3/12/2020,1636.65
3/13/2020,1588.15
3/16/2020,1504.65
3/17/2020,1472.35
3/18/2020,1506
3/19/2020,1480.7
3/20/2020,1504.45
3/23/2020,1494.5
3/24/2020,1599.5
3/25/2020,1620.95
3/26/2020,1620.1
3/27/2020,1621.2
3/30/2020,1624.45
3/31/2020,1604.65
4/1/2020,1594.25
4/2/2020,1588.05
4/3/2020,1609.75
4/6/2020,1636.6
4/7/2020,1652.2
4/8/2020,1649.05
4/9/2020,1662.5
4/14/2020,1715.85
4/15/2020,1712.25
4/16/2020,1717.85
4/17/2020,1693.15
4/20/2020,1684.95
4/21/2020,1678.6
4/22/2020,1702.65
4/23/2020,1727.55
4/24/2020,1727.25
4/27/2020,1717.25
4/28/2020,1708.1
4/29/2020,1706
4/30/2020,1716.75
5/1/2020,1673.05
5/4/2020,1703.7
5/5/2020,1696.3
5/6/2020,1698.9
5/7/2020,1688.65
5/11/2020,1698.8
5/12/2020,1703.45
5/13/2020,1699.85
5/14/2020,1716.4
5/15/2020,1734.85
5/18/2020,1756.9
5/19/2020,1735.25
5/20/2020,1750.05
5/21/2020,1732.8
5/22/2020,1732.45
5/26/2020,1722.75
5/27/2020,1705.15
5/28/2020,1723.3
5/29/2020,1725.65
6/1/2020,1734.8
6/2/2020,1740.25
6/3/2020,1717.6
6/4/2020,1706.45
6/5/2020,1709.55
6/8/2020,1692
6/9/2020,1707.5
6/10/2020,1717.65
6/11/2020,1731.9
6/12/2020,1735.85
6/15/2020,1710.4
6/16/2020,1728.35
6/17/2020,1717.3
6/18/2020,1732.65
6/19/2020,1728.55
6/22/2020,1745.45
6/23/2020,1756.6
6/24/2020,1775.7
6/25/2020,1758.55
6/26/2020,1762.1
6/29/2020,1768.8
6/30/2020,1770.7
7/1/2020,1787.4
7/2/2020,1771.85
7/3/2020,1774.65
7/6/2020,1774.4
7/7/2020,1775.5
7/8/2020,1799.35
7/9/2020,1812.45
7/10/2020,1805.75
7/13/2020,1814.1
7/14/2020,1813.4
7/15/2020,1813.8
7/16/2020,1800.3
7/17/2020,1810
7/20/2020,1817.4
7/21/2020,1843.9
7/22/2020,1865.1
7/23/2020,1890
7/24/2020,1897.5
7/27/2020,1931
7/28/2020,1946.24
7/29/2020,1958.16
7/30/2020,1950.04
7/31/2020,1971.68
8/3/2020,1974.7
8/4/2020,2008.5
8/5/2020,2037.1
8/6/2020,2058.4
8/7/2020,2018
8/10/2020,2030.3
8/11/2020,1938.9
8/12/2020,1940.5
8/13/2020,1961.9
8/14/2020,1942.3
8/17/2020,1989.9
8/18/2020,2004.8
8/19/2020,1963.5
8/20/2020,1938.3
8/21/2020,1938.3
8/24/2020,1931.5
8/25/2020,1915.6
8/26/2020,1944.1
8/27/2020,1925
8/28/2020,1966.8
8/31/2020,1970.5
9/1/2020,1970.8
9/2/2020,1936.9
9/3/2020,1930.2
9/4/2020,1926.2
9/7/2020,1928.4
9/8/2020,1935.1
9/9/2020,1946.8
9/10/2020,1956
9/11/2020,1939.5
9/14/2020,1954.7
9/15/2020,1958
9/16/2020,1962
9/17/2020,1941.3
9/18/2020,1953.2
9/21/2020,1902.1
9/22/2020,1899.3
9/23/2020,1860.5
9/24/2020,1868.9
9/25/2020,1859.5
9/28/2020,1876.6
9/29/2020,1899.64
9/30/2020,1893.9
10/1/2020,1916.3
10/2/2020,1907.6
10/5/2020,1920.1
10/6/2020,1908.8
10/7/2020,1890.8
10/8/2020,1895.1
10/9/2020,1926.2
10/12/2020,1928.9
10/13/2020,1894.6
10/14/2020,1907.3
10/15/2020,1908.9
10/16/2020,1906.4
10/19/2020,1911.7
10/20/2020,1915.4
10/21/2020,1929.5
10/22/2020,1904.6
10/23/2020,1905.2
10/26/2020,1905.7
10/27/2020,1911.9
10/28/2020,1879.2
10/29/2020,1868
10/30/2020,1879.9
11/2/2020,1892.5
11/3/2020,1910.4
11/4/2020,1896.2
11/5/2020,1946.8
11/6/2020,1951.7
11/9/2020,1854.4
11/10/2020,1876.4
11/11/2020,1861.6
11/12/2020,1873.3
11/13/2020,1886.2
11/16/2020,1887.8
11/17/2020,1885.1
11/18/2020,1873.9
11/19/2020,1861.5
11/20/2020,1872.4
11/23/2020,1837.8
11/24/2020,1805.86
11/25/2020,1807.78
11/27/2020,1785.62
11/30/2020,1779.86
12/1/2020,1818.9
12/2/2020,1830.2
12/3/2020,1841.1
12/4/2020,1840
12/7/2020,1866
12/8/2020,1874.9
12/9/2020,1838.5
12/10/2020,1837.4
12/11/2020,1843.6
12/14/2020,1832.1
12/15/2020,1855.3
12/16/2020,1859.1
12/17/2020,1890.4
12/18/2020,1888.9
12/21/2020,1882.8
12/22/2020,1870.3
12/23/2020,1878.1
12/24/2020,1883.2
12/28/2020,1880.4
12/29/2020,1882.9
12/30/2020,1893.4
12/31/2020,1895.1
1/4/2021,1946.6
1/5/2021,1954.4
1/6/2021,1908.6
1/7/2021,1913.6
1/8/2021,1835.4
1/11/2021,1850.8
1/12/2021,1844.2
1/13/2021,1854.9
1/14/2021,1851.4
1/15/2021,1829.9
1/19/2021,1840.2
1/20/2021,1866.5
1/21/2021,1865.9
1/22/2021,1856.2
1/25/2021,1855.2
1/26/2021,1851.68
1/27/2021,1846.5
1/28/2021,1839.88
1/29/2021,1849.7
2/1/2021,1863.9
2/2/2021,1833.4
2/3/2021,1835.1
2/4/2021,1791.2
2/5/2021,1813
2/8/2021,1834.2
2/9/2021,1837.5
2/10/2021,1842.7
2/11/2021,1826.8
2/12/2021,1823.2
2/16/2021,1799
2/17/2021,1772.8
2/18/2021,1775
2/19/2021,1777.4
2/22/2021,1808.4
2/23/2021,1805.9
2/24/2021,1797.9
2/25/2021,1775.4
2/26/2021,1728.8
3/1/2021,1723
3/2/2021,1733.6
3/3/2021,1715.8
3/4/2021,1700.7
3/5/2021,1698.5
3/8/2021,1678
3/9/2021,1716.9
3/10/2021,1721.8
3/11/2021,1722.6
3/12/2021,1719.8
3/15/2021,1729.2
3/16/2021,1730.9
3/17/2021,1727.1
3/18/2021,1732.5
3/19/2021,1741.7
3/22/2021,1738.1
3/23/2021,1725.1
3/24/2021,1733.2
3/25/2021,1725.1
3/26/2021,1732.78
3/29/2021,1713.16
3/30/2021,1685.16
3/31/2021,1715.24
4/1/2021,1728.4
4/5/2021,1728.8
4/6/2021,1743
4/7/2021,1741.6
4/8/2021,1758.2
4/9/2021,1744.8
4/12/2021,1732.7
4/13/2021,1747.6
4/14/2021,1736.3
4/15/2021,1766.8
4/16/2021,1780.2
4/19/2021,1770.6
4/20/2021,1778.4
4/21/2021,1793.1
4/22/2021,1782
4/23/2021,1777.8
,
,
,
,
,
,
,
,
,
,
,
,
,
,
,
,
,
,
,
,
,
