,Date,Open,High,Low,Close,USDCoinVolume,Market Cap,USDCoinMean
1,24-Apr-21,1,1,0.9998,1,1788061914.00,11244016314,1
2,23-Apr-21,1,1,0.9998,1,3676677427.00,11243040139,1
3,22-Apr-21,0.9998,1,0.9998,1,3112810473.00,11243603612,0.9999
4,21-Apr-21,1,1,0.9998,1,2311278586.00,11308463144,1
5,20-Apr-21,1,1,0.9998,1,2318491536.00,11307563186,1
6,19-Apr-21,1,1,0.9998,1,2323105009.00,11306577613,1
7,18-Apr-21,1.01,1.03,0.9998,1,3829528301.00,11308018713,1.005
8,17-Apr-21,1,1.01,0.9988,1.01,2143517952.00,11425630120,1.005
9,16-Apr-21,1,1,0.9994,1,2557259201.00,11318635266,1
10,15-Apr-21,1,1,1,1,1888693157.00,11310637809,1
11,14-Apr-21,0.9994,1,0.9993,1,2400110758.00,11270550187,0.9997
12,13-Apr-21,1,1,0.9992,0.9995,1943769751.00,10823831921,0.99975
13,12-Apr-21,1,1,0.9998,1,1582588399.00,10791909575,1
14,11-Apr-21,1,1,0.9996,1,1336026255.00,11065073074,1
15,10-Apr-21,1,1,0.9982,1,1642749490.00,10954682454,1
16,9-Apr-21,1,1,1,1,1140401440.00,10905870848,1
17,8-Apr-21,1,1,1,1,1443171575.00,10942441781,1
18,7-Apr-21,1,1,1,1,1821911304.00,10785983094,1
19,6-Apr-21,1,1,0.9995,1,1519196566.00,10714215062,1
20,5-Apr-21,1,1,0.9998,1,1398732746.00,10805209578,1
21,4-Apr-21,1,1.01,1,1,1205342903.00,10884944736,1
22,3-Apr-21,1,1,0.9981,1,1521294666.00,10650300099,1
23,2-Apr-21,1,1,0.999,1,1645041684.00,10694274869,1
24,1-Apr-21,0.9997,1,0.9994,1,1515653266.00,10640299852,0.99985
25,31-Mar-21,1,1,0.9992,0.9996,1589845937.00,10656787148,0.9998
26,30-Mar-21,1,1,0.9993,1,1506313602.00,10672829323,1
27,29-Mar-21,1,1,0.9994,1,1535871374.00,10555729469,1
28,28-Mar-21,1,1,1,1,1294220918.00,10768922656,1
29,27-Mar-21,1,1,0.9998,1,1340283946.00,10657171951,1
30,26-Mar-21,1,1,0.9993,1,1591672366.00,10588724708,1
31,25-Mar-21,1,1,1,1,1646557726.00,10338431177,1
32,24-Mar-21,1,1,0.9999,1,1916803425.00,10167631689,1
33,23-Mar-21,1,1,1,1,1511795325.00,10090872105,1
34,22-Mar-21,1,1,0.9991,1,1380781628.00,10036692734,1
35,21-Mar-21,1,1,0.9993,1,1265098606.00,9918143113,1
36,20-Mar-21,1,1,1,1,1191670789.00,9848966630,1
37,19-Mar-21,1,1,1,1,1472879184.00,9767228911,1
38,18-Mar-21,0.9989,1,0.9987,1,1525693757.00,9481988796,0.99945
39,17-Mar-21,1,1,0.9987,0.9989,1782793504.00,9352365810,0.99945
40,16-Mar-21,1,1,0.9996,1,1868824949.00,9278101102,1
41,15-Mar-21,0.9999,1,0.9993,1,1927366887.00,9337446568,0.99995
42,14-Mar-21,1,1,0.9998,1,1544999695.00,9276209312,1
43,13-Mar-21,1,1,0.9999,1,2044348842.00,9266074221,1
44,12-Mar-21,1,1,0.9998,1,1612404621.00,9135678065,1
45,11-Mar-21,1,1,0.9998,1,1487841641.00,9130585980,1
46,10-Mar-21,1,1,0.9999,1,1751024086.00,8967187808,1
47,9-Mar-21,1,1,1,1,1683029544.00,8982652500,1
48,8-Mar-21,1,1,0.9999,1,1441044445.00,8934282355,1
49,7-Mar-21,0.9999,1,0.9997,1,1215837774.00,8969172584,0.99995
50,6-Mar-21,1,1,0.9995,0.9999,1275477009.00,8822775167,0.99995
51,5-Mar-21,1,1,1,1,1973917285.00,8674150228,1
52,4-Mar-21,1,1,0.9999,1,1665593866.00,8655539972,1
53,3-Mar-21,1,1,0.9998,1,1905564606.00,8669892780,1
54,2-Mar-21,0.9998,1,0.9996,1,1949254169.00,8752919055,0.9999
55,1-Mar-21,1,1,0.9996,0.9998,1740798094.00,8866076772,0.9999
56,28-Feb-21,1,1,0.9999,1,2268777551.00,8897551099,1
57,27-Feb-21,1,1,0.9998,1,1776838289.00,8658975906,1
58,26-Feb-21,1,1,0.9997,1,2459413406.00,8594704362,1
59,25-Feb-21,1,1,1,1,2301651550.00,8328439670,1
60,24-Feb-21,1,1,0.9998,1,2427751206.00,8132862060,1
61,23-Feb-21,1,1,0.9997,1,4522385569.00,7981667377,1
62,22-Feb-21,0.9999,1,0.9982,1,3584165265.00,7860140257,0.99995
63,21-Feb-21,0.9999,1,0.9997,0.9999,1945631587.00,7738071713,0.9999
64,20-Feb-21,1,1,0.9996,0.9999,2471881936.00,7576682026,0.99995
65,19-Feb-21,1,1,0.9998,1,2321201287.00,7285741130,1
66,18-Feb-21,0.9998,1,0.9998,1,2094266690.00,7285707194,0.9999
67,17-Feb-21,1,1,0.9997,0.9998,2132590491.00,7284211261,0.9999
68,16-Feb-21,1,1,0.9998,1,2062438717.00,7286203416,1
69,15-Feb-21,1,1,0.9997,1,2214311704.00,7285655980,1
70,14-Feb-21,0.9999,1,0.9997,1,1913316177.00,7285556445,0.99995
71,13-Feb-21,0.9998,1,0.9996,0.9999,2279143401.00,7110307300,0.99985
72,12-Feb-21,0.9999,1,0.9994,0.9998,2186409043.00,6870659117,0.99985
73,11-Feb-21,1,1,0.9994,0.9998,2045704986.00,6832641665,0.9999
74,10-Feb-21,1,1,0.9995,1,2156624147.00,6733960451,1
75,9-Feb-21,0.9998,1,0.9993,1,1689656162.00,6562229836,0.9999
76,8-Feb-21,0.9998,1,0.9982,0.9998,1791932105.00,6439708622,0.9998
77,7-Feb-21,1,1,0.9996,0.9999,1416867095.00,6439675444,0.99995
78,6-Feb-21,0.9999,1,0.9995,1,1802646232.00,6350202802,0.99995
79,5-Feb-21,0.9998,1,0.9983,0.9999,1722650454.00,6283928742,0.99985
80,4-Feb-21,0.9998,1,0.9993,0.9997,1864772386.00,6077850665,0.99975
81,3-Feb-21,1,1,0.9995,0.9998,1827257483.00,6027131408,0.9999
82,2-Feb-21,0.9999,1,0.9994,1,1750372396.00,5908268417,0.99995
83,1-Feb-21,1,1,0.9992,0.9999,1456048772.00,5830863847,0.99995
84,31-Jan-21,1,1,0.9996,1,1245897595.00,5868871806,1
85,30-Jan-21,0.9999,1,0.9997,1,1443344471.00,5813052746,0.99995
86,29-Jan-21,0.9989,1,0.9985,1,2410429032.00,5802111761,0.99945
87,28-Jan-21,1,1,0.9993,0.9996,1532598984.00,5609908486,0.9998
88,27-Jan-21,1,1,0.9994,1,1674268317.00,5465355023,1
89,26-Jan-21,1,1,0.9999,1,1584592377.00,5374660745,1
90,25-Jan-21,1,1,0.9999,1,1637162641.00,5471135512,1
91,24-Jan-21,1,1,0.9998,1,1335242694.00,5521308075,1
92,23-Jan-21,1,1,0.9999,1,1287925958.00,5499885797,1
93,22-Jan-21,1,1,0.9998,1,2196461508.00,5452866592,1
94,21-Jan-21,1,1,0.9997,1,1853154939.00,5361170944,1
95,20-Jan-21,1,1,0.9995,1,1814079623.00,5274469835,1
96,19-Jan-21,1,1,1,1,2019188111.00,5133735222,1
97,18-Jan-21,1,1,1,1,1412016575.00,5120886244,1
98,17-Jan-21,1,1,0.9998,1,1463914697.00,5062831585,1
99,16-Jan-21,1,1,0.9997,1,1671304227.00,4947600351,1
100,15-Jan-21,1,1,0.9996,1,1630000401.00,4821432221,1
101,14-Jan-21,0.9998,1,0.9994,1,1810728488.00,4723642068,0.9999
102,13-Jan-21,1,1,0.9995,0.9998,1739625823.00,4663322064,0.9999
103,12-Jan-21,1,1,0.9995,1,1934826250.00,4658372084,1
104,11-Jan-21,1,1,0.9998,1,3166658513.00,4674298887,1
105,10-Jan-21,0.9998,1,0.9994,1,1917152178.00,4716774855,0.9999
106,9-Jan-21,0.9997,1,0.9993,0.9998,1553771951.00,4660207976,0.99975
107,8-Jan-21,0.9979,1,0.9979,0.9997,2236539817.00,4520698707,0.9988
108,7-Jan-21,0.9997,1,0.9977,0.9979,2265386969.00,4411262188,0.9988
109,6-Jan-21,0.9997,1,0.9979,0.9997,1791474728.00,4347554142,0.9997
110,5-Jan-21,0.9994,1,0.9987,0.9997,1662321027.00,4318744242,0.99955
111,4-Jan-21,0.9996,1,0.9988,0.9994,2201035267.00,4278604359,0.9995
112,3-Jan-21,1,1,0.9984,0.9997,1828596899.00,4208024428,0.99985
113,2-Jan-21,0.9999,1,0.9971,1,1679209330.00,4104611883,0.99995
114,1-Jan-21,0.9998,1,0.9995,0.9998,944050095.00,4029299602,0.9998
115,31-Dec-20,1,1,0.9995,0.9998,1099562416.00,3903714407,0.9999
116,30-Dec-20,1,1,0.9994,1,1158073232.00,3680443611,1
117,29-Dec-20,1,1,0.9986,1,1102774805.00,3698412275,1
118,28-Dec-20,1,1,0.9995,1,1037472251.00,3627985594,1
119,27-Dec-20,0.9998,1,0.9922,1,1168083151.00,3582730028,0.9999
120,26-Dec-20,1,1,0.9993,0.9997,837782777.00,3547869513,0.99985
121,25-Dec-20,1,1,0.9997,1,768443745.00,3536352382,1
122,24-Dec-20,0.9999,1,0.9995,1,822668329.00,3538335203,0.99995
123,23-Dec-20,1,1,0.9997,0.9999,994946010.00,3425726108,0.99995
124,22-Dec-20,0.9999,1,0.9996,1,1004407433.00,3356542655,0.99995
125,21-Dec-20,0.9999,1,0.999,0.9999,835998783.00,3339236658,0.9999
126,20-Dec-20,1,1,0.9997,0.9999,730501642.00,3356572079,0.99995
127,19-Dec-20,0.9999,1,0.9996,1,749344674.00,3372266935,0.99995
128,18-Dec-20,0.9998,1,0.9996,0.9999,794460442.00,3283955286,0.99985
129,17-Dec-20,0.9998,1,0.9984,0.9998,1292144145.00,3275300776,0.9998
130,16-Dec-20,1,1,0.9994,0.9999,777969586.00,3300931648,0.99995
131,15-Dec-20,1,1,0.9999,1,558700049.00,3274894699,1
132,14-Dec-20,0.9999,1,0.9998,1,511228529.00,3268970947,0.99995
133,13-Dec-20,1,1,0.9996,0.9999,544392773.00,3241732106,0.99995
134,12-Dec-20,1,1,0.9943,1,372750751.00,3215393827,1
135,11-Dec-20,1,1,0.9979,1,575419053.00,3136265939,1
136,10-Dec-20,1,1,0.9999,1,386067664.00,3081890247,1
137,9-Dec-20,1,1.01,0.9999,1,661526815.00,3083762658,1
138,8-Dec-20,1,1,0.9997,1,624652067.00,3057541920,1
139,7-Dec-20,1,1,1,1,503390382.00,3054758318,1
140,6-Dec-20,1,1,0.9999,1,500125499.00,3073447381,1
141,5-Dec-20,1,1,0.9997,1,528929182.00,3037637284,1
142,4-Dec-20,1,1,0.9996,1,616718869.00,2963592090,1
143,3-Dec-20,1,1,0.9996,1,613512931.00,2965255278,1
144,2-Dec-20,1,1,0.999,1,659579565.00,2958068729,1
145,1-Dec-20,1,1,0.9999,1,791656264.00,2975385311,1
146,30-Nov-20,1,1,0.9997,1,707506103.00,2963118009,1
147,29-Nov-20,1,1,0.9995,1,469745856.00,2964393940,1
148,28-Nov-20,1,1,0.9999,1,505337859.00,2967986029,1
149,27-Nov-20,1,1,0.9998,1,579819717.00,2903445285,1
150,26-Nov-20,1,1,0.9996,1,1029792049.00,2893029205,1
151,25-Nov-20,0.9998,1,0.9956,1,684764089.00,2871209649,0.9999
152,24-Nov-20,0.9998,1,0.9968,0.9998,767726663.00,2853387870,0.9998
153,23-Nov-20,1,1,0.9985,0.9998,684467515.00,2863280574,0.9999
154,22-Nov-20,1,1,0.9983,1,612750450.00,2874006400,1
155,21-Nov-20,1,1,0.9994,1,617179131.00,2838032230,1
156,20-Nov-20,1,1,0.9997,1,566516098.00,2801885852,1
157,19-Nov-20,1,1,0.9999,1,494516423.00,2787373041,1
158,18-Nov-20,1,1,0.9999,1,656269397.00,2791331389,1
159,17-Nov-20,0.9999,1,0.9983,1,580963624.00,2778032395,0.99995
160,16-Nov-20,1,1,0.9994,1,512767433.00,2824323545,1
161,15-Nov-20,1,1,0.9998,1,283637646.00,2813598347,1
162,14-Nov-20,1,1,0.9995,1,449535541.00,2805595743,1
163,13-Nov-20,0.9992,1,0.9991,1,540727846.00,2801993179,0.9996
164,12-Nov-20,1,1,0.9991,0.9992,537060492.00,2799731062,0.9996
165,11-Nov-20,1,1,0.9997,1,485540181.00,2833067611,1
166,10-Nov-20,0.9999,1,0.9995,1,343661075.00,2828730661,0.99995
167,9-Nov-20,1,1,0.9989,0.9999,622091070.00,2841229587,0.99995
168,8-Nov-20,1,1,0.9996,1,476614619.00,2874233151,1
169,7-Nov-20,1,1,0.99,1,557991189.00,2885302511,1
170,6-Nov-20,1,1,0.9995,1,591081548.00,2854072855,1
171,5-Nov-20,1,1,0.9998,1,539340014.00,2871663193,1
172,4-Nov-20,1,1,0.9999,1,472844826.00,2883082203,1
173,3-Nov-20,1,1,1,1,442283090.00,2915440816,1
174,2-Nov-20,1,1,0.9996,1,441571379.00,2930293205,1
175,1-Nov-20,1,1,0.9997,1,351799541.00,2928676111,1
176,31-Oct-20,1,1,0.9998,1,373758762.00,2925453141,1
177,30-Oct-20,1,1,1,1,431217496.00,2879376697,1
178,29-Oct-20,1,1,0.9997,1,470459196.00,2882612408,1
179,28-Oct-20,1,1,0.9999,1,528512165.00,2840148631,1
180,27-Oct-20,1,1,0.9996,1,458104673.00,2809765699,1
181,26-Oct-20,1,1,0.9978,1,3320438919.00,2779510838,1
182,25-Oct-20,0.9999,1,0.9998,1,402083347.00,2808560800,0.99995
183,24-Oct-20,1,1,0.9999,0.9999,398566286.00,2785109254,0.99995
184,23-Oct-20,1,1,0.9998,1,437724211.00,2754821520,1
185,22-Oct-20,1,1,0.9997,1,576937506.00,2789214321,1
186,21-Oct-20,1,1,0.9989,1,604292164.00,2789112726,1
187,20-Oct-20,1,1,1,1,465386778.00,2736393044,1
188,19-Oct-20,1,1,1,1,413360977.00,2737305377,1
189,18-Oct-20,1,1,1,1,307862058.00,2728528052,1
190,17-Oct-20,1,1,1,1,333120960.00,2706462458,1
191,16-Oct-20,1,1,1,1,395543365.00,2705184599,1
192,15-Oct-20,1,1,1,1,391984913.00,2724050018,1
193,14-Oct-20,1,1,1,1,409435371.00,2749519814,1
194,13-Oct-20,1,1,1,1,387594913.00,2777548860,1
195,12-Oct-20,1,1,1,1,416476986.00,2841909427,1
196,11-Oct-20,1,1,1,1,403861256.00,2857374683,1
197,10-Oct-20,1,1,1,1,427180195.00,2810756965,1
198,9-Oct-20,1,1,1,1,327727313.00,2810914392,1
199,8-Oct-20,1,1,0.9998,1,299815037.00,2769847167,1
200,7-Oct-20,1,1,0.9967,1,374254318.00,2683950704,1
201,6-Oct-20,1,1,1,1,425031250.00,2666260851,1
202,5-Oct-20,1,1,1,1,360918052.00,2640898058,1
203,4-Oct-20,1,1,1,1,241403386.00,2640169978,1
204,3-Oct-20,1,1,1,1,238468460.00,2631826662,1
205,2-Oct-20,1,1,1,1,465525692.00,2541975630,1
206,1-Oct-20,1,1,1,1,487472949.00,2513034485,1
207,30-Sep-20,1,1,1,1,292596570.00,2526168013,1
208,29-Sep-20,1,1,1,1,270605261.00,2538586973,1
209,28-Sep-20,1,1,1,1,394663533.00,2597507642,1
210,27-Sep-20,1,1,1,1,372960063.00,2533182720,1
211,26-Sep-20,1,1,1,1,403554372.00,2507815540,1
212,25-Sep-20,1,1,1,1,454308022.00,2506048555,1
213,24-Sep-20,1,1,1,1,485569424.00,2458968633,1
214,23-Sep-20,1,1,1,1,570244649.00,2414047115,1
215,22-Sep-20,1,1,0.9993,1,343552519.00,2391425432,1
216,21-Sep-20,1,1.01,0.9997,1,452203611.00,2392455439,1
217,20-Sep-20,1,1,0.9994,1,380417648.00,2322713232,1
218,19-Sep-20,0.9988,1,0.9974,1,372786315.00,2283061091,0.9994
219,18-Sep-20,1,1.04,0.9885,0.9996,442248343.00,2174402254,0.9998
220,17-Sep-20,0.998,1,0.9961,1,457241421.00,2105065446,0.999
221,16-Sep-20,1,1,0.9967,0.998,425437479.00,2072382608,0.999
222,15-Sep-20,1,1,0.999,1,406597604.00,2053604297,1
223,14-Sep-20,1,1.01,0.997,1,477277457.00,2016445230,1
224,13-Sep-20,1,1.01,0.9994,1,406389837.00,1994741743,1
225,12-Sep-20,1,1.01,1,1,366444889.00,1954647247,1
226,11-Sep-20,1,1.01,0.9961,1,412149370.00,1914163368,1
227,10-Sep-20,1,1.01,0.9981,1,430412791.00,1849355010,1
228,9-Sep-20,1,1,0.9996,1,453341080.00,1833586722,1
229,8-Sep-20,1,1.01,0.9958,1,437692971.00,1792973167,1
230,7-Sep-20,1,1.01,0.9993,1,465106040.00,1769299041,1
231,6-Sep-20,1,1.01,0.9975,1,447289979.00,1727361031,1
232,5-Sep-20,1,1.01,1,1,591701985.00,1693485928,1
233,4-Sep-20,1,1.01,0.9972,1,549725309.00,1651416930,1
234,3-Sep-20,1,1.01,0.9982,1,569632814.00,1585650700,1
235,2-Sep-20,1,1.01,0.9971,1,545699500.00,1517343081,1
236,1-Sep-20,1,1.01,0.998,1,478155175.00,1518200792,1
237,31-Aug-20,1,1.01,0.9981,1,388657503.00,1477273807,1
238,30-Aug-20,1,1.01,0.9977,1,384070993.00,1468810608,1
239,29-Aug-20,1,1,1,1,321728690.00,1462877800,1
240,28-Aug-20,1,1,0.9999,1,330211751.00,1421662668,1
241,27-Aug-20,1,1,0.9994,1,319885737.00,1420883229,1
242,26-Aug-20,1,1,0.9992,1,307466693.00,1396655208,1
243,25-Aug-20,1,1.01,1,1,336440006.00,1377477104,1
244,24-Aug-20,0.9994,1,0.9976,1,315086650.00,1357585347,0.9997
245,23-Aug-20,1,1,0.9986,0.9995,299959710.00,1349648003,0.99975
246,22-Aug-20,1,1,0.9988,0.9999,336278907.00,1331176244,0.99995
247,21-Aug-20,0.9997,1,0.9976,1,402846713.00,1335178620,0.99985
248,20-Aug-20,1,1,0.9977,0.9997,351261530.00,1302241541,0.99985
249,19-Aug-20,1,1.01,0.9993,1,407521488.00,1273150065,1
250,18-Aug-20,0.9982,1.01,0.9957,1,415507652.00,1246911370,0.9991
251,17-Aug-20,0.9993,1,0.9944,0.998,436462695.00,1215397976,0.99865
252,16-Aug-20,0.999,1,0.9946,0.9993,378056620.00,1198189664,0.99915
253,15-Aug-20,0.9996,1,0.9961,0.999,363887509.00,1197863955,0.9993
254,14-Aug-20,1.01,1.01,0.9961,0.9996,404192611.00,1201606199,1.0048
255,13-Aug-20,1,1.01,0.9969,1.01,453460226.00,1180454549,1.005
256,12-Aug-20,1,1.01,0.9975,1,402384827.00,1152688473,1
257,11-Aug-20,1,1.01,1,1,421389774.00,1131156086,1
258,10-Aug-20,1,1.01,0.998,1,405468663.00,1121666086,1
259,9-Aug-20,0.9993,1,0.9978,1,326988690.00,1145141853,0.99965
260,8-Aug-20,1,1,0.9984,0.9994,334134858.00,1144064510,0.9997
261,7-Aug-20,1,1,0.9986,1,362226389.00,1106792798,1
262,6-Aug-20,0.9999,1,0.999,1,338670829.00,1090447408,0.99995
263,5-Aug-20,1,1,0.9972,1,351757028.00,1075606972,1
264,4-Aug-20,1,1,0.998,1,344445344.00,1076313037,1
265,3-Aug-20,0.9975,1,0.9929,1,370719446.00,1077457871,0.99875
266,2-Aug-20,0.9965,1.02,0.9926,0.9974,481496070.00,1087685515,0.99695
267,1-Aug-20,1.01,1.01,0.9932,0.9964,428788849.00,1078234135,1.0032
268,31-Jul-20,0.9994,1.01,0.9974,1.01,352387844.00,1082806731,1.0047
269,30-Jul-20,1,1,0.998,0.9998,332715300.00,1142044574,0.9999
270,29-Jul-20,0.9987,1.01,0.9972,1,344833565.00,1161180228,0.99935
271,28-Jul-20,0.9969,1,0.9962,0.9986,377869121.00,1163349096,0.99775
272,27-Jul-20,0.9974,1.01,0.9934,0.9985,470335314.00,1166129892,0.99795
273,26-Jul-20,0.9979,1,0.9919,0.9974,352834293.00,1159911791,0.99765
274,25-Jul-20,0.9982,1,0.9964,0.9978,280171826.00,1101566231,0.998
275,24-Jul-20,0.9978,1,0.9962,0.9981,273580676.00,1102545969,0.99795
276,23-Jul-20,1,1,0.9963,0.9977,295608573.00,1105697237,0.99885
277,22-Jul-20,0.9977,1.01,0.9963,1,275630027.00,1114093010,0.99885
278,21-Jul-20,0.999,1,0.9962,0.9975,268162461.00,1110501461,0.99825
279,20-Jul-20,0.998,1,0.9973,0.9988,241979767.00,1118591918,0.9984
280,19-Jul-20,0.9975,1.01,0.9941,0.9971,239654085.00,1116663727,0.9973
281,18-Jul-20,0.9992,1.01,0.997,0.9976,237728742.00,1117249849,0.9984
282,17-Jul-20,0.9997,1.01,0.9978,0.9992,248319472.00,1099898433,0.99945
283,16-Jul-20,0.9994,1.01,0.9985,0.9999,278630288.00,1099136354,0.99965
284,15-Jul-20,0.9987,1.01,0.9976,0.9995,257140387.00,1101510122,0.9991
285,14-Jul-20,1,1,0.9977,0.9988,272931352.00,1095116621,0.9994
286,13-Jul-20,0.9982,1,0.9951,1,284329507.00,1103604872,0.9991
287,12-Jul-20,1,1,0.9975,0.9982,247223175.00,1100023054,0.9991
288,11-Jul-20,1,1,0.9974,1,228429648.00,1102870101,1
289,10-Jul-20,1,1.01,0.997,0.9999,268662387.00,1093299428,0.99995
290,9-Jul-20,0.9992,1.01,0.9983,1,262565337.00,1096247771,0.9996
291,8-Jul-20,1,1,0.9983,0.9992,338710426.00,1061787659,0.9996
292,7-Jul-20,0.9984,1,0.9928,1,251459273.00,1038804929,0.9992
293,6-Jul-20,0.9978,1,0.9934,0.9992,262308134.00,1039654962,0.9985
294,5-Jul-20,0.9992,1.01,0.9955,0.9978,229374669.00,1029539265,0.9985
295,4-Jul-20,1,1.01,0.9946,0.9996,230791965.00,1031489116,0.9998
296,3-Jul-20,1.01,1.01,0.9977,1,250629643.00,1032048962,1.005
297,2-Jul-20,0.9998,1.01,0.9979,1.01,268646941.00,997225800,1.0049
298,1-Jul-20,1,1.01,0.9976,1,277293073.00,927221552,1
299,30-Jun-20,0.9989,1.01,0.9973,0.9997,230378726.00,926644568,0.9993
300,29-Jun-20,1,1.01,0.9976,0.9994,240627594.00,926367159,0.9997
301,28-Jun-20,1,1.01,0.9984,1,227229690.00,929618326,1
302,27-Jun-20,1,1.01,0.999,1,262437538.00,930464300,1
303,26-Jun-20,1,1.01,0.9983,0.9998,270824709.00,926770867,0.9999
304,25-Jun-20,1,1.01,0.994,1,280081178.00,926977218,1
305,24-Jun-20,1,1.01,0.9995,1,317475211.00,928547024,1
306,23-Jun-20,0.9967,1,0.9909,1,275629670.00,928751866,0.99835
307,22-Jun-20,1,1,0.9897,0.9962,312776437.00,923388584,0.9981
308,21-Jun-20,0.9985,1.01,0.9958,1,264643094.00,733862362,0.99925
309,20-Jun-20,0.9985,1.01,0.9916,0.9992,264040919.00,731679484,0.99885
310,19-Jun-20,1,1.01,0.9975,0.9985,286431524.00,731138926,0.99925
311,18-Jun-20,1,1.01,0.9988,1,265869062.00,733934539,1
312,17-Jun-20,1,1.01,0.9994,1,296663411.00,733108840,1
313,16-Jun-20,1,1,0.9988,1,305768693.00,732354854,1
314,15-Jun-20,1,1.01,1,1,329241566.00,732922437,1
315,14-Jun-20,0.9999,1.01,0.9969,1,261665467.00,735592844,0.99995
316,13-Jun-20,1,1,1,1,244922456.00,732993965,1
317,12-Jun-20,1,1,1,1,269662003.00,733338647,1
318,11-Jun-20,0.9995,1.01,0.9969,1,361418859.00,733934795,0.99975
319,10-Jun-20,1,1,0.9882,0.9995,286430600.00,730053627,0.99975
320,9-Jun-20,0.9983,1.01,0.9977,1,275906690.00,742358301,0.99915
321,8-Jun-20,1,1,0.9953,0.9984,258124392.00,735400453,0.9992
322,7-Jun-20,0.9983,1.01,0.9957,1,278942203.00,735558465,0.99915
323,6-Jun-20,1,1.01,0.995,0.9983,249661876.00,733062335,0.99915
324,5-Jun-20,1,1.01,0.9984,1,267403161.00,737098010,1
325,4-Jun-20,1,1,0.9951,1,292616628.00,736098442,1
326,3-Jun-20,0.9988,1,0.9981,0.9999,370385643.00,732000939,0.99935
327,2-Jun-20,1,1.01,0.9841,0.9989,517602290.00,733401633,0.99945
328,1-Jun-20,1,1.01,0.9825,1,511987831.00,727045905,1
329,31-May-20,1,1.01,0.9995,1,437098476.00,728548294,1
330,30-May-20,1,1.01,0.9962,1,478039732.00,744189846,1
331,29-May-20,0.998,1.01,0.9974,1,445311776.00,743577975,0.999
332,28-May-20,1,1,0.9931,0.999,477608688.00,738416890,0.9995
333,27-May-20,0.9994,1.01,0.994,1,447623269.00,736647569,0.9997
334,26-May-20,1,1.01,0.9945,0.9994,386722721.00,745730541,0.9997
335,25-May-20,1,1,0.9962,1,427366175.00,707866970,1
336,24-May-20,1,1.01,0.9962,1,420645623.00,707936082,1
337,23-May-20,1,1.01,0.9965,1,418061541.00,709487843,1
338,22-May-20,1,1.01,0.9975,1,479674913.00,708460100,1
339,21-May-20,1,1.01,0.9952,1,639942387.00,707650725,1
340,20-May-20,0.9946,1.01,0.9939,1,654997591.00,706230046,0.9973
341,19-May-20,1,1.01,0.9943,0.9954,645252420.00,702987442,0.9977
342,18-May-20,1,1.01,0.994,1,556502433.00,707164426,1
343,17-May-20,0.9997,1,0.9927,1,623833304.00,707365372,0.99985
344,16-May-20,1,1,0.9973,0.9993,590472282.00,705770466,0.99965
345,15-May-20,0.9968,1.02,0.9939,1,733477055.00,708321150,0.9984
346,14-May-20,0.9985,1.01,0.988,0.9969,589452910.00,704037845,0.9977
347,13-May-20,1,1,0.9922,1,442974311.00,706953524,1
348,12-May-20,0.9967,1.01,0.9967,1,418915209.00,707081134,0.99835
349,11-May-20,1,1.01,0.9624,0.9973,560486656.00,704347645,0.99865
350,10-May-20,1,1.01,0.9886,1,628815173.00,707434772,1
351,9-May-20,1,1.01,0.9966,1,527392293.00,707731494,1
352,8-May-20,1,1.01,0.9946,1,573933002.00,709059520,1
353,7-May-20,1.01,1.01,0.9895,1,569477470.00,706891936,1.005
354,6-May-20,0.9972,1.01,0.9947,1.01,570788155.00,711940631,1.0036
355,5-May-20,1,1,0.9938,0.9991,568954079.00,705617261,0.99955
356,4-May-20,0.9997,1.01,0.9984,1,546869282.00,708112192,0.99985
357,3-May-20,1,1.01,0.9965,0.9993,538532397.00,705834653,0.99965
358,2-May-20,1.01,1.01,0.9961,1,527930176.00,708705583,1.005
359,1-May-20,1,1.01,0.9987,1,483918719.00,711412929,1
360,30-Apr-20,1,1.01,0.9921,1,588729708.00,724193405,1
361,29-Apr-20,1,1.01,0.9909,1.01,617721870.00,725730674,1.005
362,28-Apr-20,1,1.01,0.9981,1,358936206.00,731472167,1
363,27-Apr-20,1,1.01,0.9953,1,425919491.00,750692090,1
364,26-Apr-20,1,1.01,0.9934,0.999,419876552.00,749507141,0.9995
365,25-Apr-20,1.01,1.01,0.9949,1,379571252.00,754368174,1.005
366,24-Apr-20,0.9927,1.01,0.9888,1.01,435965644.00,754808506,1.00135
367,23-Apr-20,1,1.01,0.9821,0.9938,469598546.00,726970057,0.9969
368,22-Apr-20,1,1.01,0.996,1,416817326.00,722356290,1
369,21-Apr-20,1,1.01,0.9969,1,512937610.00,724669381,1
370,20-Apr-20,1.01,1.01,0.9972,1,645616338.00,734209826,1.005
371,19-Apr-20,0.9993,1.01,0.9948,1.01,894054504.00,727639125,1.00465
372,18-Apr-20,1.01,1.01,0.9938,0.9999,850643276.00,725010146,1.00495
373,17-Apr-20,1,1.01,0.994,1.01,789114157.00,729393883,1.005
374,16-Apr-20,0.9996,1.01,0.9808,1,1055234948.00,729095204,0.9998
375,15-Apr-20,0.9949,1.01,0.9673,0.9997,834202006.00,729002171,0.9973
376,14-Apr-20,0.9986,1,0.9899,0.9959,723478384.00,728853776,0.99725
377,13-Apr-20,1,1.01,0.991,0.9984,721095996.00,719711884,0.9992
378,12-Apr-20,0.9944,1,0.9884,1,805969792.00,705426851,0.9972
379,11-Apr-20,0.999,1,0.9802,0.995,665074561.00,702269700,0.997
380,10-Apr-20,1,1.01,0.9903,0.999,847956955.00,705015884,0.9995
381,9-Apr-20,0.9955,1,0.994,1,767509663.00,708917310,0.99775
382,8-Apr-20,0.9961,1,0.9861,0.9958,775527778.00,706825719,0.99595
383,7-Apr-20,0.9957,1.01,0.9902,0.9963,895902327.00,688030395,0.996
384,6-Apr-20,1,1.01,0.9903,0.9967,870767266.00,679546956,0.99835
385,5-Apr-20,1,1.01,0.9975,1,718937342.00,696526423,1
386,4-Apr-20,1,1.01,0.9946,1,733529363.00,698932647,1
387,3-Apr-20,1,1.01,0.9957,1,802031808.00,699059097,1
388,2-Apr-20,0.996,1.01,0.9875,0.9996,1119590861.00,688965447,0.9978
389,1-Apr-20,1,1.01,0.9668,0.9957,874513925.00,685000023,0.99785
390,31-Mar-20,1,1.01,0.9911,1,757273271.00,687838791,1
391,30-Mar-20,0.977,1.01,0.9754,1.01,947341484.00,691900635,0.9935
392,29-Mar-20,0.9976,1.01,0.9763,0.978,641642083.00,675033086,0.9878
393,28-Mar-20,1.01,1.02,0.993,0.9969,821108456.00,680395721,1.00345
394,27-Mar-20,0.9944,1.02,0.9876,1.01,956026571.00,691479724,1.0022
395,26-Mar-20,0.9975,1.01,0.9906,0.9941,829443692.00,677435271,0.9958
396,25-Mar-20,0.9961,1.01,0.9885,0.9975,734599583.00,683296387,0.9968
397,24-Mar-20,0.9937,1.01,0.9831,0.996,743619081.00,683467262,0.99485
398,23-Mar-20,0.9959,1.01,0.9633,0.991,687375222.00,662373524,0.99345
399,22-Mar-20,0.999,1.01,0.9793,0.9959,687125480.00,662820963,0.99745
400,21-Mar-20,0.9949,1.01,0.9859,1,1073258927.00,666270881,0.99745
401,20-Mar-20,1,1.01,0.9605,0.9966,961675019.00,639217501,0.9983
402,19-Mar-20,0.9701,1.01,0.9495,1,1067530248.00,640083089,0.98505
403,18-Mar-20,0.9679,1,0.9663,0.9701,649533429.00,606216197,0.969
404,17-Mar-20,0.9964,1.01,0.9553,0.9702,561066412.00,604380538,0.9833
405,16-Mar-20,1,1.04,0.9726,0.9986,700699447.00,597953853,0.9993
406,15-Mar-20,0.9984,1.01,0.9945,1,712798810.00,579058579,0.9992
407,14-Mar-20,1,1.01,0.9849,1,574424825.00,557157426,1
408,13-Mar-20,1.03,1.06,0.9292,1,847303035.00,464030677,1.015
409,12-Mar-20,0.9978,1.08,0.9578,1.04,1605204520.00,514092342,1.0189
410,11-Mar-20,1,1.01,0.9945,0.9973,1295474005.00,461588062,0.99865
411,10-Mar-20,1,1.02,0.9921,1,1545918026.00,452553331,1
412,9-Mar-20,1.01,1.01,0.9938,1,1320662037.00,454869720,1.005
413,8-Mar-20,1,1.02,0.997,1.01,1430098332.00,464091837,1.005
414,7-Mar-20,0.9967,1.01,0.9966,1,1239893192.00,459837844,0.99835
415,6-Mar-20,1,1.01,0.9969,0.9974,1401149802.00,458672760,0.9987
416,5-Mar-20,1,1.01,0.9957,1,765829131.00,459970200,1
417,4-Mar-20,1,1,0.9942,1,786351195.00,463047219,1
418,3-Mar-20,0.9945,1.01,0.9944,1,1012370159.00,453161639,0.99725
419,2-Mar-20,1,1,0.9933,0.9942,938905914.00,448782632,0.9971
420,1-Mar-20,1,1.01,0.997,1,897676018.00,439323845,1
421,29-Feb-20,0.9935,1.01,0.9927,1,938837732.00,441099169,0.99675
422,28-Feb-20,1,1.01,0.9917,0.993,1039692084.00,436244470,0.9965
423,27-Feb-20,1,1.01,0.9936,1,1097362414.00,438638698,1
424,26-Feb-20,1,1.01,0.9974,1,1160696128.00,426520182,1
425,25-Feb-20,0.9994,1.01,0.9957,1,1047807481.00,423578415,0.9997
426,24-Feb-20,0.9981,1.01,0.9957,0.9995,1114860352.00,422121610,0.9988
427,23-Feb-20,1,1,0.9915,0.9973,1033736189.00,420317424,0.99865
428,22-Feb-20,1.01,1.02,0.9961,0.9999,945408542.00,421907886,1.00495
429,21-Feb-20,1.01,1.02,1,1.01,1007474893.00,425248964,1.01
430,20-Feb-20,1.01,1.02,1,1.01,977934310.00,424428014,1.01
431,19-Feb-20,1.02,1.05,1,1.01,857550747.00,434360222,1.015
432,18-Feb-20,1.01,1.04,1.01,1.02,739770635.00,438978282,1.015
433,17-Feb-20,1.01,1.02,1.01,1.01,983888760.00,430832170,1.01
434,16-Feb-20,1.01,1.02,1.01,1.01,926497189.00,429727973,1.01
435,15-Feb-20,1.02,1.03,1.01,1.01,848189242.00,430447117,1.015
436,14-Feb-20,1.02,1.02,1.01,1.02,928033207.00,433455017,1.02
437,13-Feb-20,1.03,1.05,1.02,1.02,850741759.00,433424884,1.025
438,12-Feb-20,1.01,1.04,1.01,1.03,555559141.00,440729705,1.02
439,11-Feb-20,1.02,1.02,1,1.01,845894777.00,424938367,1.015
440,10-Feb-20,1.02,1.03,1.02,1.02,733552993.00,425651890,1.02
441,9-Feb-20,1.02,1.04,1.02,1.02,659695137.00,432572539,1.02
442,8-Feb-20,1.02,1.02,1.02,1.02,620221599.00,426492605,1.02
443,7-Feb-20,1.02,1.02,1.01,1.02,676480629.00,426872133,1.02
444,6-Feb-20,1.03,1.03,1.02,1.02,501097854.00,431805231,1.025
445,5-Feb-20,1.02,1.04,1.02,1.03,468527693.00,435925186,1.025
446,4-Feb-20,1.03,1.03,1.02,1.02,382499609.00,441022144,1.025
447,3-Feb-20,1.03,1.03,1.02,1.03,387993602.00,443211063,1.03
448,2-Feb-20,1.03,1.04,1.02,1.03,384098792.00,445776906,1.03
449,1-Feb-20,1.03,1.04,1.02,1.03,313660538.00,446957875,1.03
450,31-Jan-20,1.04,1.05,1.02,1.03,361818896.00,449187881,1.035
451,30-Jan-20,1.02,1.05,1.02,1.04,316332808.00,453218427,1.03
452,29-Jan-20,1.02,1.03,1.01,1.03,381758732.00,452003908,1.025
453,28-Jan-20,1.02,1.03,1,1.02,502474594.00,452031883,1.02
454,27-Jan-20,1.01,1.02,1.01,1.02,393996733.00,449464491,1.015
455,26-Jan-20,1,1.01,0.9977,1.01,292385181.00,448606932,1.005
456,25-Jan-20,1,1,0.9984,1,265326087.00,444663109,1
457,24-Jan-20,1,1,0.9942,1,315274054.00,444875789,1
458,23-Jan-20,1,1,0.996,1,320079261.00,444027176,1
459,22-Jan-20,1,1.01,0.9987,1,309750921.00,452956644,1
460,21-Jan-20,1,1,0.9972,1,311559856.00,441024990,1
461,20-Jan-20,0.9973,1.01,0.9965,1,343768616.00,438632395,0.99865
462,19-Jan-20,1.01,1.03,0.9939,0.9973,423373607.00,436777175,1.00365
463,18-Jan-20,1,1.01,0.9998,1.01,413666367.00,440548199,1.005
464,17-Jan-20,1,1.01,0.9983,1,479116540.00,438515037,1
465,16-Jan-20,1,1.01,0.999,1,430662074.00,445192682,1
466,15-Jan-20,1,1.03,0.9922,1,493412531.00,446693203,1
467,14-Jan-20,1.01,1.02,0.9945,1,469120389.00,428644821,1.005
468,13-Jan-20,1,1.01,1,1,343177235.00,444665325,1
469,12-Jan-20,1,1.01,0.9971,1,330297498.00,447479872,1
470,11-Jan-20,1,1.01,0.9953,1,287180029.00,447244754,1
471,10-Jan-20,1.01,1.02,0.9942,1,350097573.00,444501900,1.005
472,9-Jan-20,1,1.01,0.997,1.01,307584171.00,460038834,1.005
473,8-Jan-20,1,1.01,0.9924,1,410892668.00,463207216,1
474,7-Jan-20,1,1.01,0.9978,0.9995,400308774.00,478340351,0.99975
475,6-Jan-20,1.01,1.02,0.9996,1,383494516.00,511424007,1.005
476,5-Jan-20,1.01,1.02,1,1.01,334597544.00,518272577,1.01
477,4-Jan-20,1,1.02,1,1.01,334494308.00,518956313,1.005
478,3-Jan-20,1.01,1.01,0.9885,1.01,374792167.00,517055937,1.01
479,2-Jan-20,1,1.01,1,1.01,318268134.00,517456713,1.005
480,1-Jan-20,1,1.01,1,1,242586528.00,516992415,1
481,31-Dec-19,1.01,1.01,1,1,267041315.00,518524366,1.005
482,30-Dec-19,1.01,1.01,1,1.01,391410188.00,521352612,1.01
483,29-Dec-19,1,1.03,0.9998,1.01,277058217.00,520939799,1.005
484,28-Dec-19,1.01,1.01,1,1,264015986.00,518666293,1.005
485,27-Dec-19,1.01,1.02,0.9973,1.01,273234537.00,522362993,1.01
486,26-Dec-19,1.01,1.02,0.997,1.01,220889371.00,518286276,1.01
487,25-Dec-19,1.01,1.02,1,1.01,275322378.00,522637012,1.01
488,24-Dec-19,1,1.03,0.9997,1.01,228681222.00,521854515,1.005
489,23-Dec-19,1,1.01,0.9951,1,318337304.00,520339586,1
490,22-Dec-19,1.01,1.01,0.9981,1,304211343.00,522378469,1.005
491,21-Dec-19,1.01,1.01,1,1.01,318647354.00,524904660,1.01
492,20-Dec-19,1.01,1.01,1,1.01,286324794.00,523978794,1.01
493,19-Dec-19,1.01,1.02,0.9969,1.01,328027662.00,513281417,1.01
494,18-Dec-19,0.9979,1.03,0.9937,1.01,502511827.00,476511547,1.00395
495,17-Dec-19,1,1.02,0.9941,0.9987,343419650.00,459604776,0.99935
496,16-Dec-19,1.01,1.02,1,1,267804554.00,467012937,1.005
497,15-Dec-19,1.01,1.01,0.9971,1.01,245259537.00,476226732,1.01
498,14-Dec-19,1,1.01,1,1.01,219599263.00,475565226,1.005
499,13-Dec-19,1.01,1.01,1,1,234842837.00,473685132,1.005
500,12-Dec-19,1,1.01,0.9953,1.01,254328990.00,477440913,1.005
501,11-Dec-19,1.01,1.01,1,1,220178877.00,475096190,1.005
502,10-Dec-19,1.01,1.01,1,1.01,337364122.00,481975625,1.01
503,9-Dec-19,1.01,1.01,0.9963,1.01,289633306.00,485716419,1.01
504,8-Dec-19,1.01,1.01,1,1.01,343379311.00,464755635,1.01
505,7-Dec-19,1,1.01,1,1.01,303307059.00,465947064,1.005
506,6-Dec-19,1.01,1.01,0.9986,1,303997788.00,464937222,1.005
507,5-Dec-19,1,1.01,0.9956,1.01,278757472.00,467344559,1.005
508,4-Dec-19,1,1.01,0.9894,1,266815750.00,465046679,1
509,3-Dec-19,0.9988,1.01,0.989,1,220114424.00,446025602,0.9994
510,2-Dec-19,0.9966,1.01,0.9871,0.9988,236676758.00,456524672,0.9977
511,1-Dec-19,0.9979,1.01,0.9815,0.9964,195974260.00,454728031,0.99715
512,30-Nov-19,1,1.01,0.9918,0.9977,225316662.00,454059448,0.99885
513,29-Nov-19,1.01,1.02,0.9927,1,243248443.00,454235200,1.005
514,28-Nov-19,1.01,1.03,1,1.01,297912088.00,458276296,1.01
515,27-Nov-19,1,1.03,0.985,1.01,320421509.00,467956602,1.005
516,26-Nov-19,1,1.02,0.9968,1.01,253662665.00,462535121,1.005
517,25-Nov-19,1.01,1.02,0.9871,1,292879020.00,457965523,1.005
518,24-Nov-19,1.01,1.02,1,1.01,205327943.00,447418651,1.01
519,23-Nov-19,1,1.02,0.9989,1.01,278078472.00,448722471,1.005
520,22-Nov-19,1,1.02,0.992,1,360936425.00,441973715,1
521,21-Nov-19,1.01,1.02,1,1,273585206.00,443598617,1.005
522,20-Nov-19,1.01,1.02,1,1.01,243202937.00,433657939,1.01
523,19-Nov-19,1.01,1.03,1,1.01,270511693.00,444180150,1.01
524,18-Nov-19,1.01,1.02,1.01,1.01,318741886.00,447778601,1.01
525,17-Nov-19,1.01,1.02,1,1.01,348968468.00,445015572,1.01
526,16-Nov-19,1,1.01,1,1.01,196265977.00,444955987,1.005
527,15-Nov-19,1.01,1.02,0.9989,1,217386443.00,439849170,1.005
528,14-Nov-19,1,1.01,1,1.01,206724419.00,442184866,1.005
529,13-Nov-19,1,1.01,1,1,221641563.00,449163234,1
530,12-Nov-19,1,1.01,0.998,1,231927404.00,450783452,1
531,11-Nov-19,1,1.01,0.9993,1,249046403.00,452216839,1
532,10-Nov-19,1,1.01,0.9875,1,208138709.00,452610559,1
533,9-Nov-19,1,1.01,0.9994,0.9999,181125623.00,452131191,0.99995
534,8-Nov-19,1.01,1.01,0.9997,1,274189415.00,453928210,1.005
535,7-Nov-19,1,1.01,0.9996,1.01,239841337.00,458718478,1.005
536,6-Nov-19,1,1.01,0.9992,1,254889570.00,458947113,1
537,5-Nov-19,1,1.01,0.9954,1,294667615.00,469576715,1
538,4-Nov-19,1,1.01,0.9914,1,310602968.00,447664364,1
539,3-Nov-19,1,1.01,0.9977,1,208342328.00,468534831,1
540,2-Nov-19,1,1.01,0.9954,1,222754025.00,469892325,1
541,1-Nov-19,1.01,1.01,0.9987,1,244379930.00,455485474,1.005
542,31-Oct-19,1,1.04,0.9964,1,238812359.00,464314215,1
543,30-Oct-19,1,1.01,0.9984,1,278236712.00,467478637,1
544,29-Oct-19,1,1.01,0.9922,0.9996,275012859.00,470545187,0.9998
545,28-Oct-19,1,1.01,0.9746,1,279804543.00,473738411,1
546,27-Oct-19,0.999,1.01,0.9731,1,259625515.00,475568092,0.9995
547,26-Oct-19,1,1.01,0.9679,0.9989,325436453.00,480409109,0.99945
548,25-Oct-19,1.01,1.01,0.9746,1,269128282.00,481796816,1.005
549,24-Oct-19,1,1.01,1,1.01,169699224.00,481101880,1.005
550,23-Oct-19,1,1.04,1,1,202607602.00,464430442,1
551,22-Oct-19,1,1.01,1,1,157055490.00,462166935,1
552,21-Oct-19,1,1,0.9988,1,204345569.00,477558147,1
553,20-Oct-19,1,1.01,0.9908,1,142910830.00,474459294,1
554,19-Oct-19,1,1.01,0.9965,1,134004655.00,476133073,1
555,18-Oct-19,1,1.02,1,1,167707575.00,474714058,1
556,17-Oct-19,1,1.01,1,1,163371782.00,474582523,1
557,16-Oct-19,1,1.01,0.9998,1,273003369.00,475595775,1
558,15-Oct-19,1,1.01,0.9965,1,225464591.00,471057041,1
559,14-Oct-19,1,1.01,0.9941,1,190937613.00,468218814,1
560,13-Oct-19,1,1.02,0.9999,1,141554667.00,468541249,1
561,12-Oct-19,1.01,1.01,0.9993,1,155919006.00,468394318,1.005
562,11-Oct-19,1,1.01,0.9909,1.01,212197499.00,470359604,1.005
563,10-Oct-19,1,1,0.9956,1,219588027.00,452018483,1
564,9-Oct-19,1.01,1.01,0.9917,1,213518684.00,461621063,1.005
565,8-Oct-19,1,1.01,0.9984,1.01,182457962.00,468318970,1.005
566,7-Oct-19,1.01,1.02,0.9966,1.01,183256904.00,471937627,1.01
567,6-Oct-19,0.9989,1.02,0.9969,1.01,154064852.00,480030266,1.00445
568,5-Oct-19,1.01,1.01,0.9961,0.9989,131141182.00,473493991,1.00445
569,4-Oct-19,1,1.01,1,1.01,154530799.00,476792469,1.005
570,3-Oct-19,1,1.01,0.9979,1,217085171.00,474684574,1
571,2-Oct-19,1,1.01,0.9986,1,170359263.00,456240793,1
572,1-Oct-19,1,1.01,0.9955,1,139974502.00,426469952,1
573,30-Sep-19,1,1.01,0.9963,1,176210397.00,427374808,1
574,29-Sep-19,1,1.02,0.9992,1,114528745.00,429610243,1
575,28-Sep-19,1.01,1.01,0.9958,1,118395271.00,429395143,1.005
576,27-Sep-19,1.01,1.01,0.9996,1.01,157011691.00,427060556,1.01
577,26-Sep-19,1,1.02,0.9975,1.01,198067687.00,419803976,1.005
578,25-Sep-19,1,1.01,0.9978,1,216810339.00,417470014,1
579,24-Sep-19,1,1.06,0.9912,1,289013278.00,389211511,1
580,23-Sep-19,1,1.02,0.9998,1,141559451.00,389889240,1
581,22-Sep-19,1,1.01,0.9983,1,122958976.00,392999541,1
582,21-Sep-19,1,1.01,0.9995,1,159348829.00,393751351,1
583,20-Sep-19,1,1.01,0.9989,1,192695287.00,393703322,1
584,19-Sep-19,1,1.03,0.9901,0.9988,232010536.00,399476337,0.9994
585,18-Sep-19,1,1.01,1,1,166194614.00,404626236,1
586,17-Sep-19,1,1.01,0.9981,1,171423477.00,414202818,1
587,16-Sep-19,1,1.01,0.9954,0.9999,303681510.00,421382673,0.99995
588,15-Sep-19,0.9993,1.01,0.9986,1,108479017.00,427289964,0.99965
589,14-Sep-19,0.9996,1,0.9981,0.9993,146591060.00,426122932,0.99945
590,13-Sep-19,0.999,1.01,0.9975,0.9988,159607257.00,426372460,0.9989
591,12-Sep-19,1,1.01,0.9977,0.999,208929233.00,433413767,0.9995
592,11-Sep-19,1,1.01,0.9986,1,170908062.00,435865675,1
593,10-Sep-19,1,1.02,0.9986,1,287595684.00,438285028,1
594,9-Sep-19,1,1.01,0.9905,1,320254412.00,439300894,1
595,8-Sep-19,1,1.02,0.9969,1,184302338.00,443790058,1
596,7-Sep-19,1,1,0.9953,1,216553605.00,446581153,1
597,6-Sep-19,0.9993,1.02,0.9953,1,235777567.00,446334724,0.99965
598,5-Sep-19,1,1,0.9957,0.9993,161117389.00,451453129,0.99965
599,4-Sep-19,1,1.01,0.9959,1,214046131.00,428921432,1
600,3-Sep-19,0.9983,1.01,0.9947,1,312426040.00,442431639,0.99915
601,2-Sep-19,1,1,0.9901,0.998,188570485.00,442561509,0.999
602,1-Sep-19,1,1,0.9975,1,85163334.00,452961466,1
603,31-Aug-19,1,1.01,0.9993,1,88557733.00,453985394,1
604,30-Aug-19,1,1.01,0.9979,1,118556193.00,452638755,1
605,29-Aug-19,1,1.01,0.9974,1,148444116.00,450009120,1
606,28-Aug-19,1,1.03,0.9965,0.9998,167046464.00,424907803,0.9999
607,27-Aug-19,1,1.01,0.9977,1,134282531.00,424924389,1
608,26-Aug-19,0.9991,1.01,0.9872,1,188397602.00,429435489,0.99955
609,25-Aug-19,1,1.01,0.9954,0.9992,155556320.00,435835635,0.9996
610,24-Aug-19,1,1.01,0.9949,1,148820460.00,438031691,1
611,23-Aug-19,1,1.01,0.9905,1,166459701.00,438606575,1
612,22-Aug-19,0.9997,1.01,0.9959,1,161974031.00,438817602,0.99985
613,21-Aug-19,1,1.02,0.9943,0.9997,140393308.00,438098196,0.99985
614,20-Aug-19,1,1.01,0.9977,1,95290236.00,416674294,1
615,19-Aug-19,1,1.01,0.9947,1,110441849.00,417987447,1
616,18-Aug-19,1,1,0.9941,1,84496697.00,420617418,1
617,17-Aug-19,1,1.01,0.994,1,87160072.00,419396123,1
618,16-Aug-19,1,1.01,0.9869,1,125713021.00,420406893,1
619,15-Aug-19,1,1.01,0.9898,1,139392936.00,418842373,1
620,14-Aug-19,1,1.01,0.9961,1,155009810.00,419239163,1
621,13-Aug-19,1,1.01,0.9985,1,106639934.00,421479640,1
622,12-Aug-19,0.9988,1.01,0.998,1,101717903.00,423256123,0.9994
623,11-Aug-19,1,1.01,0.9971,0.9975,88725828.00,421827379,0.99875
624,10-Aug-19,0.9999,1.02,0.9966,1,121464047.00,424503931,0.99995
625,9-Aug-19,0.997,1.01,0.9966,0.9999,86084349.00,421098918,0.99845
626,8-Aug-19,1,1.01,0.994,0.9965,107836436.00,430327900,0.99825
627,7-Aug-19,0.9991,1.02,0.9969,1,133917479.00,432471759,0.99955
628,6-Aug-19,1,1.02,0.996,0.9996,149803388.00,432324477,0.9998
629,5-Aug-19,0.9982,1.01,0.9918,1,343644659.00,430635846,0.9991
630,4-Aug-19,1,1.01,0.9933,0.9981,105761004.00,421167169,0.99905
631,3-Aug-19,0.9999,1.01,0.9974,1,139947812.00,423688043,0.99995
632,2-Aug-19,1,1.01,0.9989,0.9998,108695096.00,421730012,0.9999
633,1-Aug-19,1,1.01,0.9956,1,90755236.00,429294159,1
634,31-Jul-19,1,1.01,0.9976,1,76363107.00,436048258,1
635,30-Jul-19,1,1.01,0.9935,1,72740003.00,437549090,1
636,29-Jul-19,1,1.01,0.9963,1,64034829.00,437472835,1
637,28-Jul-19,1,1.01,0.9871,1,61030066.00,423857748,1
638,27-Jul-19,1,1.02,0.9917,1,112409400.00,423283758,1
639,26-Jul-19,1,1.01,0.997,1,65047970.00,424175789,1
640,25-Jul-19,1,1.01,0.9941,1,94853819.00,421478374,1
641,24-Jul-19,1,1.01,0.9974,1,81723548.00,422466299,1
642,23-Jul-19,1,1.01,0.9959,1,76690057.00,403811644,1
643,22-Jul-19,1,1.01,0.993,1,84139079.00,405663026,1
644,21-Jul-19,1,1.01,0.9977,1,77161429.00,404794928,1
645,20-Jul-19,0.9994,1.01,0.9948,1,97823106.00,405396205,0.9997
646,19-Jul-19,1,1.02,0.9911,0.9999,123323972.00,404461385,0.99995
647,18-Jul-19,1,1.01,0.9856,1,170055529.00,423752493,1
648,17-Jul-19,1,1.01,0.9945,1,162980968.00,424443148,1
649,16-Jul-19,1,1.01,0.9949,0.9999,184923693.00,402705576,0.99995
650,15-Jul-19,0.9997,1.01,0.9945,1,138049441.00,384031763,0.99985
651,14-Jul-19,0.9986,1.01,0.9956,0.9986,106041670.00,381350517,0.9986
652,13-Jul-19,1,1.01,0.9953,0.9991,95762367.00,381400432,0.99955
653,12-Jul-19,0.9987,1,0.9949,1,135296874.00,381774805,0.99935
654,11-Jul-19,1,1.01,0.9956,0.9993,178747822.00,376911460,0.99965
655,10-Jul-19,0.9979,1.01,0.9922,1,190158658.00,377774654,0.99895
656,9-Jul-19,0.9996,1.01,0.9952,0.9995,164588273.00,374922536,0.99955
657,8-Jul-19,0.9968,1,0.9867,0.9994,122496181.00,375388100,0.9981
658,7-Jul-19,0.9959,1,0.9928,0.9967,79091529.00,368058332,0.9963
659,6-Jul-19,1,1.01,0.9916,0.9961,95844874.00,367854867,0.99805
660,5-Jul-19,0.9991,1.01,0.9925,1,105604889.00,367267504,0.99955
661,4-Jul-19,1,1.01,0.9969,0.9994,157145205.00,366400452,0.9997
662,3-Jul-19,1,1.01,0.9881,1,187818876.00,366894722,1
663,2-Jul-19,1,1.01,0.9883,1,197506894.00,370243193,1
664,1-Jul-19,1,1.01,0.9953,1,180323705.00,367612314,1
665,30-Jun-19,1,1.01,0.9978,1,184930416.00,366985179,1
666,29-Jun-19,1,1.02,0.9961,0.9996,204845657.00,365854205,0.9998
667,28-Jun-19,1,1.01,0.9982,1,222978120.00,364258191,1
668,27-Jun-19,1,1.01,0.9965,1,270933375.00,360953145,1
669,26-Jun-19,1,1.04,0.9937,1,301891501.00,355534300,1
670,25-Jun-19,0.9998,1.01,0.9965,1,162151709.00,345967174,0.9999
671,24-Jun-19,1,1.01,0.9968,1,146462988.00,346117014,1
672,23-Jun-19,0.9999,1.01,0.9971,1,126408037.00,344238451,0.99995
673,22-Jun-19,0.9984,1.02,0.9954,1,198318684.00,342590410,0.9992
674,21-Jun-19,0.9976,1.01,0.996,0.9981,112588159.00,342637241,0.99785
675,20-Jun-19,0.9987,1,0.9931,0.9977,119884299.00,346068746,0.9982
676,19-Jun-19,0.9983,1,0.9966,0.9989,76300038.00,345830994,0.9986
677,18-Jun-19,1,1.01,0.997,0.9986,100022653.00,341369762,0.9993
678,17-Jun-19,1,1.01,0.9966,1,109557094.00,342956758,1
679,16-Jun-19,0.9992,1.01,0.9967,1,110310160.00,343748615,0.9996
680,15-Jun-19,1,1,0.997,0.9992,74693218.00,343889180,0.9996
681,14-Jun-19,0.9993,1,0.996,1,102745227.00,344551146,0.99965
682,13-Jun-19,0.9991,1,0.9977,0.999,100661027.00,343111371,0.99905
683,12-Jun-19,1,1,0.9918,0.9999,104507306.00,341136712,0.99995
684,11-Jun-19,1,1.01,0.9976,1,77849492.00,340263708,1
685,10-Jun-19,1,1,0.9934,1,84730095.00,340353226,1
686,9-Jun-19,0.994,1,0.9933,1,71761740.00,338071632,0.997
687,8-Jun-19,1,1,0.9933,0.9941,58308368.00,335510301,0.99705
688,7-Jun-19,1,1,0.9978,1,86557460.00,338066186,1
689,6-Jun-19,1,1.01,0.994,1,85196344.00,338793465,1
690,5-Jun-19,1,1.01,0.9978,1,93861385.00,337474989,1
691,4-Jun-19,0.9991,1.02,0.9923,1,136428049.00,335910948,0.99955
692,3-Jun-19,0.9992,1.02,0.9934,0.9979,111821198.00,333664121,0.99855
693,2-Jun-19,0.9999,1.01,0.9955,0.9992,80548187.00,333445431,0.99955
694,1-Jun-19,1,1.01,0.996,0.9999,70583907.00,333732017,0.99995
695,31-May-19,0.9995,1.01,0.9963,1,98020521.00,333225826,0.99975
696,30-May-19,0.9984,1.02,0.9948,0.9995,169319401.00,329560317,0.99895
697,29-May-19,1.01,1.01,0.9972,0.9984,115843796.00,358279967,1.0042
698,28-May-19,1.01,1.01,0.9972,1.01,106019351.00,362123747,1.01
699,27-May-19,0.9974,1.02,0.995,1,157886328.00,363266208,0.9987
700,26-May-19,0.9979,1,0.9923,0.9971,132653003.00,361061519,0.9975
701,25-May-19,0.9984,1,0.9965,0.998,95403891.00,360871707,0.9982
702,24-May-19,0.9997,1,0.9972,0.9984,148518446.00,359166983,0.99905
703,23-May-19,1,1,0.9951,1,129739544.00,359537082,1
704,22-May-19,0.9989,1.01,0.9924,1,125174452.00,359653673,0.99945
705,21-May-19,0.9974,1,0.9947,0.9989,170890835.00,358037015,0.99815
706,20-May-19,1,1.01,0.9929,0.9965,276118420.00,356599309,0.99825
707,19-May-19,0.9971,1.01,0.99,1,184721780.00,358662739,0.99855
708,18-May-19,0.9987,1.01,0.9933,0.9965,154811622.00,357148686,0.9976
709,17-May-19,0.9992,1.02,0.9931,0.9987,293691288.00,358044015,0.99895
710,16-May-19,0.9975,1.01,0.9909,0.9988,289789111.00,355813796,0.99815
711,15-May-19,0.9989,1,0.9945,0.9982,217410064.00,350986006,0.99855
712,14-May-19,0.9989,1.01,0.9929,0.9988,235041654.00,347094430,0.99885
713,13-May-19,0.9984,1.01,0.9826,0.9997,268233283.00,337091606,0.99905
714,12-May-19,0.9954,1.01,0.9912,0.9984,481377527.00,326565574,0.9969
715,11-May-19,1.01,1.01,0.9886,0.9969,510302993.00,326080996,1.00345
716,10-May-19,1,1.01,1,1.01,247829264.00,328247562,1.005
717,9-May-19,1.01,1.01,1,1,134758323.00,325541429,1.005
718,8-May-19,1.01,1.02,1.01,1.01,99486108.00,315621068,1.01
719,7-May-19,1.01,1.02,1,1.01,100559475.00,309665945,1.01
720,6-May-19,1.01,1.01,1.01,1.01,89601155.00,304196575,1.01
721,5-May-19,1.01,1.01,1,1.01,79929581.00,302262909,1.01
722,4-May-19,1.02,1.02,1.01,1.01,117381605.00,301440448,1.015
723,3-May-19,1.02,1.02,1.01,1.02,108921203.00,300729165,1.02
724,2-May-19,1.01,1.02,1.01,1.02,83209787.00,297640824,1.015
725,1-May-19,1.02,1.02,1.01,1.01,90100967.00,297075625,1.015
726,30-Apr-19,1.02,1.02,1.01,1.02,81415438.00,296148387,1.02
727,29-Apr-19,1.02,1.02,1.01,1.02,71768244.00,296038711,1.02
728,28-Apr-19,1.01,1.02,1.01,1.02,44378359.00,296169540,1.015
729,27-Apr-19,1.02,1.02,1.01,1.01,48849898.00,295631313,1.015
730,26-Apr-19,1.01,1.02,1.01,1.02,113370626.00,266877831,1.015
731,25-Apr-19,0.9987,1.02,0.996,1.01,82371631.00,257987023,1.00435
732,24-Apr-19,0.9994,1,0.992,0.9989,56853285.00,251875614,0.99915
733,23-Apr-19,1,1.01,0.9947,0.9994,55954909.00,251619167,0.9997
734,22-Apr-19,1,1.01,0.9969,1,46697245.00,252701768,1
735,21-Apr-19,1,1.01,0.9944,1,46250000.00,251875250,1
736,20-Apr-19,1,1.01,0.9962,1,39216250.00,252224995,1
737,19-Apr-19,1,1.01,0.9974,1,34134430.00,252660269,1
738,18-Apr-19,1.01,1.01,1,1,41597044.00,252677626,1.005
739,17-Apr-19,1.01,1.01,1,1.01,32737398.00,257358655,1.01
740,16-Apr-19,0.9991,1.01,0.9976,1.01,31481366.00,261998390,1.00455
741,15-Apr-19,1.01,1.01,0.9957,0.999,44283943.00,259120335,1.0045
742,14-Apr-19,1,1.01,0.9994,1.01,31692818.00,261528326,1.005
743,13-Apr-19,1,1.01,1,1,35520365.00,260490480,1
744,12-Apr-19,1,1.01,0.9989,1,44545387.00,259999114,1
745,11-Apr-19,1,1.01,0.9978,1,63695457.00,259775723,1
746,10-Apr-19,1,1.01,0.996,1,48590445.00,263097191,1
747,9-Apr-19,1,1,0.9966,1,40372954.00,266472461,1
748,8-Apr-19,1.01,1.01,0.9937,1,49978405.00,261528845,1.005
749,7-Apr-19,1,1.01,0.9981,1.01,43184042.00,262035385,1.005
750,6-Apr-19,1,1.01,0.9974,1,43756481.00,260706591,1
751,5-Apr-19,1,1.01,1,1,43799308.00,261161960,1
752,4-Apr-19,1,1.01,0.9972,1,52686902.00,257700787,1
753,3-Apr-19,1,1.02,0.9892,1,87987040.00,256492829,1
754,2-Apr-19,1,1.02,0.9938,1,75355543.00,257154541,1
755,1-Apr-19,1,1.01,0.9941,1,30912903.00,253290031,1
756,31-Mar-19,1,1.01,0.999,1,24262615.00,246270111,1
757,30-Mar-19,1,1.05,0.993,1,26227081.00,246478130,1
758,29-Mar-19,1.01,1.02,0.9988,1,37377861.00,246925871,1.005
759,28-Mar-19,1.02,1.02,1.01,1.01,28392576.00,249534401,1.015
760,27-Mar-19,1.01,1.02,1.01,1.02,37698423.00,249648527,1.015
761,26-Mar-19,1.01,1.02,1.01,1.01,33876854.00,248448913,1.01
762,25-Mar-19,1.01,1.02,1.01,1.01,34431703.00,249298995,1.01
763,24-Mar-19,1.01,1.01,1,1.01,17336324.00,247226412,1.01
764,23-Mar-19,1.01,1.02,1.01,1.01,23348602.00,247863704,1.01
765,22-Mar-19,1.01,1.02,1.01,1.01,33465329.00,246609280,1.01
766,21-Mar-19,1.01,1.02,1.01,1.01,43135935.00,247007932,1.01
767,20-Mar-19,1.02,1.02,1.01,1.01,43164011.00,243880396,1.015
768,19-Mar-19,1.02,1.02,1.01,1.02,34394867.00,243793849,1.02
769,18-Mar-19,1.02,1.02,1.01,1.02,41889761.00,243412427,1.02
770,17-Mar-19,1.02,1.02,1.01,1.02,38655614.00,243982005,1.02
771,16-Mar-19,1.02,1.02,1.01,1.02,35637112.00,243037195,1.02
772,15-Mar-19,1.02,1.02,1.01,1.02,30356979.00,242997571,1.02
773,14-Mar-19,1.01,1.02,1.01,1.02,30654411.00,244623975,1.015
774,13-Mar-19,1.01,1.02,1.01,1.01,32955078.00,243618142,1.01
775,12-Mar-19,1.01,1.02,1.01,1.01,25249458.00,239478825,1.01
776,11-Mar-19,1.02,1.02,1.01,1.01,25473881.00,239824828,1.015
777,10-Mar-19,1.01,1.02,1.01,1.02,21622742.00,241217070,1.015
778,9-Mar-19,1.01,1.02,1.01,1.01,24550954.00,239526386,1.01
779,8-Mar-19,1.01,1.02,1.01,1.01,27535813.00,240037668,1.01
780,7-Mar-19,1.01,1.02,1.01,1.01,24225454.00,239792871,1.01
781,6-Mar-19,1.02,1.02,1.01,1.01,24347412.00,239891927,1.015
782,5-Mar-19,1.02,1.02,1.01,1.02,32016571.00,240587907,1.02
783,4-Mar-19,1.01,1.02,1.01,1.02,23960578.00,240265683,1.015
784,3-Mar-19,1.01,1.01,1.01,1.01,17429846.00,239435727,1.01
785,2-Mar-19,1.01,1.02,1.01,1.01,18482080.00,238964776,1.01
786,1-Mar-19,1.01,1.02,1.01,1.01,21097111.00,233704707,1.01
787,28-Feb-19,1.02,1.02,1.01,1.01,31630079.00,234118357,1.015
788,27-Feb-19,1.01,1.02,1.01,1.02,38328217.00,234332690,1.015
789,26-Feb-19,1.02,1.02,1.01,1.01,42569527.00,232919408,1.015
790,25-Feb-19,1,1.02,1,1.02,52796841.00,234355973,1.01
791,24-Feb-19,1.01,1.03,0.999,1.01,51756152.00,231683105,1.01
792,23-Feb-19,1.01,1.04,1.01,1.01,36243964.00,232823545,1.01
793,22-Feb-19,1.01,1.02,1.01,1.02,32159403.00,233988555,1.015
794,21-Feb-19,1.02,1.02,1.01,1.01,35317064.00,233211813,1.015
795,20-Feb-19,1,1.02,0.9987,1.02,41527390.00,248241907,1.01
796,19-Feb-19,1.01,1.02,1,1,49393554.00,245411277,1.005
797,18-Feb-19,1.02,1.03,1,1.01,51464756.00,247579345,1.015
798,17-Feb-19,1.01,1.03,1.01,1.02,45168007.00,250117816,1.015
799,16-Feb-19,1.01,1.02,1.01,1.01,44255529.00,247555008,1.01
800,15-Feb-19,1.01,1.02,1,1.01,35775279.00,247301762,1.01
801,14-Feb-19,1.01,1.02,1.01,1.01,27582140.00,246582359,1.01
802,13-Feb-19,1.02,1.02,1.01,1.01,27483515.00,246858432,1.015
803,12-Feb-19,1.01,1.02,1.01,1.02,28682063.00,262859263,1.015
804,11-Feb-19,1.02,1.02,1.01,1.01,19063318.00,261437387,1.015
805,10-Feb-19,1.01,1.02,1.01,1.01,19451268.00,262005710,1.01
806,9-Feb-19,1.02,1.02,1.01,1.01,21523062.00,261570199,1.015
807,8-Feb-19,1.01,1.02,1.01,1.02,31291520.00,277576609,1.015
808,7-Feb-19,1.01,1.02,1.01,1.01,15429983.00,276092246,1.01
809,6-Feb-19,1.01,1.02,1.01,1.01,27032564.00,291895730,1.01
810,5-Feb-19,1.01,1.01,1.01,1.01,19011789.00,291042663,1.01
811,4-Feb-19,1.01,1.02,1.01,1.01,24242526.00,291806351,1.01
812,3-Feb-19,1.02,1.02,1.01,1.01,26365349.00,302531642,1.015
813,2-Feb-19,1.01,1.02,1.01,1.02,23207115.00,303768812,1.015
814,1-Feb-19,1.01,1.03,1.01,1.02,26896947.00,303077425,1.015
815,31-Jan-19,1.01,1.02,1,1.01,30016994.00,297790025,1.01
816,30-Jan-19,1.01,1.02,1.01,1.01,28233801.00,318185578,1.01
817,29-Jan-19,1.01,1.02,1.01,1.01,26620698.00,318523792,1.01
818,28-Jan-19,1.01,1.02,1.01,1.01,34421448.00,318116020,1.01
819,27-Jan-19,1.01,1.02,1.01,1.01,17334193.00,333585022,1.01
820,26-Jan-19,1.01,1.02,1.01,1.01,12311593.00,326739212,1.01
821,25-Jan-19,1.01,1.01,1.01,1.01,16078526.00,326799021,1.01
822,24-Jan-19,1.01,1.01,1.01,1.01,19309437.00,323387386,1.01
823,23-Jan-19,1.01,1.01,1.01,1.01,14686835.00,315423713,1.01
824,22-Jan-19,1.01,1.02,1.01,1.01,18848807.00,332524898,1.01
825,21-Jan-19,1.02,1.02,1.01,1.01,12277261.00,328795313,1.015
826,20-Jan-19,1.01,1.03,1.01,1.02,14934092.00,327478050,1.015
827,19-Jan-19,1.01,1.01,1,1.01,15830400.00,325827499,1.01
828,18-Jan-19,1.03,1.04,1.01,1.01,18899249.00,326379674,1.02
829,17-Jan-19,1.01,1.04,1.01,1.03,41708422.00,322975567,1.02
830,16-Jan-19,1.01,1.02,1.01,1.01,25957206.00,321495519,1.01
831,15-Jan-19,1.01,1.02,1.01,1.01,26459207.00,360749462,1.01
832,14-Jan-19,1.01,1.02,0.9987,1.01,25825886.00,365745274,1.01
833,13-Jan-19,1.01,1.03,1.01,1.01,16808894.00,372399548,1.01
834,12-Jan-19,1.01,1.02,1.01,1.01,12617410.00,364888858,1.01
835,11-Jan-19,1.02,1.02,1.01,1.01,25279715.00,356762456,1.015
836,10-Jan-19,1,1.03,1,1.01,51534670.00,346525551,1.005
837,9-Jan-19,1.01,1.01,1,1,23000567.00,337931396,1.005
838,8-Jan-19,1.01,1.02,1,1.01,23189996.00,327134638,1.01
839,7-Jan-19,1.01,1.01,1,1.01,18697630.00,316560983,1.01
840,6-Jan-19,1.01,1.02,0.9892,1.01,18503989.00,305397453,1.01
841,5-Jan-19,1.01,1.02,1,1.01,15428171.00,294420174,1.01
842,4-Jan-19,1.02,1.02,1,1.01,17203036.00,293621600,1.015
843,3-Jan-19,1.01,1.02,1.01,1.01,15279811.00,290759445,1.01
844,2-Jan-19,1.01,1.02,1.01,1.02,18125812.00,288816454,1.015
845,1-Jan-19,1.02,1.02,1.01,1.01,17007853.00,261353425,1.015
846,31-Dec-18,1.01,1.03,1.01,1.02,20975704.00,254230218,1.015
847,30-Dec-18,1.02,1.03,1.01,1.01,18537225.00,249383515,1.015
848,29-Dec-18,1.01,1.04,1,1.02,22783697.00,251416580,1.015
849,28-Dec-18,1.02,1.02,0.9786,1.01,28974098.00,244258933,1.015
850,27-Dec-18,1.02,1.03,1.01,1.02,23019282.00,241190277,1.02
851,26-Dec-18,1.01,1.02,1.01,1.01,19786403.00,230733088,1.01
852,25-Dec-18,1.01,1.03,1.01,1.01,27610569.00,230303642,1.01
853,24-Dec-18,1.01,1.02,0.9984,1.01,43621601.00,230219939,1.01
854,23-Dec-18,1.01,1.02,1.01,1.01,23629168.00,230406708,1.01
855,22-Dec-18,1.01,1.02,0.9971,1.01,26222950.00,230419100,1.01
856,21-Dec-18,1.02,1.02,1.01,1.02,46603504.00,231531679,1.02
857,20-Dec-18,1.02,1.02,1.01,1.02,58976758.00,229602070,1.02
858,19-Dec-18,1.01,1.02,1,1.02,46352135.00,227179148,1.015
859,18-Dec-18,1.01,1.02,1,1.01,24572396.00,216113191,1.01
860,17-Dec-18,1.03,1.03,0.9981,1.01,18392475.00,214498101,1.02
861,16-Dec-18,1,1.04,0.998,1.01,9383751.00,204222547,1.005
862,15-Dec-18,1.02,1.02,0.9951,0.9979,8595919.00,201408567,1.00895
863,14-Dec-18,1.02,1.03,1.01,1.02,11571584.00,205058003,1.02
864,13-Dec-18,1.04,1.04,0.983,1.02,8569160.00,195990468,1.03
865,12-Dec-18,1.02,1.04,0.9898,1.02,10392693.00,195911389,1.02
866,11-Dec-18,1.03,1.04,1.02,1.02,12104531.00,193258122,1.025
867,10-Dec-18,1.02,1.03,1.01,1.02,12987868.00,194659964,1.02
868,9-Dec-18,1.02,1.03,1.01,1.02,14831259.00,188363784,1.02
869,8-Dec-18,1.01,1.03,1.01,1.02,17724714.00,189115397,1.015
870,7-Dec-18,1.02,1.03,1,1.01,29947363.00,186984732,1.015
871,6-Dec-18,1.01,1.02,1,1.02,21637768.00,181375785,1.015
872,5-Dec-18,1.01,1.02,1,1.01,14257800.00,180498555,1.01
873,4-Dec-18,1.01,1.02,1,1.01,12556999.00,178853754,1.01
874,3-Dec-18,1.01,1.02,1,1.01,12188098.00,178146806,1.01
875,2-Dec-18,1.01,1.03,0.9933,1.01,10761895.00,178770938,1.01
876,1-Dec-18,1.01,1.03,1,1.01,14198649.00,177962574,1.01
877,30-Nov-18,1.01,1.02,1,1.01,14143221.00,178350744,1.01
878,29-Nov-18,1.01,1.02,1,1.01,18025473.00,179215723,1.01
879,28-Nov-18,1.01,1.03,1,1.01,23327400.00,173690422,1.01
880,27-Nov-18,1.03,1.04,0.9955,1.01,13622700.00,170711291,1.02
881,26-Nov-18,1.02,1.06,1.02,1.04,29734800.00,172044015,1.03
882,25-Nov-18,1.03,1.04,0.9903,1.03,23476200.00,170393049,1.03
883,24-Nov-18,1.02,1.04,1.01,1.02,19409700.00,169951729,1.02
884,23-Nov-18,1.02,1.03,1.01,1.02,17717500.00,169431172,1.02
885,22-Nov-18,1.01,1.02,1.01,1.02,11556600.00,166175762,1.015
886,21-Nov-18,1.02,1.03,1.01,1.01,20164000.00,165035815,1.015
887,20-Nov-18,1.02,1.06,1.01,1.02,43293600.00,156707498,1.02
888,19-Nov-18,1.01,1.05,1,1.02,27873100.00,145433960,1.015
889,18-Nov-18,1.01,1.01,1,1.01,5735460.00,144472180,1.01
890,17-Nov-18,1.03,1.04,1.01,1.01,5537380.00,144078009,1.02
891,16-Nov-18,1.02,1.04,1.01,1.03,9247040.00,147038389,1.025
892,15-Nov-18,1.02,1.06,1.01,1.02,18776600.00,145288638,1.02
893,14-Nov-18,1.02,1.04,0.9991,1.02,24013300.00,145938458,1.02
894,13-Nov-18,1.01,1.02,0.9995,1.01,6483310.00,135535719,1.01
895,12-Nov-18,1.01,1.02,1,1.01,6446540.00,135869180,1.01
896,11-Nov-18,1.01,1.02,0.9967,1.01,4726130.00,135307300,1.01
897,10-Nov-18,1.01,1.03,0.9959,1.01,2497760.00,135543519,1.01
898,9-Nov-18,1,1.01,1,1.01,3478250.00,135152023,1.005
899,8-Nov-18,1,1.01,0.9986,1,3423190.00,134582387,1
900,7-Nov-18,1,1.01,0.9972,1,2589880.00,134846051,1
901,6-Nov-18,1,1.01,0.9971,1,2241070.00,134764761,1
902,5-Nov-18,0.997,1.01,0.9967,0.9987,1287400.00,134043873,0.99785
903,4-Nov-18,1,1.01,0.9827,0.9977,2144200.00,131925671,0.99885
904,3-Nov-18,1,1.01,0.9978,1,1402480.00,132760170,1
905,2-Nov-18,0.9929,1.01,0.9882,1,2042390.00,132263916,0.99645
906,1-Nov-18,0.9964,1.02,0.9912,0.9925,1800480.00,126328568,0.99445
907,31-Oct-18,1.01,1.01,0.994,0.9964,1279360.00,126902715,1.0032
908,30-Oct-18,1.01,1.01,1,1,715882.00,127961109,1.005
909,29-Oct-18,1.01,1.02,1.01,1.01,1983680.00,126268125,1.01
910,28-Oct-18,1.01,1.01,1,1.01,282707.00,125585474,1.01
911,27-Oct-18,1.01,1.01,1,1.01,712963.00,125258974,1.01
912,26-Oct-18,1.01,1.02,1,1.01,950623.00,125705149,1.01
913,25-Oct-18,1.01,1.01,1,1.01,1365520.00,85423351,1.01
914,24-Oct-18,1.01,1.01,1,1.01,923940.00,85597084,1.01
915,23-Oct-18,1.01,1.02,1.01,1.01,1503840.00,0,1.01
916,22-Oct-18,1.01,1.02,1,1.01,1211160.00,33637864,1.01
917,21-Oct-18,1.01,1.02,1,1.01,509276.00,24149159,1.01
918,20-Oct-18,1.01,1.01,1,1.01,299871.00,23994903,1.01
919,19-Oct-18,1.01,1.02,1.01,1.01,715078.00,24002106,1.01
920,18-Oct-18,1.01,1.02,1.01,1.01,1182450.00,24187789,1.01
921,17-Oct-18,1.02,1.03,1.01,1.01,1102740.00,24107423,1.015
922,16-Oct-18,1.03,1.04,1.02,1.02,2124080.00,24323316,1.025
923,15-Oct-18,1.02,1.11,0.9984,1.03,10660400.00,0,1.025
924,14-Oct-18,1.01,1.02,1,1.02,982750.00,0,1.015
925,13-Oct-18,1.01,1.02,1,1.01,698507.00,0,1.01
926,12-Oct-18,1.01,1.02,1,1.01,1322240.00,0,1.01
927,11-Oct-18,1.01,1.03,1,1.01,4177290.00,0,1.01
928,10-Oct-18,1,1.02,1,1.01,711783.00,0,1.005
929,9-Oct-18,1,1.01,1,1.01,108803.00,0,1.005
