,Date,Open,High,Low,Close,WbtcVolume,Market cap,WbtcMean
1,24-Apr-21,51145.5,51210.34,48813.16,50092.58,169650614,7823790520,50619.04
2,23-Apr-21,51646.9,52133.55,47867.22,51133.24,333407802,7986327190,51390.07
3,22-Apr-21,54053.55,55433.91,50763.75,51667.88,333611918,8051756135,52860.715
4,21-Apr-21,56543.66,56765.9,53789.85,54024.75,211209162,8338019954,55284.205
5,20-Apr-21,55781.01,57161.39,53583.51,56477.14,227680971,8688290256,56129.075
6,19-Apr-21,56211.65,57292.92,54362,55744.01,150640864,8561578053,55977.83
7,18-Apr-21,60715.76,61044.15,53254.54,56190.56,318085370,8630162231,58453.16
8,17-Apr-21,61617.8,62751.49,60345.03,60753.67,105260446,9027351937,61185.735
9,16-Apr-21,63209.57,63560.32,60185.93,61647.08,183932110,9160103305,62428.325
10,15-Apr-21,63148.19,63891.91,62143.11,63187.94,185039834,9401623511,63168.065
11,14-Apr-21,63446.94,64796.44,61732.71,63127.86,236040575,9392684208,63287.4
12,13-Apr-21,59913.6,63638.73,59913.6,63436.58,184866416,9311871590,61675.09
13,12-Apr-21,60153.44,61076.34,59653.47,59927.62,216409420,8746475743,60040.53
14,11-Apr-21,59747.7,60700.82,59325.78,60154.7,107817288,8779619597,59951.2
15,10-Apr-21,58275.61,61002.1,58094.27,59746.69,147832104,8720068994,59011.15
16,9-Apr-21,58230.5,58812.3,57848.25,58269.93,163315562,8504535438,58250.215
17,8-Apr-21,56172.81,58235.68,55955.24,58232.91,205536182,8324520518,57202.86
18,7-Apr-21,58016.67,58311.05,55585.4,56272.28,156358123,7968315490,57144.475
19,6-Apr-21,58672.91,59211.91,57467.48,58027.45,119098898,8216852440,58350.18
20,5-Apr-21,58577.95,59281.54,57188.37,58570.26,114268579,8235145408,58574.105
21,4-Apr-21,57538.13,58887.8,57148.76,58592.26,106171154,8238238576,58065.195
22,3-Apr-21,59401.19,60157.79,57554.1,57611.91,186726371,8100398989,58506.55
23,2-Apr-21,59155.04,60132.73,58707.02,59351.16,193733026,8315281448,59253.1
24,1-Apr-21,59037.64,59648.09,58375.65,59071.53,160744443,8276105045,59054.585
25,31-Mar-21,58864.39,59798.78,57739.08,59067.01,137746620,8275470968,58965.7
26,30-Mar-21,57663.65,59375.44,57289.29,58864.74,163303603,8247131981,58264.195
27,29-Mar-21,55948.78,59334,55209.91,57659.2,145958952,8049417117,56803.99
28,28-Mar-21,55960.7,56638.19,55092.84,55948.61,71339737,7721106600,55954.655
29,27-Mar-21,55029.39,56484.47,54234.7,55962.3,90560014,7722995497,55495.845
30,26-Mar-21,51679.19,55028.76,51651.84,55028.76,120110528,7594164638,53353.975
31,25-Mar-21,52774.75,53255.14,50844.94,51704.32,138305703,7135378967,52239.535
32,24-Mar-21,54695.87,57103.72,52580,52814.37,132865116,7288570232,53755.12
33,23-Mar-21,54464.16,55857.1,53366.24,54722.18,179910047,7532712084,54593.17
34,22-Mar-21,57521.2,58261.67,54320.49,54507.57,103027601,7489495484,56014.385
35,21-Mar-21,58298.51,58846.29,56013.25,57493.49,114036237,7899769967,57896
36,20-Mar-21,58283.48,59931.86,58214,58320.95,86910937,8013465295,58302.215
37,19-Mar-21,57880.76,59401.74,56687.59,58265,101726469,7947541430,58072.88
38,18-Mar-21,58964.08,59884.82,56210.34,57878.7,93266520,7894848651,58421.39
39,17-Mar-21,56568.71,58943.05,54884.41,58921.4,101570695,8037076553,57745.055
40,16-Mar-21,55740.04,56530.87,53608.9,56518.73,125004524,7709344151,56129.385
41,15-Mar-21,59361.05,60437.67,55323.36,55848.68,166051445,7466707763,57604.865
42,14-Mar-21,61047.84,61423.58,59399.41,59399.41,89181344,7941423552,60223.625
43,13-Mar-21,57245.65,61496.25,56210.43,61086.44,172805732,8166971609,59166.045
44,12-Mar-21,57791.32,58015.35,55314.82,57230.42,193551130,7651439497,57510.87
45,11-Mar-21,56088.09,58100.2,54503.44,57778.8,162494736,7667005746,56933.445
46,10-Mar-21,54659.31,57162.1,53384.32,56132.18,237198928,7392402644,55395.745
47,9-Mar-21,52028.81,54635.77,52028.81,54635.77,243270042,7130949512,53332.29
48,8-Mar-21,51272.87,52171.05,49704.14,52028.68,229580403,6712660631,51650.775
49,7-Mar-21,48986.68,51488.18,48986.68,51406.18,389412623,6434480452,50196.43
50,6-Mar-21,48561.88,49178.05,47202.8,48975.89,161497498,6110701716,48768.885
51,5-Mar-21,48432.32,49298.29,46385.65,48602.87,132872535,6064159654,48517.595
52,4-Mar-21,50572.47,51602.89,47678.53,48463.64,158892683,5998349355,49518.055
53,3-Mar-21,48273.1,52398.88,48174.87,50582.25,173200483,6260569297,49427.675
54,2-Mar-21,49525.58,50216.9,47227.39,48205.64,206370297,5949552528,48865.61
55,1-Mar-21,45305.53,49818.85,45163.75,49528.86,151039389,6112864378,47417.195
56,28-Feb-21,45966.78,46262.87,43527.6,45290.68,265578059,5589787066,45628.73
57,27-Feb-21,46198.04,48136.53,45195.28,45958.59,113794237,5672220786,46078.315
58,26-Feb-21,47162.15,48143.37,44393.16,46178.6,231656267,5699375336,46670.375
59,25-Feb-21,49431.16,51664.52,47041.73,47041.73,140040598,5805902599,48236.445
60,24-Feb-21,48628.87,51240,47226.89,49437.06,185311552,6101534585,49032.965
61,23-Feb-21,54197.86,54201.52,45310.73,48617.61,421085838,6000398257,51407.735
62,22-Feb-21,57536.83,57679.01,49187.29,54191.46,289375806,6689529412,55864.145
63,21-Feb-21,55885.91,58175.01,55687.78,57557.97,207543892,7105099798,56721.94
64,20-Feb-21,55764.25,57026.4,54813.85,55937.4,288211521,6905051989,55850.825
65,19-Feb-21,51636.72,56096.3,50897.42,55759.78,300753143,6883126134,53698.25
66,18-Feb-21,52156.57,52471.84,51010.08,51684.3,176702091,6377198372,51920.435
67,17-Feb-21,49108.39,52411.78,49086.25,52193.26,208553573,6580653104,50650.825
68,16-Feb-21,47939.3,50249.53,47285.29,49110.09,149734050,6191919130,48524.695
69,15-Feb-21,48680.14,48822.41,46101.66,47959.19,256309374,6102575518,48319.665
70,14-Feb-21,47140.4,49580.16,47097.34,48696.93,218263543,6196449242,47918.665
71,13-Feb-21,47474.89,47974,46355.72,47123.27,157231046,5996208523,47299.08
72,12-Feb-21,47718.48,48606.11,46715.03,47508.24,221820347,6045194257,47613.36
73,11-Feb-21,44847.65,48326.79,44231.77,47751.07,165467141,6076093317,46299.36
74,10-Feb-21,46541.82,47104.89,43997.09,44846.93,374607338,5693063486,45694.375
75,9-Feb-21,46360.89,47765.13,45319.5,46560.31,333536652,5895675934,46460.6
76,8-Feb-21,38868.84,46403.37,38313.28,46403.37,347643570,5643822878,42636.105
77,7-Feb-21,39324.56,39680.71,37571.73,38877.48,218504012,4728485253,39101.02
78,6-Feb-21,38243.41,40910.96,38227.55,39329.49,327162438,4761837540,38786.45
79,5-Feb-21,37005.03,38372.8,36762.31,38241.69,271285055,4564003305,37623.36
80,4-Feb-21,37584.32,38570.19,36418.87,36990.57,211137804,4394349611,37287.445
81,3-Feb-21,35521.33,37535.39,35473.59,37513.78,174051775,4414253258,36517.555
82,2-Feb-21,33694.23,35870.4,33577.73,35519.52,191029603,4179588027,34606.875
83,1-Feb-21,33077.79,34381.76,32442.14,33702.03,212151450,3942142013,33389.91
84,31-Jan-21,34386.09,34416.93,32411.92,33085.08,162374473,3836904892,33735.585
85,30-Jan-21,34281.76,34749.68,33258.83,34355.65,151934724,3994560767,34318.705
86,29-Jan-21,33976.11,38104.69,32146.03,34312.94,416503263,3970730614,34144.525
87,28-Jan-21,30447.17,33624.09,30103.31,33315.13,151667679,3855262161,31881.15
88,27-Jan-21,32656.68,32656.68,29482.5,30431.75,223371858,3504851900,31544.215
89,26-Jan-21,32302.09,32777.13,31089.88,32668.16,222989223,3762421329,32485.125
90,25-Jan-21,32227.19,34816.47,32154.32,32337.59,257151173,3724349613,32282.39
91,24-Jan-21,32087.22,33017,31160.51,32241.8,168851963,3639190853,32164.51
92,23-Jan-21,32935.52,33160.96,31592.88,32081.56,123203158,3621104185,32508.54
93,22-Jan-21,30770.31,33706.62,29051.79,32980.39,189634945,3704425041,31875.35
94,21-Jan-21,35501.14,35575.94,30371.61,30795.28,149940476,3458989341,33148.21
95,20-Jan-21,36129.08,36373.76,33613.89,35489.39,185211997,3966729307,35809.235
96,19-Jan-21,36624.39,37741.32,36143.05,36143.05,292297642,4027146935,36383.72
97,18-Jan-21,35920.47,37182.54,34945.54,36615.97,144620090,4059710711,36268.22
98,17-Jan-21,36217.52,36700.56,34092.01,35895.35,95244127,3979813464,36056.435
99,16-Jan-21,36685.22,37779.91,35557.77,36252.4,150140547,4019399854,36468.81
100,15-Jan-21,39108.09,39625.76,34859.93,36693.6,152645840,4064586954,37900.845
101,14-Jan-21,37327.32,39992.54,36863.41,39188.64,120693349,4340965241,38257.98
102,13-Jan-21,33938.24,37516.83,32565.46,37305.65,143404068,4316672160,35621.945
103,12-Jan-21,35333.43,36462.2,32806.33,33853.32,166092136,3917200038,34593.375
104,11-Jan-21,38308.45,38308.45,30595.71,35375.02,406742475,4093277249,36841.735
105,10-Jan-21,40235.96,41299.37,35872.39,38332.34,219986622,4435470995,39284.15
106,9-Jan-21,40551.34,41236.63,38936.06,40236.77,189095702,4655834345,40394.055
107,8-Jan-21,39426.38,41804.18,36785.3,40574.24,220638643,4694883672,40000.31
108,7-Jan-21,36670.41,39830.42,36536.71,39335.31,194236616,4551525647,38002.86
109,6-Jan-21,34017.35,36808.85,33567.03,36680.52,165477003,4244337477,35348.935
110,5-Jan-21,31969.33,34332.43,30231.42,33968.24,174003619,3930496685,32968.785
111,4-Jan-21,33058.94,33472.44,29309.83,31950.11,328249091,3696977230,32504.525
112,3-Jan-21,32150.02,34675.94,32053.54,33008.13,317864544,3819401683,32579.075
113,2-Jan-21,29356.07,33196.69,29105.27,32164.8,146756920,3721819349,30760.435
114,1-Jan-21,28963.73,29594.91,28788.14,29349.44,73396342,3396051534,29156.585
115,31-Dec-20,28783.94,29209.37,28171.77,28977.74,79888312,3353042008,28880.84
116,30-Dec-20,27180.79,28912.85,27180.79,28788.81,123464844,3331180693,27984.8
117,29-Dec-20,27009.37,27191.75,26088.07,27191.39,63528328,3146341800,27100.38
118,28-Dec-20,26251.33,27309.7,26144.67,27025.56,85432799,3127152496,26638.445
119,27-Dec-20,26430.34,28307.55,25881.49,26237.58,205112923,3035975344,26333.96
120,26-Dec-20,24710.17,26791.58,24493.03,26409.53,319855621,3055871538,25559.85
121,25-Dec-20,23723.17,24756.36,23432.06,24652.15,245056562,2852522978,24187.66
122,24-Dec-20,23239.85,23787.31,22711.79,23737.31,233651756,2746666823,23488.58
123,23-Dec-20,23819.03,24103.63,22620.24,23229.82,302059284,2687943987,23524.425
124,22-Dec-20,22693.02,23820.51,22362.49,23820.51,255415460,2756293648,23256.765
125,21-Dec-20,23464.13,24096.85,22059.63,22744.46,324697156,2631783368,23104.295
126,20-Dec-20,23830.73,24285.59,23116.62,23472,245227909,2715966897,23651.365
127,19-Dec-20,23145.15,24134.82,22827.59,23874.2,260391736,2762505571,23509.675
128,18-Dec-20,22822.35,23271.89,22380.17,23146.72,234608916,2678328570,22984.535
129,17-Dec-20,21354.07,23669.27,21249.62,22818.61,520064613,2640362802,22086.34
130,16-Dec-20,19433.47,21546.73,19309.95,21367.41,316269010,2472443378,20400.44
131,15-Dec-20,19269.53,19563.21,19066.11,19428.91,236613725,2248136965,19349.22
132,14-Dec-20,19168.21,19361.14,19037.35,19278.18,124186860,2217208654,19223.195
133,13-Dec-20,18788.05,19394.11,18734.58,19163.82,33774646,2204055978,18975.935
134,12-Dec-20,18031.76,18898.65,18031.76,18781.91,30423721,2160131277,18406.835
135,11-Dec-20,18248.13,18276.8,17624.47,18054.93,33151714,2095471438,18151.53
136,10-Dec-20,18538.73,18546.03,17955.33,18250.66,50541963,2136456509,18394.695
137,9-Dec-20,18322.69,18615.59,17696.62,18531.15,47079839,2181894715,18426.92
138,8-Dec-20,19183,19276.25,18258.6,18327.37,47260933,2175532279,18755.185
139,7-Dec-20,19376.77,19421.3,18913.56,19176.63,36065739,2290706061,19276.7
140,6-Dec-20,19146.09,19398.17,18898.44,19383.04,46017663,2334556266,19264.565
141,5-Dec-20,18661.82,19173.82,18541.43,19150.38,39530321,2306533639,18906.1
142,4-Dec-20,19463.29,19517.02,18642.21,18665.34,51030229,2248114074,19064.315
143,3-Dec-20,19220.92,19543.36,18921.15,19460.82,35210480,2333225039,19340.87
144,2-Dec-20,18810.31,19310.16,18391.22,19214,37902964,2303632752,19012.155
145,1-Dec-20,19640.56,19897.24,18270.35,18828.38,67345145,2257399044,19234.47
146,30-Nov-20,18177.11,19754.26,18177.11,19619.04,59384803,2390214222,18898.075
147,29-Nov-20,17735.65,18318.22,17613.05,18167.78,30394908,2231572045,17951.715
148,28-Nov-20,17065,17829.34,16884.71,17734.59,31889619,2178363397,17399.795
149,27-Nov-20,17132.16,17414.08,16533.41,17060.39,31860794,2095550255,17096.275
150,26-Nov-20,18690.26,18834.11,16361.61,17123.87,105088098,2103348252,17907.065
151,25-Nov-20,19146.72,19402.62,18510.59,18690.25,46247227,2320980155,18918.485
152,24-Nov-20,18353.29,19390.81,18132.56,19146.87,73582082,2377686828,18750.08
153,23-Nov-20,18398.17,18710.29,18077.96,18358.94,63596731,2285715719,18378.555
154,22-Nov-20,18601.53,18643.26,17679.14,18398.17,54634314,2286162966,18499.85
155,21-Nov-20,18623.14,18933.09,18450.06,18601.53,56474890,2311431779,18612.335
156,20-Nov-20,17788.12,18745.96,17762.51,18623.14,48202991,2314118069,18205.63
157,19-Nov-20,17793.18,18117.57,17369.56,17788.12,37703332,2210357252,17790.65
158,18-Nov-20,17649.51,18287.18,17326.5,17793.18,52851021,2210986516,17721.345
159,17-Nov-20,16738.51,17737.91,16552.53,17654.39,60513821,2193740325,17196.45
160,16-Nov-20,15887.68,16769.92,15791.45,16665.2,45133837,2070822758,16276.44
161,15-Nov-20,16040.61,16048.04,15687.93,15887.32,30272059,1974163274,15963.965
162,14-Nov-20,16237.53,16246.02,15743.78,16039.94,37320906,1993128660,16138.735
163,13-Nov-20,16226.76,16433.26,15955.08,16232.42,44128270,2012178426,16229.59
164,12-Nov-20,15697.65,16260.3,15541.64,16226.76,42817987,2002555322,15962.205
165,11-Nov-20,15239.79,15921.26,15239.29,15696.94,42636687,1937170498,15468.365
166,10-Nov-20,15294.24,15422.66,15114.19,15243.55,35116311,1881216944,15268.895
167,9-Nov-20,15452.81,15634.87,14892.33,15294.62,33923852,1887519843,15373.715
168,8-Nov-20,14837.1,15551.62,14738.8,15451.87,46508946,1906925822,15144.485
169,7-Nov-20,15537.33,15716.62,14598.21,14823.49,71532215,1829377020,15180.41
170,6-Nov-20,15509.47,15901.45,15298.7,15533.68,83618674,1917021744,15521.575
171,5-Nov-20,14066.75,15629.34,14057.19,15509.62,68840187,1909712140,14788.185
172,4-Nov-20,13913.53,14174.3,13529.33,14066.75,58804955,1720098483,13990.14
173,3-Nov-20,13432.17,13938.81,13266.4,13913.53,50883613,1701362248,13672.85
174,2-Nov-20,13649.2,13742.29,13182.79,13432.18,50708001,1588795003,13540.69
175,1-Nov-20,13715.4,13778.14,13539.87,13649.2,39127216,1606961708,13682.3
176,31-Oct-20,13503.27,13915.4,13285.31,13715.4,41984427,1614754749,13609.335
177,30-Oct-20,13413.61,13596.81,13129.81,13503.27,61576090,1582357110,13458.44
178,29-Oct-20,13225.35,13558.17,12987.98,13413.61,52507770,1567852212,13319.48
179,28-Oct-20,13617.29,13763.17,12919.98,13225.86,49794775,1555165526,13421.575
180,27-Oct-20,13054.63,13688.43,13023.87,13617.29,65442631,1555415940,13335.96
181,26-Oct-20,13030.18,13187.72,12838.52,13054.63,118997300,1491146975,13042.405
182,25-Oct-20,13106.41,13321.06,12927.93,13030.18,29331031,1446022505,13068.295
183,24-Oct-20,12914.28,13141.01,12875.36,13106.41,33157783,1454481668,13010.345
184,23-Oct-20,12959.27,13002.13,12717.31,12914.28,25690800,1433160677,12936.775
185,22-Oct-20,12861.89,13138.63,12722.78,12941.4,61938702,1436170036,12901.645
186,21-Oct-20,11919.94,13145.02,11904.82,12861.89,109014810,1380539969,12390.915
187,20-Oct-20,11747.08,12010.24,11690.29,11919.94,71542185,1272882545,11833.51
188,19-Oct-20,11505.17,11792.98,11419.73,11735.53,43620198,1240286231,11620.35
189,18-Oct-20,11361.11,11486.04,11347.86,11486.04,26674474,1207545502,11423.575
190,17-Oct-20,11327.04,11384.97,11209.29,11360.86,25669857,1194385021,11343.95
191,16-Oct-20,11502.37,11530.7,11189.41,11318.26,46631548,1189907184,11410.315
192,15-Oct-20,11428.5,11575.57,11291.77,11491.65,49672971,1208135588,11460.075
193,14-Oct-20,11427.36,11540.1,11305.9,11430.97,53897445,1201756410,11429.165
194,13-Oct-20,11538.25,11551.62,11324.86,11428.22,27532015,1144360094,11483.235
195,12-Oct-20,11375,11708.27,11245.25,11542.79,58802807,1132756183,11458.895
196,11-Oct-20,11299.76,11436.58,11291.25,11379.34,42016865,1089757802,11339.55
197,10-Oct-20,11064.52,11409.24,11062.26,11306.53,57034328,1082559562,11185.525
198,9-Oct-20,10941.51,11112.64,10855.62,11071.43,54536939,1060049777,11006.47
199,8-Oct-20,10672.88,10944.64,10561.9,10908.86,44709887,1038486424,10790.87
200,7-Oct-20,10612.54,10681.89,10572.31,10670.39,42211603,1005119079,10641.465
201,6-Oct-20,10801.83,10802.03,10549.71,10612.54,52828967,999669303,10707.185
202,5-Oct-20,10667.02,10798.87,10640.61,10798.55,38346744,1007321545,10732.785
203,4-Oct-20,10548.85,10701.18,10537.99,10667.02,34237287,995052319,10607.935
204,3-Oct-20,10573.44,10604.95,10511.52,10556.77,53202710,984767740,10565.105
205,2-Oct-20,10632,10670.3,10103.22,10573.44,64612886,978923923,10602.72
206,1-Oct-20,10790.28,10918.2,10474.11,10621.46,49435315,983369956,10705.87
207,30-Sep-20,10845.99,10850.33,10682.12,10779.26,56440834,991871034,10812.625
208,29-Sep-20,10761.24,10856.37,10654.16,10843.73,39214616,997803250,10802.485
209,28-Sep-20,10791.75,10952.85,10718.46,10761.22,49232595,979454391,10776.485
210,27-Sep-20,10740.41,10810.22,10644.02,10782.93,40488014,932424625,10761.67
211,26-Sep-20,10688.03,10779.91,10673.64,10756.71,63154441,930157481,10722.37
212,25-Sep-20,10740.36,10758.69,10593.73,10693.95,86512186,914040370,10717.155
213,24-Sep-20,10261.19,10778.39,10249.91,10738.43,99652190,876966943,10499.81
214,23-Sep-20,10539.97,10548.84,10211.26,10264.76,83262949,808451368,10402.365
215,22-Sep-20,10541.92,10617.08,10442.58,10539.12,43304623,820579122,10540.52
216,21-Sep-20,10968.46,11049.21,10500.58,10551.35,68364263,814147904,10759.905
217,20-Sep-20,11152.46,11152.46,10847.06,10967.94,56173115,844927646,11060.2
218,19-Sep-20,10949.25,11199.66,10882.96,11145.55,68399983,847580772,11047.4
219,18-Sep-20,10991.92,12287.97,10403.06,10949.36,80768057,804478048,10970.64
220,17-Sep-20,11031.11,11199.42,10772.06,10991.92,105306770,708608948,11011.515
221,16-Sep-20,10822.89,11151.15,10731.03,11031.11,43295302,644073532,10927
222,15-Sep-20,10700.85,10945.81,10644.77,10823.35,33204258,631943067,10762.1
223,14-Sep-20,10370.9,10933.15,10286.51,10700.85,25283442,608318325,10535.875
224,13-Sep-20,10473.92,10605.36,10322.77,10367.3,14182168,589357083,10420.61
225,12-Sep-20,10396.22,10552.31,10333.11,10473.92,19802587,581280007,10435.07
226,11-Sep-20,10388.97,10464.39,10152.62,10398.09,15878815,554725435,10393.53
227,10-Sep-20,10260.74,10640.61,10252.38,10381.27,30055012,532504332,10321.005
228,9-Sep-20,10143.91,10396.04,9947.83,10264.38,12951222,507271257,10204.145
229,8-Sep-20,10371.58,10726.6,9973.21,10146.91,15633080,482645257,10259.245
230,7-Sep-20,10300.03,10400.7,9924.06,10370.37,11551948,481404806,10335.2
231,6-Sep-20,10270.14,10415.8,10083.13,10299.87,11006771,459600487,10285.005
232,5-Sep-20,10550.38,10667.55,10113.83,10272.64,17450225,449604309,10411.51
233,4-Sep-20,10568.74,10697.53,10264.74,10548.82,10731020,437175780,10558.78
234,3-Sep-20,11524.24,11563.65,10481.24,10564.66,17753084,437832317,11044.45
235,2-Sep-20,11750.41,12039.31,11250.27,11495.74,9505340,449530258,11623.075
236,1-Sep-20,11847.08,12388.67,11650.43,11750.63,23768873,447751610,11798.855
237,31-Aug-20,11740.88,11936.54,11521.53,11845.59,23468332,417623883,11793.235
238,30-Aug-20,12340.87,12408.58,11528.6,11740.33,24144995,387508326,12040.6
239,29-Aug-20,11676.86,12299.79,11342.18,12299.79,8284789,398720103,11988.325
240,28-Aug-20,11478.05,11675.8,11372.75,11675.8,6860553,378492183,11576.925
241,27-Aug-20,11581,11618.48,11192.36,11479.18,5804633,360643818,11530.09
242,26-Aug-20,11458.64,11653.01,11303.09,11626.01,6719406,361538431,11542.325
243,25-Aug-20,11750.93,11890.87,11254.28,11449.23,3801412,356041214,11600.08
244,24-Aug-20,11619.61,11832.59,11482.66,11749.63,5319503,361859481,11684.62
245,23-Aug-20,11682.97,11884.21,11484.4,11622.21,8576857,357935397,11652.59
246,22-Aug-20,11429.1,12512.96,11282.33,11692.23,6268310,360091924,11560.665
247,21-Aug-20,11773.23,11987.64,11409.31,11430.2,3085287,352022049,11601.715
248,20-Aug-20,11767.34,11907.4,11621.75,11771.51,4313650,362533371,11769.425
249,19-Aug-20,12062.97,12198.1,11601.09,11767.34,4281865,362404938,11915.155
250,18-Aug-20,12191.57,12420.51,11927.22,12125.71,3528697,348716536,12158.64
251,17-Aug-20,12036.5,12347.16,11707.04,12180.55,5671393,345423898,12108.525
252,16-Aug-20,11646.98,12054.41,11615.32,12036.5,5940136,320283421,11841.74
253,15-Aug-20,11963.71,12350.96,11572.72,11646.02,6232602,299370628,11804.865
254,14-Aug-20,11904.64,12176.46,11678.91,11953.82,8383305,276825515,11929.23
255,13-Aug-20,11643.43,12185.89,11060.66,11906.39,2722882,251282957,11774.91
256,12-Aug-20,11496.02,12458.89,11165.17,11637.43,2396289,238626946,11566.725
257,11-Aug-20,12008.15,12174.02,11220.8,11503.52,2278007,232431824,11755.835
258,10-Aug-20,11747.96,12248.21,11708.42,12008.02,1858365,232063264,11877.99
259,9-Aug-20,11744.89,11859.38,11587,11745.58,1490605,193471228,11745.235
260,8-Aug-20,11585.18,11810.22,11425.35,11724.59,712572,191965555,11654.885
261,7-Aug-20,11784.31,11892.87,11390.39,11562.45,699746,189310771,11673.38
262,6-Aug-20,11551.9,11900.45,11486.34,11783.52,1548895,192930382,11667.71
263,5-Aug-20,11141.16,11677.5,11049.93,11551.9,776947,182764007,11346.53
264,4-Aug-20,11126.89,11319.37,10980.79,11144.51,1409390,172976964,11135.7
265,3-Aug-20,10876.41,11252.69,10771.15,11126.89,687923,172703517,11001.65
266,2-Aug-20,11910.99,11951.72,10788.47,10876.97,1765040,168824481,11393.98
267,1-Aug-20,11919.18,12838.17,11445.59,11930.54,1558146,185177098,11924.86
268,31-Jul-20,11198.24,12376.08,10977.97,11919.18,519024,185000837,11558.71
269,30-Jul-20,11218.18,11513.66,10746.36,11226.7,2066317,174252614,11222.44
270,29-Jul-20,10896.36,12255.73,10849.89,11218.18,1069483,174120378,11057.27
271,28-Jul-20,11028.59,11254.46,10630.33,10894.48,748680,169096132,10961.535
272,27-Jul-20,9940.77,11393.08,9940.77,11039.95,938364,169147631,10490.36
273,26-Jul-20,9705.75,10065.31,9638.14,9940.04,1043019,149822119,9822.895
274,25-Jul-20,9516.05,10795.02,9513.41,9707.1,831978,145350706,9611.575
275,24-Jul-20,9666.25,9672.69,9436.71,9514.07,520216,142460396,9590.16
276,23-Jul-20,9533.76,9717.22,9422.53,9666.25,335706,142807143,9600.005
277,22-Jul-20,9353.99,9709.22,9292.71,9533.76,358792,132501876,9443.875
278,21-Jul-20,9113.67,9449.53,9095.72,9356.65,186747,114422582,9235.16
279,20-Jul-20,9151.94,9256.75,9040.53,9125.05,351476,111590340,9138.495
280,19-Jul-20,9129.95,9294.93,9026.89,9154,384600,111944353,9141.975
281,18-Jul-20,9133.3,9240.87,9105.85,9132.39,154940,106441201,9132.845
282,17-Jul-20,9205.79,9237.35,9065.03,9133.3,87297,105082754,9169.545
283,16-Jul-20,9253.33,9275.78,9029.65,9204.74,203589,105904729,9229.035
284,15-Jul-20,9212.91,9281.69,9124.68,9258.53,101278,105690949,9235.72
285,14-Jul-20,9197.34,9281.86,9134.96,9217.74,103247,104534470,9207.54
286,13-Jul-20,9303.87,9383.12,9149.23,9197.34,91996,104303055,9250.605
287,12-Jul-20,9234.14,9380.96,9185.79,9303.87,92810,54132773,9269.005
288,11-Jul-20,9266.16,9302.39,9168.45,9235.23,120241,53733427,9250.695
289,10-Jul-20,9281.38,9281.38,9114.26,9265.4,222353,53908975,9273.39
290,9-Jul-20,9441.19,9477.34,9164.73,9298.73,232061,54102919,9369.96
291,8-Jul-20,9313.14,9479.91,9264.91,9437.68,379252,54911359,9375.41
292,7-Jul-20,9399.83,9466.69,9151.47,9313.14,206405,54186730,9356.485
293,6-Jul-20,9104.21,9464.82,9043.59,9464.82,432595,55069277,9284.515
294,5-Jul-20,9170.62,9192.98,8988.61,9104.77,420898,52974354,9137.695
295,4-Jul-20,9061.55,9256.41,9050.45,9176.49,199324,53391643,9119.02
296,3-Jul-20,9239.32,9249.37,9027.89,9065.43,257558,52745508,9152.375
297,2-Jul-20,9258.35,9335.91,9055.1,9233.62,323246,53724087,9245.985
298,1-Jul-20,9185.11,9349.18,9127.04,9254.07,426724,53843043,9219.59
299,30-Jun-20,9176.71,9295.64,9098.57,9186.48,578703,53449787,9181.595
300,29-Jun-20,9137.69,9270.99,9031.71,9181.16,446392,53418821,9159.425
301,28-Jun-20,9041.95,9260.82,8966.67,9145.21,521114,53209645,9093.58
302,27-Jun-20,9171.71,9277.12,8928.12,9041.95,1079061,52608866,9106.83
303,26-Jun-20,9295.21,9342.2,9134.39,9172.9,651976,53370774,9234.055
304,25-Jun-20,9352.95,9377.52,9117.64,9297.42,410844,54095292,9325.185
305,24-Jun-20,9731.43,9822.54,9274.34,9345.92,790926,54377474,9538.675
306,23-Jun-20,9913.34,9947.23,9693.72,9729.22,1320394,56607643,9821.28
307,22-Jun-20,9413.08,10184.36,9348.42,9911.51,5444746,12858858,9662.295
308,21-Jun-20,9361.84,9542.1,9285.95,9411.46,1964660,12210107,9386.65
309,20-Jun-20,9230.98,9448.61,9222.8,9359.25,259634,12142377,9295.115
310,19-Jun-20,9431,9469.51,9214.99,9236.41,965015,11983006,9333.705
311,18-Jun-20,9433.8,9472.92,9362.77,9435.62,274831,12241455,9434.71
312,17-Jun-20,9515.66,9613.86,9338.9,9436.56,256431,12242676,9476.11
313,16-Jun-20,9330.99,9600.35,9265.05,9510.59,229850,12338713,9420.79
314,15-Jun-20,9397.12,9460.64,8964.6,9331.73,349430,12106672,9364.425
315,14-Jun-20,9479.75,9528.67,9351.38,9397.12,124889,12191501,9438.435
316,13-Jun-20,9483.27,9543.19,9416.01,9478.53,184324,12297124,9480.9
317,12-Jun-20,9328.55,9569.54,9248.9,9482.57,136155,12302359,9405.56
318,11-Jun-20,9879.47,9991.05,9212.94,9332.59,472905,12107786,9606.03
319,10-Jun-20,9756.39,9931.35,9735.34,9879.21,140006,12816949,9817.8
320,9-Jun-20,9801.1,9892.27,9656.05,9758.67,192554,12660559,9779.885
321,8-Jun-20,9771.92,9859.32,9660.58,9804.18,295131,12719608,9788.05
322,7-Jun-20,9633.61,9842.46,9422.89,9769.5,247062,12674616,9701.555
323,6-Jun-20,9715.62,9818.17,9579.59,9633.61,488280,12498314,9674.615
324,5-Jun-20,9816.28,9903.06,9673.09,9715.62,204119,12604709,9765.95
325,4-Jun-20,9707.68,9840.08,9503.86,9816.28,130657,12735304,9761.98
326,3-Jun-20,9518.2,9701.98,9507.04,9701.05,235827,12585808,9609.625
327,2-Jun-20,10060.9,10194.86,9463.02,9518.2,919842,12348591,9789.55
328,1-Jun-20,9415.82,10100.86,9415.82,10051.85,393690,13040925,9733.835
329,31-May-20,9660.81,9782.25,9383.1,9410.21,480256,12208488,9535.51
330,30-May-20,9463.23,9659.76,9400.18,9659.76,418862,12532244,9561.495
331,29-May-20,9587.12,9680.32,9428.27,9463.56,296693,12277701,9525.34
332,28-May-20,9252.5,9638.2,9137.98,9583.52,439149,12433334,9418.01
333,27-May-20,8900.75,9273.97,8877.38,9250.81,173896,12001679,9075.78
334,26-May-20,8967.14,8997.51,8812.13,8900.75,141240,11547532,8933.945
335,25-May-20,8810.3,8999.37,8720.19,8965.84,205826,11631979,8888.07
336,24-May-20,9286.48,9303.88,8813.53,8813.53,252565,11434369,9050.005
337,23-May-20,9258.73,9465.38,9146.35,9285.74,137914,12047002,9272.235
338,22-May-20,9169.68,9302.29,9052.25,9257.61,332323,12010510,9213.645
339,21-May-20,9569.49,9612.76,8865.48,9168.17,735651,11894466,9368.83
340,20-May-20,9753.72,9820.5,9440.56,9568.51,241637,12413861,9661.115
341,19-May-20,9773.95,9834.09,9546.12,9750.72,191423,12650252,9762.335
342,18-May-20,9747.42,10082.66,9633.91,9768.23,226430,12672961,9757.825
343,17-May-20,9396.07,9862.79,9372.37,9747.32,146282,12645844,9571.695
344,16-May-20,9341.19,9570.92,9293.76,9397.17,141717,12191568,9369.18
345,15-May-20,9749.91,9775.43,9234.7,9344.56,243835,12123307,9547.235
346,14-May-20,9316.53,9771.7,9246.4,9752.22,393036,12652194,9534.375
347,13-May-20,8741.84,9376.14,8739.91,9317.87,305392,12088682,9029.855
348,12-May-20,8698.92,8927.9,8689.78,8740.38,227659,11339472,8719.65
349,11-May-20,8695.53,9157.71,8482.12,8694.4,1693003,11279817,8694.965
350,10-May-20,9629.29,9630,8395.29,8700.93,744041,11288291,9165.11
351,9-May-20,9887.76,9942.54,9588.28,9627.88,378503,12490879,9757.82
352,8-May-20,9921.7,10055.89,9759.81,9888.16,471887,12828558,9904.93
353,7-May-20,9341.9,10012.31,9112.53,9921.7,1701028,12326760,9631.8
354,6-May-20,9061.85,9415.99,9029.12,9341.9,554356,10513900,9201.875
355,5-May-20,8970.81,9178.52,8875.91,9054.74,385930,10190722,9012.775
356,4-May-20,8984.11,9032.03,8634.66,8975.19,299779,10101193,8979.65
357,3-May-20,8978.91,9290.33,8813.53,8986.2,807313,10113575,8982.555
358,2-May-20,8874.53,9015.39,8866.57,8980.81,186092,10107519,8927.67
359,1-May-20,8726.41,9023,8726.41,8869.53,149340,9982270,8797.97
360,30-Apr-20,8808.04,9422.91,8586.46,8726.41,733444,9821193,8767.225
361,29-Apr-20,7819.39,8909.15,7787.58,8804.73,1085686,9909345,8312.06
362,28-Apr-20,7791.88,7853.61,7762.36,7823.35,59089,8804839,7807.615
363,27-Apr-20,7700.15,7831.1,7695.41,7791.33,252538,8340577,7745.74
364,26-Apr-20,7672.51,7778.51,7615.39,7700.15,181906,8242975,7686.33
365,25-Apr-20,7576.83,7696.71,7567.24,7675.39,153464,8216471,7626.11
366,24-Apr-20,7466.81,7633.02,7466.81,7578.62,275923,8112880,7522.715
367,23-Apr-20,7195.48,7892.03,7069.52,7474.09,759084,8000974,7334.785
368,22-Apr-20,6945.32,7270.07,6898,7194.95,42971,7702155,7070.135
369,21-Apr-20,6887.65,7006.83,6851.45,6944.72,53114,7434286,6916.185
370,20-Apr-20,7174.35,7260.28,6796.42,6884.7,139465,7370044,7029.525
371,19-Apr-20,7295.09,7316.86,7170.65,7174.35,207386,7680105,7234.72
372,18-Apr-20,7057.66,7327.4,7056.17,7293.5,276366,7807654,7175.58
373,17-Apr-20,7138.39,7170.76,6998.59,7057.66,204193,7555196,7098.025
374,16-Apr-20,6625.34,7194.28,6510.83,7137.83,245993,7641016,6881.585
375,15-Apr-20,6821.72,6953.69,6573.01,6630.89,179485,7098339,6726.305
376,14-Apr-20,6791.14,6992.26,6772.8,6819.5,36707,7300245,6805.32
377,13-Apr-20,6988.41,6988.41,6610.56,6791.14,98519,7269881,6889.775
378,12-Apr-20,6889.36,7154.03,6801.59,6969.44,77407,7356418,6929.4
379,11-Apr-20,6903.74,6995.98,6768.93,6885.66,87287,7267986,6894.7
380,10-Apr-20,7284.53,7318,6737.83,6903.74,91444,7287077,7094.135
381,9-Apr-20,7403.09,7404.37,7179.05,7286.02,30457,7581505,7344.555
382,8-Apr-20,7201.2,7429.13,7101.95,7395.74,54433,7695672,7298.47
383,7-Apr-20,7380.75,7494.51,7093.9,7197.58,663941,7489478,7289.165
384,6-Apr-20,6827.97,7465.9,6827.97,7385.23,992020,7278835,7106.6
385,5-Apr-20,6893.47,6937.5,6761.36,6832.93,29708,6734489,6863.2
386,4-Apr-20,6837.34,6927.44,6725.09,6899.43,105641,6800038,6868.385
387,3-Apr-20,6861.76,7074.26,6721.97,6829.44,75955,6731054,6845.6
388,2-Apr-20,6620.37,7119.28,6590.35,6850.6,367220,6751906,6735.485
389,1-Apr-20,6483.64,6614.35,6225.18,6614.35,115978,6519064,6548.995
390,31-Mar-20,6404.99,6537.13,6369.78,6483.64,119270,6325527,6444.315
391,30-Mar-20,5939.83,6503.3,5926.59,6418.59,271253,6127279,6179.21
392,29-Mar-20,6277,6284.66,5942.72,5943.34,44419,5673597,6110.17
393,28-Mar-20,6501.59,6504.18,6140.64,6278.9,128980,5993926,6390.245
394,27-Mar-20,6787.02,6848.5,6494,6494.3,136940,6199551,6640.66
395,26-Mar-20,6713.25,6807.25,6612.54,6786.98,126532,6478947,6750.115
396,25-Mar-20,6745.32,6953.49,6552.27,6713.25,323928,6408562,6729.285
397,24-Mar-20,6483.74,6826.42,6448.17,6737.18,260798,6397787,6610.46
398,23-Mar-20,5849.93,6495.33,5767.74,6495.33,225273,6168124,6172.63
399,22-Mar-20,6214.5,6367.9,5830.39,5849.93,163273,5555231,6032.215
400,21-Mar-20,6240.13,6407.62,5944.56,6208.3,136891,5895550,6224.215
401,20-Mar-20,6193.53,6841.41,5814.25,6240.13,429270,5925778,6216.83
402,19-Mar-20,5331.24,6400.7,5286.77,6197.01,915279,5513264,5764.125
403,18-Mar-20,5198.59,5355,5056.33,5331.24,278207,4743022,5264.915
404,17-Mar-20,5040.84,5363.51,5011.59,5191.04,619366,4618292,5115.94
405,16-Mar-20,5422.34,5422.34,4657.35,5037.25,1306856,4481473,5229.795
406,15-Mar-20,5211.33,5824.33,5144.51,5418.41,255312,4820575,5314.87
407,14-Mar-20,5600.15,5648.7,5132.08,5211.33,524503,4636341,5405.74
408,13-Mar-20,4957.53,5900.24,4174.18,5599.33,1256784,4981530,5278.43
409,12-Mar-20,7938.37,7981.23,4946.04,4946.04,1092465,4400325,6442.205
410,11-Mar-20,7919.99,8036.88,7565.12,7996.49,182829,7114200,7958.24
411,10-Mar-20,7999.75,8179.3,7798.06,7919.61,162464,7045804,7959.68
412,9-Mar-20,8157.29,8346.35,7648.04,7989.3,961310,7067142,8073.295
413,8-Mar-20,8887.2,8887.2,8058.68,8154.01,522837,7212840,8520.605
414,7-Mar-20,9124.32,9170.58,8780.61,8887.2,381178,7861407,9005.76
415,6-Mar-20,9121.28,9235.67,9019.13,9108.23,183017,8056926,9114.755
416,5-Mar-20,8735.49,9162.64,8718.45,9121.28,1296520,8068464,8928.385
417,4-Mar-20,8789.19,8901.75,8673.3,8731.43,362365,7753656,8760.31
418,3-Mar-20,8922.89,8962.25,8617.94,8809.06,356468,7822594,8865.975
419,2-Mar-20,8577.06,8940.45,8511.57,8926.31,64811,7926718,8751.685
420,1-Mar-20,8558.63,8780.39,8438.49,8573.8,168372,7613679,8566.215
421,29-Feb-20,8704.68,8887.81,8551.18,8562.35,225037,7603512,8633.515
422,28-Feb-20,8802.56,9035.97,8487.95,8694.62,212906,7720973,8748.59
423,27-Feb-20,8801.82,9057.78,8493.23,8792.71,655169,7808078,8797.265
424,26-Feb-20,9243.43,9383.26,8673.82,8802.85,240328,7813490,9023.14
425,25-Feb-20,9725.13,9730.9,9244.1,9254.99,176193,8214808,9490.06
426,24-Feb-20,9970.87,9989.23,9415.92,9726.14,174050,8633009,9848.505
427,23-Feb-20,9696.13,9969.92,9663.62,9969.92,79172,8849391,9833.025
428,22-Feb-20,9736.61,9762.43,9545.66,9696.13,333006,8606374,9716.37
429,21-Feb-20,9594.22,9843.8,9539.53,9725.15,131725,8632128,9659.685
430,20-Feb-20,9593.71,9815.34,9486.42,9605.63,424068,8526043,9599.67
431,19-Feb-20,10163.37,10252.58,9534.89,9588.26,374529,8510621,9875.815
432,18-Feb-20,9723.66,10246.28,9618.97,10155.42,422880,8394996,9939.54
433,17-Feb-20,10051.35,10073.34,9539.5,9784.9,707285,8088705,9918.125
434,16-Feb-20,10228.84,10726.82,9443.42,10075.8,1654837,7725178,10152.32
435,15-Feb-20,10387.03,11950.9,9699.97,10177.55,2783960,7803194,10282.29
436,14-Feb-20,10283.04,10544.2,10171.06,10387.03,811270,7911973,10335.035
437,13-Feb-20,10399.27,10589.17,10104.77,10294.16,759883,7841228,10346.715
438,12-Feb-20,10180.87,10597.78,10180.87,10399.27,1066907,7921292,10290.07
439,11-Feb-20,9835.18,10264.39,9682.72,10180.51,229845,7093456,10007.845
440,10-Feb-20,10180.25,10239.65,9759.07,9841.41,381590,6857186,10010.83
441,9-Feb-20,9872.67,10207.91,9865.51,10179.8,351455,7092965,10026.235
442,8-Feb-20,9830.31,9990.12,9683.84,9875.95,458681,6881251,9853.13
443,7-Feb-20,9741.78,10026.77,9738.42,9841.62,414507,6857328,9791.7
444,6-Feb-20,9624.53,9939.81,9567.18,9755.37,230048,6797235,9689.95
445,5-Feb-20,9206.26,9828.32,9182.8,9624.53,513485,6706068,9415.395
446,4-Feb-20,9298.21,9382.38,9125.07,9206.29,103892,5724727,9252.25
447,3-Feb-20,9392.28,9584.26,9265.41,9293.94,128019,5779225,9343.11
448,2-Feb-20,9423.37,9550.38,9258.14,9392.28,225052,5840380,9407.825
449,1-Feb-20,9357.18,9615.93,9308.94,9428.84,110899,5863111,9393.01
450,31-Jan-20,9500.56,9550.37,9176.02,9358.92,124210,5819636,9429.74
451,30-Jan-20,9356.93,9648.07,9264.63,9504.33,223483,5910056,9430.63
452,29-Jan-20,9432.91,9511.43,9263.22,9362.49,140845,5821852,9397.7
453,28-Jan-20,8989.59,9432.91,8950.77,9432.91,228244,5865645,9211.25
454,27-Jan-20,8658.59,9069.43,8618.58,8985.18,73741,5587230,8821.885
455,26-Jan-20,8362.03,8663.37,8301.4,8657.28,22959,5398848,8509.655
456,25-Jan-20,8492.02,8494.05,8299.88,8363.45,47123,5215613,8427.735
457,24-Jan-20,8441.11,8607.47,8262.81,8486.29,65023,5292216,8463.7
458,23-Jan-20,8655.23,8658.29,8291.53,8441.11,61703,5264041,8548.17
459,22-Jan-20,8764.58,8819.28,8625.74,8656.06,43060,5398090,8710.32
460,21-Jan-20,8732.42,12083.96,8650.04,8766.51,344724,5466966,8749.465
461,20-Jan-20,8756.98,8847.92,8584.57,8730.62,188333,5258012,8743.8
462,19-Jan-20,8943.69,9226.18,8680.6,8753,443476,5271469,8848.345
463,18-Jan-20,8854.92,9034.47,8772.8,8943.69,137965,5386315,8899.305
464,17-Jan-20,8731.92,9036.32,8679.37,8871.59,352334,5342892,8801.755
465,16-Jan-20,8827.59,8875.49,8597.71,8729.58,345610,5257369,8778.585
466,15-Jan-20,8882.93,8966.5,8592.37,8823.67,191488,5314032,8853.3
467,14-Jan-20,8124.43,8981.51,8115.59,8870.66,410289,5333481,8497.545
468,13-Jan-20,8151.14,8190.06,8007.47,8131.62,27795,4889134,8141.38
469,12-Jan-20,8032.55,8198.86,8004.18,8129.73,15846,4847429,8081.14
470,11-Jan-20,8128.76,8241.23,8006.26,8041.24,125515,4794662,8085
471,10-Jan-20,7907.15,8134.27,7712.94,8128.76,50249,4846847,8017.955
472,9-Jan-20,8091.31,8091.31,7783.7,7904.83,129402,4673884,7998.07
473,8-Jan-20,8140.18,8444.27,7935.45,8099.64,329037,4789071,8119.91
474,7-Jan-20,7792.35,8196.44,7788.64,8140.18,198907,4813037,7966.265
475,6-Jan-20,7403.1,7794.27,7392.63,7792.35,108650,4599598,7597.725
476,5-Jan-20,7406.07,7568.79,7324.06,7401.4,196897,4361505,7403.735
477,4-Jan-20,7340.82,7462.5,7282.88,7408.2,51426,4365511,7374.51
478,3-Jan-20,7005.77,7406.15,6958.03,7341.85,38445,4326417,7173.81
479,2-Jan-20,7225.94,7225.94,6959.65,7006.9,106071,4129036,7116.42
480,1-Jan-20,7204.77,7278,7160.75,7224.74,90438,4257405,7214.755
481,31-Dec-19,7328.56,7381.65,7174.65,7204.77,175532,4245638,7266.665
482,30-Dec-19,7424.8,7482.58,7289.16,7330.46,108619,4319701,7377.63
483,29-Dec-19,7355.29,7559.11,7336.73,7421.63,73720,4373428,7388.46
484,28-Dec-19,7331.2,7436.21,7302.26,7356.9,55394,4335287,7344.05
485,27-Dec-19,7216.42,7388.12,7163.37,7329.75,47284,4319284,7273.085
486,26-Dec-19,7284.25,7424.52,7149.08,7215.97,60207,4252239,7250.11
487,25-Dec-19,7317.06,7352.48,7186.57,7282.75,63623,4291588,7299.905
488,24-Dec-19,7356.87,7519.84,7253.31,7317.04,73323,4311795,7336.955
489,23-Dec-19,7449.42,7637.61,7314.24,7357.78,81234,4335805,7403.6
490,22-Dec-19,7187.08,7462.07,7148.07,7452.59,51703,4391675,7319.835
491,21-Dec-19,7198.46,7230.13,7122.52,7184.96,72533,4233963,7191.71
492,20-Dec-19,7201.74,7257.82,7122.3,7196.6,79451,4240822,7199.17
493,19-Dec-19,7279.91,7342.47,6984.68,7201.74,180848,4243850,7240.825
494,18-Dec-19,6636.99,7320.44,6501.66,7279.91,142885,4289914,6958.45
495,17-Dec-19,6945.44,7004.92,6545.74,6636.99,224299,3911055,6791.215
496,16-Dec-19,7126.53,7192.95,6850.44,6945.44,122166,4092816,7035.985
497,15-Dec-19,7159.08,7214.04,6954.29,7126.53,72223,4199528,7142.805
498,14-Dec-19,7252.54,7317.61,7091.66,7159.08,99954,4218713,7205.81
499,13-Dec-19,7251.35,7297.09,7191.07,7252.46,29172,4273739,7251.905
500,12-Dec-19,7203.9,7289.09,7113.21,7254.04,44195,4274668,7228.97
501,11-Dec-19,7289.94,7308.82,7173.94,7202.58,19883,4244346,7246.26
502,10-Dec-19,7397.49,7437.04,7214.9,7293.38,64319,4297853,7345.435
503,9-Dec-19,7534.84,7573.25,7354.31,7400.01,22146,4360689,7467.425
504,8-Dec-19,7516.46,7615.15,7476.38,7537.05,15119,4441440,7526.755
505,7-Dec-19,7535.31,7617.36,7483.56,7516.46,19264,4429310,7525.885
506,6-Dec-19,7452.95,7536.88,7343.06,7533.92,48152,4439599,7493.435
507,5-Dec-19,7306.32,7665.77,7228.26,7444.48,21512,4386896,7375.4
508,4-Dec-19,7324.69,7584.23,7164.12,7306.32,97402,4305478,7315.505
509,3-Dec-19,7317.57,7446.33,7168.97,7324.2,23502,4316017,7320.885
510,2-Dec-19,7385.9,7475.79,7219.41,7317.57,71829,4312108,7351.735
511,1-Dec-19,7592.73,7593.36,7264.79,7387.08,110060,4353070,7489.905
512,30-Nov-19,7798.89,7892.7,7506.65,7599.8,79321,4478420,7699.345
513,29-Nov-19,7529.62,7798.89,7442.46,7798.89,47195,4595741,7664.255
514,28-Nov-19,7503.46,7725.17,7487.4,7529.81,33566,4437180,7516.635
515,27-Nov-19,7220.34,7630.92,6983.97,7504.25,93909,4422118,7362.295
516,26-Nov-19,7147.3,7324.92,7119.65,7228.56,43930,4259654,7187.93
517,25-Nov-19,7035.4,7297.1,6585.33,7145.96,285534,4210983,7090.68
518,24-Nov-19,7423.88,7447.98,7035.4,7035.4,88874,4145828,7229.64
519,23-Nov-19,7337.01,7474.52,7185.98,7423.94,100641,4374791,7380.475
520,22-Nov-19,7761.89,7810.63,6951.74,7340.06,285202,4325359,7550.975
521,21-Nov-19,8187.74,8251.07,7628.94,7761.89,187710,4535207,7974.815
522,20-Nov-19,8271.58,8324.06,8145.55,8188.52,131827,4784485,8230.05
523,19-Nov-19,8359.32,8526.81,8120.65,8271.58,196316,4833016,8315.45
524,18-Nov-19,8629.36,8743.56,8328.1,8363.44,122602,4886689,8496.4
525,17-Nov-19,8655.95,8792.88,8560.77,8631.46,37747,5043289,8643.705
526,16-Nov-19,8584.88,8703.63,8541.13,8655.95,98782,5057602,8620.415
527,15-Nov-19,8731.7,8751.9,8477.12,8584.22,167649,5015689,8657.96
528,14-Nov-19,8824.12,8844.72,8668.7,8731.7,84648,5101863,8777.91
529,13-Nov-19,8756.45,8854.84,8718.28,8823.05,46987,5084263,8789.75
530,12-Nov-19,8755.56,8887.5,8689.02,8758.07,31339,5046818,8756.815
531,11-Nov-19,9109.22,9144.21,8707.95,8753.99,67203,5044465,8931.605
532,10-Nov-19,8790.35,9129.66,8751.59,9109.22,117099,5249165,8949.785
533,9-Nov-19,8821.87,8922.07,8766.34,8789.24,70329,5064778,8805.555
534,8-Nov-19,9134.24,9200.49,8779.73,8818.83,85452,5081833,8976.535
535,7-Nov-19,9342.11,9361.42,9071.44,9133.27,21657,5263029,9237.69
536,6-Nov-19,9285.33,9452.82,9267.95,9351.78,83602,5388942,9318.555
537,5-Nov-19,9249.85,9399.72,9143.5,9288.47,102122,5305651,9269.16
538,4-Nov-19,9214.94,9373.78,9171.46,9249.85,38858,5283592,9232.395
539,3-Nov-19,9342.09,9491,9160.98,9213.91,219979,5263051,9278
540,2-Nov-19,9282.87,9394.16,9228.3,9342.29,64292,5336382,9312.58
541,1-Nov-19,9209.7,9326.9,9112.82,9282.87,164363,5302439,9246.285
542,31-Oct-19,9195.29,9398.07,8997.62,9221.18,135421,5267202,9208.235
543,30-Oct-19,9355.04,9365.12,9009.93,9200,76881,5255103,9277.52
544,29-Oct-19,9237.39,9514.59,9172.53,9357.67,136933,5345071,9297.53
545,28-Oct-19,9495.02,9783.05,9245.76,9245.76,100710,5281153,9370.39
546,27-Oct-19,9217.78,9747.36,9081.88,9501.21,173256,5427064,9359.495
547,26-Oct-19,8666.54,10204.88,8666.54,9217.78,512117,5265168,8942.16
548,25-Oct-19,7554.29,8757.78,7476.48,8674.01,212851,4954568,8114.15
549,24-Oct-19,7545.12,7588.1,7425.68,7554.29,112816,4314988,7549.705
550,23-Oct-19,8145.44,8152.2,7360,7537.5,137687,4305397,7841.47
551,22-Oct-19,8269.08,8367.35,8126.17,8145.89,202519,4652910,8207.485
552,21-Oct-19,8264.77,8365.56,8180.78,8267.95,64162,4722628,8266.36
553,20-Oct-19,8032.39,8310.72,7993.55,8260.6,79677,4718429,8146.495
554,19-Oct-19,7982.33,8121.09,7919.38,8026.11,25462,4584488,8004.22
555,18-Oct-19,8158.17,8174.88,7855.78,7983.33,84702,4560052,8070.75
556,17-Oct-19,8051.27,8181.41,7986.9,8163.23,67867,4662811,8107.25
557,16-Oct-19,8232.41,8240.71,7978.18,8058.68,92207,4603093,8145.545
558,15-Oct-19,8368.83,8424.59,8128.98,8232.41,47894,4702331,8300.62
559,14-Oct-19,8345.32,8438.76,8287.41,8367.57,82462,4779533,8356.445
560,13-Oct-19,8351.95,8506.1,8300.87,8345.32,40950,4766824,8348.635
561,12-Oct-19,8395.56,8492.51,8280.58,8356,72387,4772921,8375.78
562,11-Oct-19,8559.61,8723.49,8250.56,8398.83,90909,4797385,8479.22
563,10-Oct-19,8576.85,8671.08,8468.5,8554.62,121222,4886376,8565.735
564,9-Oct-19,8286.9,8656.82,8156.37,8577.74,160340,4899581,8432.32
565,8-Oct-19,8235.84,8342.47,8127.97,8286.9,70637,4733453,8261.37
566,7-Oct-19,8054.86,8362.04,7905.7,8235.09,92453,4703859,8144.975
567,6-Oct-19,8103.67,8168.22,7958.16,8061.79,53744,4604868,8082.73
568,5-Oct-19,8178.09,8258.35,7851.56,8106.71,52883,4630531,8142.4
569,4-Oct-19,8224.44,8308.76,7671.34,8178.09,83338,4671303,8201.265
570,3-Oct-19,8357.21,8402.39,8082.42,8229.43,99010,4700629,8293.32
571,2-Oct-19,8382.47,8434.74,8174.6,8348.79,179513,4768802,8365.63
572,1-Oct-19,8313.04,8481.47,7760.05,8382.47,115968,4829956,8347.755
573,30-Sep-19,8105.06,8367.57,7801.18,8312.42,121032,4789590,8208.74
574,29-Sep-19,8229.1,8315.38,7943.59,8105.06,126391,4613488,8167.08
575,28-Sep-19,8270,8301.08,8055.94,8230.43,200251,4684851,8250.215
576,27-Sep-19,8144.34,8281.78,7923.63,8273.44,208159,4709336,8208.89
577,26-Sep-19,8543.74,8549.21,7778.91,8145.71,192533,4636626,8344.725
578,25-Sep-19,8604.27,8802.77,8332.83,8545.91,325087,4864426,8575.09
579,24-Sep-19,9707.61,9882.5,8296.26,8603,419659,4896923,9155.305
580,23-Sep-19,10138.65,10147.01,9653.29,9708.21,139202,5526020,9923.43
581,22-Sep-19,9993.11,10158.53,9873.32,10141.46,101255,5772633,10067.285
582,21-Sep-19,10161.8,10214.74,9837.72,9994.83,45242,5689170,10078.315
583,20-Sep-19,10224.67,10245.34,9993.3,10160.6,56955,5783524,10192.635
584,19-Sep-19,10085.23,10333.51,9787.51,10253.75,246490,5836547,10169.49
585,18-Sep-19,10109.5,10406.77,10077.65,10081.85,98295,5738703,10095.675
586,17-Sep-19,10311.57,10423.33,10055.78,10135.7,276729,5769352,10223.635
587,16-Sep-19,10326.7,10447.77,10145.07,10309.64,95421,5868360,10318.17
588,15-Sep-19,10381.28,10472.54,10224.32,10324.22,73941,5876663,10352.75
589,14-Sep-19,10377,10499.13,10237.28,10382.6,96606,5909892,10379.8
590,13-Sep-19,10376.23,10413.71,10227.04,10297.62,30902,5861517,10336.925
591,12-Sep-19,10214.51,10463.44,10071.08,10380.03,160059,5908427,10297.27
592,11-Sep-19,10132.8,10286.94,10008.21,10214.51,100736,5814212,10173.655
593,10-Sep-19,10290.2,10448.5,9989.66,10132.8,36744,5767700,10211.5
594,9-Sep-19,10397.17,10465.12,10176.44,10293.92,42015,5859416,10345.545
595,8-Sep-19,10444.11,10600.42,10311.35,10397.17,90230,5918185,10420.64
596,7-Sep-19,10335.14,10669.82,10335.14,10443.29,101199,5944435,10389.215
597,6-Sep-19,10559.6,10920.99,10253.02,10335.8,139150,5883253,10447.7
598,5-Sep-19,10635.53,10701.05,10505.22,10559.6,224030,6010642,10597.565
599,4-Sep-19,10560.1,10777.58,10415.66,10635.53,100813,6053861,10597.815
600,3-Sep-19,10390.5,10909.8,10313.13,10560.95,195493,6011409,10475.725
601,2-Sep-19,9762.55,10449.79,9698.66,10392.6,123260,5915581,10077.575
602,1-Sep-19,9668.98,9817.3,9554.76,9757.76,27269,5554228,9713.37
603,31-Aug-19,9613.93,9757.47,9564.54,9674.73,47895,5506963,9644.33
604,30-Aug-19,9482.93,9718.19,9409.46,9614.52,32348,5472691,9548.725
605,29-Aug-19,9744.56,9770.5,9422.6,9482.93,107862,5397787,9613.745
606,28-Aug-19,10183.63,40826.5,8270.07,9744.59,421068,5546730,9964.11
607,27-Aug-19,10365.5,10378.77,10082.8,10184.63,27892,5797207,10275.065
608,26-Aug-19,10093.03,10591.8,10092.13,10368.49,28356,5901862,10230.76
609,25-Aug-19,10180.32,10223.77,9908.11,10087.18,43808,5681335,10133.75
610,24-Aug-19,10378.85,10463.67,9929.95,10180.32,89078,5733791,10279.585
611,23-Aug-19,10047.19,10443.33,9959.27,10375.45,31163,5843695,10211.32
612,22-Aug-19,10143.56,10282.56,9817.2,10047.19,120134,5658807,10095.375
613,21-Aug-19,10767.72,10780.63,9893.9,10143.1,84814,5712829,10455.41
614,20-Aug-19,10812.87,10912.49,10622.27,10763.53,80469,6062269,10788.2
615,19-Aug-19,10280.24,10897.68,10201.78,10812.87,47153,6090057,10546.555
616,18-Aug-19,10215.61,10541.97,10094.16,10279.29,75987,5789536,10247.45
617,17-Aug-19,10411.69,10469.38,10061.17,10206.93,38929,5748779,10309.31
618,16-Aug-19,10319.29,10538.7,9870.81,10413.74,202202,5865258,10366.515
619,15-Aug-19,9993.42,10468.75,9583.83,10320.48,263318,5812722,10156.95
620,14-Aug-19,11021.08,11037.95,9970.12,9993.42,280714,0,10507.25
621,13-Aug-19,11435.76,11447.92,10916.59,11025.73,77318,0,11230.745
622,12-Aug-19,11515.73,11607.91,11385.55,11430.23,77053,0,11472.98
623,11-Aug-19,11389.2,11712.84,11255.92,11517.32,135850,0,11453.26
624,10-Aug-19,11905.71,11925.68,11344.53,11387.72,71224,0,11646.715
625,9-Aug-19,11891.73,11993.44,11580.72,11905.71,121028,0,11898.72
626,8-Aug-19,11908.55,11989.36,11365.22,11894.29,75935,0,11901.42
627,7-Aug-19,11456.95,11997.51,11380.65,11908.55,161040,0,11682.75
628,6-Aug-19,11957.37,12341.4,11257.53,11454.67,369674,0,11706.02
629,5-Aug-19,11018.14,11954.28,11014.98,11954.28,258662,0,11486.21
630,4-Aug-19,10909.5,11038.65,10672.17,11017.9,35018,0,10963.7
631,3-Aug-19,10577.18,10948.3,10517.97,10911.37,137108,0,10744.275
632,2-Aug-19,10415.23,10751.72,10358.51,10574.28,107137,0,10494.755
633,1-Aug-19,10160.89,10470.78,9897.29,10415.82,78467,0,10288.355
634,31-Jul-19,9558.12,10156.25,9555.51,10154.19,120464,0,9856.155
635,30-Jul-19,9538.39,9716.03,9413.43,9556.48,20017,0,9547.435
636,29-Jul-19,9484.16,9720.27,9428.49,9536.61,45612,0,9510.385
637,28-Jul-19,9407.18,9666.03,9238.72,9479.84,48736,0,9443.51
638,27-Jul-19,9795.49,10177.54,9384.68,9407.18,44874,0,9601.335
639,26-Jul-19,9868.5,9952.56,9678.22,9795.49,44030,0,9831.995
640,25-Jul-19,9775.72,10200.14,9736.56,9872.21,91640,0,9823.965
641,24-Jul-19,9852.64,9922,9483.84,9780.84,157632,0,9816.74
642,23-Jul-19,10310.08,10357.5,9839.72,9852.64,75760,0,10081.36
643,22-Jul-19,10548.95,10700.03,10107.05,10309.4,48192,0,10429.175
644,21-Jul-19,10815.25,10860.75,10355.5,10548.95,103996,0,10682.1
645,20-Jul-19,10490.93,11088.89,10429.47,10815.25,80134,0,10653.09
646,19-Jul-19,10691.39,10702.27,10173.41,10589.65,112155,0,10640.52
647,18-Jul-19,9672.37,10761.32,9311.96,10691.39,180166,0,10181.88
648,17-Jul-19,9543.6,9970.17,9032.35,9676.65,1419787,0,9610.125
649,16-Jul-19,10846.12,11075.47,9389.41,9565.67,226306,0,10205.895
650,15-Jul-19,10216.91,11143.41,9791.8,10858.41,251242,0,10537.66
651,14-Jul-19,11446.22,11472.13,10050.28,10243.18,169831,0,10844.7
652,13-Jul-19,11881.83,11889.45,10812.37,11452.06,120864,0,11666.945
653,12-Jul-19,11287.24,11966.12,11118.05,11873.96,117525,0,11580.6
654,11-Jul-19,12155,12155,11132.82,11275.98,203310,0,11715.49
655,10-Jul-19,12582.02,13206.81,11698.22,12157.58,409924,0,12369.8
656,9-Jul-19,12343.48,12825.3,12241.79,12499.56,217838,0,12421.52
657,8-Jul-19,11345.51,12399.45,11335.17,12336.08,129054,0,11840.795
658,7-Jul-19,11267.07,11545.72,11132.45,11345.33,54320,0,11306.2
659,6-Jul-19,10915.46,11618.6,10896.6,11266.46,98077,0,11090.96
660,5-Jul-19,11206.59,11423.66,10837.66,10917.22,142600,0,11061.905
661,4-Jul-19,11995.28,12080.44,11128.54,11204.27,220778,0,11599.775
662,3-Jul-19,10717.31,12043.23,10717.31,11993.91,135527,0,11355.61
663,2-Jul-19,10671.57,10972.34,9748.42,10716.28,70122,0,10693.925
664,1-Jul-19,10639.16,11020.36,9820.61,10675.28,47059,0,10657.22
665,30-Jun-19,11971.37,12195.02,10639.16,10639.16,107587,0,11305.265
666,29-Jun-19,12487.78,12501.76,11463.39,11992.29,58038,0,12240.035
667,28-Jun-19,11197.78,12515.88,11084.78,12472.4,187665,0,11835.09
668,27-Jun-19,12510.27,12971.94,10577.42,11189.36,3349,0,11849.815
669,26-Jun-19,9798.6,13394.93,9749.93,12510.27,9403,0,11154.435
670,25-Jun-19,11039.69,12265.47,8258.53,9798.6,8879,0,10419.145
671,24-Jun-19,10809.81,11159.26,10363.47,11033.44,1653,0,10921.625
672,23-Jun-19,10449.72,11173.9,10282.77,10809.81,857,0,10629.765
673,22-Jun-19,8357.11,12300.6,8353.7,10453.53,6324,0,9405.32
674,21-Jun-19,9124.1,11612.93,7945.46,8353.32,29413,0,8738.71
675,20-Jun-19,9291.8,10209.21,8909.34,9129.09,7210,0,9210.445
676,19-Jun-19,7952.88,10611.69,7944.19,9289.92,3497,0,8621.4
677,18-Jun-19,9258.56,9287.24,7895.65,7953.18,3366,0,8605.87
678,17-Jun-19,9019.94,9392.13,9016.53,9244.63,315,0,9132.285
679,16-Jun-19,8747.07,9377.65,8703.98,9027.38,174260,0,8887.225
680,15-Jun-19,8699.22,8931.41,8599.06,8747.07,65768,0,8723.145
681,14-Jun-19,8293.05,8725.89,8159.12,8698.65,62721,0,8495.85
682,13-Jun-19,8159.1,8354.78,8048.19,8284.03,51045,0,8221.565
683,12-Jun-19,7900.28,8293.99,7848.23,8160.58,25543,0,8030.43
684,11-Jun-19,8038.91,8076.21,7745.69,7903.57,9232,0,7971.24
685,10-Jun-19,7735.71,8064.3,7574.48,8032.71,69666,0,7884.21
686,9-Jun-19,7914.46,8042.65,7612.08,7735.07,34996,0,7824.765
687,8-Jun-19,8057.13,8123.46,7844.9,7916.6,26937,0,7986.865
688,7-Jun-19,7812.11,8159.51,7745.3,8059.85,12074,0,7935.98
689,6-Jun-19,7786.32,7966.12,7526.94,7815,13630,0,7800.66
690,5-Jun-19,7710.47,7906.81,7685.63,7786.36,58843,0,7748.415
691,4-Jun-19,8216.02,8216.02,7638.89,7706.95,52575,0,7961.485
692,3-Jun-19,8706.11,8821.07,8206.01,8246.47,44430,0,8476.29
693,2-Jun-19,8565.76,8814.84,8473.12,8706.11,18876,0,8635.935
694,1-Jun-19,8677.36,8851.87,8434.52,8565.76,17134,0,8621.56
695,31-May-19,8307.61,8695.43,8204.65,8676.87,24061,0,8492.24
696,30-May-19,8687.1,9014.37,8054.02,8307.61,77271,0,8497.355
697,29-May-19,8703.61,8837,8456.72,8687.1,29499,0,8695.355
698,28-May-19,8802.44,8833.65,8657.09,8703.61,24263,0,8753.025
699,27-May-19,8983.6,9149.59,8559.35,8811.51,26122,0,8897.555
700,26-May-19,8031.45,8986.65,7941.43,8986.65,21640,0,8509.05
701,25-May-19,8032.14,8186.15,7965.65,8028.06,40938,0,8030.1
702,24-May-19,7855.99,8180.74,7821.5,8032.14,45920,0,7944.065
703,23-May-19,7665.55,7974.95,7546.27,7859.7,43520,0,7762.625
704,22-May-19,7947.65,8045.48,7286.93,7665.55,47975,0,7806.6
705,21-May-19,7982.5,8128.88,7839.44,7947.65,1881,0,7965.075
706,20-May-19,8213.83,8222.04,7620.23,7981.23,15799,0,8097.53
707,19-May-19,7241.62,8312.42,7218.09,8213.83,110082,0,7727.725
708,18-May-19,7353.53,7486.76,7159.34,7252.25,57874,0,7302.89
709,17-May-19,7894.5,7958.23,6974.72,7353.53,73337,0,7624.015
710,16-May-19,8120.55,8407.3,7545.57,7897.75,75162,0,8009.15
711,15-May-19,7855.95,8252.79,7693.97,8122.91,67847,0,7989.43
712,14-May-19,7856.68,8348.71,7657.89,7853.53,162196,0,7855.105
713,13-May-19,7059.36,8087.09,6943.13,7852.69,17663,0,7456.025
714,12-May-19,7088.43,7584.66,5845.26,7059.36,50363,0,7073.895
715,11-May-19,6363.88,7302.58,6363.88,7101.16,136452,0,6732.52
716,10-May-19,6135.95,6456.94,6088.05,6364.78,44365,0,6250.365
717,9-May-19,5957.85,6224.86,5946.69,6139.23,42411,0,6048.54
718,8-May-19,5835.48,6005.25,5725.19,5958.84,9170,0,5897.16
719,7-May-19,5639.42,6022.86,5637.57,5839.55,7964,0,5739.485
720,6-May-19,5817.47,5939.5,5639.84,5639.84,113278,0,5728.655
721,5-May-19,5863.77,5875.57,5719.94,5813.22,233801,0,5838.495
722,4-May-19,5790.11,5890.78,5626.54,5862.01,81064,0,5826.06
723,3-May-19,5512.88,5940.44,5479.12,5792.82,50600,0,5652.85
724,2-May-19,5403.17,5552.09,5381.36,5514.29,28223,0,5458.73
725,1-May-19,5361.38,5425.5,5327.92,5403.74,59283,0,5382.56
726,30-Apr-19,5239,5393.56,5188.69,5357.86,21416,0,5298.43
727,29-Apr-19,5271.05,5319.04,5179.76,5236.78,15312,0,5253.915
728,28-Apr-19,5300.74,5337.86,5251.52,5271.2,14494,0,5285.97
729,27-Apr-19,5283.73,5345.2,5187.31,5299.46,35005,0,5291.595
730,26-Apr-19,5171.41,5382.74,5127.26,5282.25,13047,0,5226.83
731,25-Apr-19,5477.67,5545.83,5103.59,5170.73,11566,0,5324.2
732,24-Apr-19,5554.38,5636.44,5407.62,5478.07,26270,0,5516.225
733,23-Apr-19,5411.86,5631.41,5383.83,5554.38,11675,0,5483.12
734,22-Apr-19,5318.64,5427.48,5265.61,5411.86,39903,0,5365.25
735,21-Apr-19,5352.67,5377.65,5219.48,5319.61,22477,0,5336.14
736,20-Apr-19,5317.11,5361.73,5263.99,5352.32,4920,0,5334.715
737,19-Apr-19,5302.6,5330.2,5223.66,5318.75,33376,0,5310.675
738,18-Apr-19,5232.06,5409.42,5202.69,5301.91,3934,0,5266.985
739,17-Apr-19,5217.57,5289.76,5187.9,5233.55,8972,0,5225.56
740,16-Apr-19,5083.97,5239.98,5051.82,5216.74,1434,0,5150.355
741,15-Apr-19,5150.69,5198.15,4972.09,5083.84,10925,0,5117.265
742,14-Apr-19,5087.16,5199.14,5023.21,5150.69,7916,0,5118.925
743,13-Apr-19,5096.05,5149.21,5027.16,5087.16,5184,0,5091.605
744,12-Apr-19,5087.83,5124.06,4911.59,5100.09,24619,0,5093.96
745,11-Apr-19,5287.83,5349.87,4976.68,5093.4,39484,0,5190.615
746,10-Apr-19,5205.52,5413.21,5191.67,5283.37,9723,0,5244.445
747,9-Apr-19,5244.83,5280.15,5168.56,5205.68,8278,0,5225.255
748,8-Apr-19,5217.22,5358.86,5112.28,5244.83,11135,0,5231.025
749,7-Apr-19,5077.02,5330.73,5047.09,5209.29,6473,0,5143.155
750,6-Apr-19,5042.28,5306.09,4954.59,5076.99,16822,0,5059.635
751,5-Apr-19,4903.49,5084,4894.92,5042.61,3095,0,4973.05
752,4-Apr-19,5005.88,5104.01,4803.73,4903.41,46253,0,4954.645
753,3-Apr-19,4898.99,5293.14,4716.13,4999.96,33099,0,4949.475
754,2-Apr-19,4144.13,6929.85,4138.29,4898.99,31205,0,4521.56
755,1-Apr-19,4098.46,4164.16,4080.86,4144.12,20258,0,4121.29
756,31-Mar-19,4100.35,4141.65,4073.17,4101.25,1539,0,4100.8
757,30-Mar-19,4095.54,4278.46,4033.06,4100.35,8440,0,4097.945
758,29-Mar-19,4086.12,4104.05,4005.18,4097.39,1871,0,4091.755
759,28-Mar-19,4082.06,4121.76,3969.34,4085.98,1901,0,4084.02
760,27-Mar-19,3992.59,4105.94,3907,4083.74,10511,0,4038.165
761,26-Mar-19,3981.53,4002.75,3934.11,3991.63,1945,0,3986.58
762,25-Mar-19,4038.81,4053.72,3940.08,3974.14,1686,0,4006.475
763,24-Mar-19,4048.2,4048.44,3998.41,4034.19,68,0,4041.195
764,23-Mar-19,4030.32,4084.79,4008.66,4043.72,1384,0,4037.02
765,22-Mar-19,4027.55,4078.67,4017.97,4034.87,5037,0,4031.21
766,21-Mar-19,4103.65,4117.88,3996.2,4031.06,37598,0,4067.355
767,20-Mar-19,4080.72,4106.05,4024.02,4102.38,6763,0,4091.55
768,19-Mar-19,4074.39,4093.12,4023.3,4076.27,5386,0,4075.33
769,18-Mar-19,4035.64,4094.05,4006.36,4075.62,2960,0,4055.63
770,17-Mar-19,4037.77,4073.63,3978.15,4031.45,20982,0,4034.61
771,16-Mar-19,3973.11,4144.41,3973.11,4041.24,3435,0,4007.175
772,15-Mar-19,3937.43,4014.02,3897.2,3967.2,7745,0,3952.315
773,14-Mar-19,3899.2,3963.98,3892.43,3941.65,4926,0,3920.425
774,13-Mar-19,3921.08,3929.63,3874.61,3901.74,4701,0,3911.41
775,12-Mar-19,3900.9,3939.33,3832.92,3909.92,5523,0,3905.41
776,11-Mar-19,3981.74,3996.45,3872.89,3900.05,2517,0,3940.895
777,10-Mar-19,3978.05,3999.01,3912.6,3979.81,233,0,3978.93
778,9-Mar-19,3894.2,3979.26,3890.41,3941.19,7745,0,3917.695
779,8-Mar-19,3905.56,3971.55,3799.41,3901.64,4772,0,3903.6
780,7-Mar-19,3927.66,3976.74,3882.13,3898.3,22195,0,3912.98
781,6-Mar-19,3926.31,3979.95,3793.02,3923.13,5609,0,3924.72
782,5-Mar-19,3769.46,3952.5,3718.65,3923.04,14615,0,3846.25
783,4-Mar-19,3821.19,3893.58,3735.1,3759.72,16895,0,3790.455
784,3-Mar-19,3885.56,3918.6,3796.46,3824.17,13356,0,3854.865
785,2-Mar-19,3854.44,3931.38,3780.35,3871.58,2372,0,3863.01
786,1-Mar-19,3854.47,3924.74,3824.55,3858.35,816,0,3856.41
787,28-Feb-19,3902.08,3948.53,3848.97,3854.59,1456,0,3878.335
788,27-Feb-19,3903.92,3915.75,3727.82,3903.79,10917,0,3903.855
789,26-Feb-19,3863.33,3904.57,3813.61,3904.57,4911,0,3883.95
790,25-Feb-19,3635.35,3943.29,3635.35,3865.78,9979,0,3750.565
791,24-Feb-19,4167.25,4329.91,3638.23,3659.93,7180,0,3913.59
792,23-Feb-19,4010.54,4166.84,3986.69,4166.84,5540,0,4088.69
793,22-Feb-19,3980.4,4033.53,3926.61,4018.19,1725,0,3999.295
794,21-Feb-19,4053.34,4053.34,3902.08,3978.72,1571,0,4016.03
795,20-Feb-19,3866.16,4055.46,3833.45,4055.46,2776,0,3960.81
796,19-Feb-19,3911.87,3988.46,3858.83,3869.74,853,0,3890.805
797,18-Feb-19,3693.86,3934.01,3687.71,3909.03,12638,0,3801.445
798,17-Feb-19,3641.88,3787.97,3587.12,3705.29,1740,0,3673.585
799,16-Feb-19,3634.65,3670.46,3609.23,3644.54,948,0,3639.595
800,15-Feb-19,3610.24,3670.51,3587.31,3629.2,73,0,3619.72
801,14-Feb-19,3638.43,3689.82,3580.1,3611.82,888,0,3625.125
802,13-Feb-19,3664.46,3739.78,3599.57,3641.12,3996,0,3652.79
803,12-Feb-19,3630.57,3721.28,3583,3664.99,1060,0,3647.78
804,11-Feb-19,3693.37,3709.27,3582.4,3636.49,2703,0,3664.93
805,10-Feb-19,3675.89,3858.13,3617.36,3686.29,2598,0,3681.09
806,9-Feb-19,3661.55,3703.65,3616.8,3677.96,599,0,3669.755
807,8-Feb-19,3400.35,3760.55,3394.45,3664.84,7174,0,3532.595
808,7-Feb-19,3442.65,3464.21,3389.16,3395.98,539,0,3419.315
809,6-Feb-19,3465.3,3465.46,3330.12,3444.96,2837,0,3455.13
810,5-Feb-19,3478.45,3492.85,3443.33,3461.87,1522,0,3470.16
811,4-Feb-19,3481.73,3500.41,3445.64,3481.22,3541,0,3481.475
812,3-Feb-19,3540.56,3544.67,3436.18,3477.87,6525,0,3509.215
813,2-Feb-19,3476.34,3546.4,3459.11,3542.1,1895,0,3509.22
814,1-Feb-19,3469.39,3517.77,3422.83,3480.77,13640,0,3475.08
815,31-Jan-19,3496.84,3535.42,3435.29,3466.51,19289,0,3481.675
