Date,Price_compare,Ethereum_Close,Ethereum_Volume,Ethereum_Open,Ethereum_High,Ethereum_Low,Silver_Close,Silver_Volume,Silver_Open,Silver_High,Silver_Low,S&P_Close,S&P_Volume,S&P_Open,S&P_High,S&P_Low,Gold_Close,Gold_Volume,Gold_Open,Gold_High,Gold_Low,30_year_Close,30_year_Volume,30_year_Open,30_year_High,30_year_Low
4/8/21,,2075.85,25312956529,1997.74,2097.6,2070.14,25.585,59692,25.21,25.675,25.02,4089,N/A,4089,4089,4089,1758.2,140648,1738.6,1759.4,1733.6,156.7812,289379,155.9688,157.0938,155.9375
4/7/21,UP,1992.68,36116271935,2104.49,1994.32,1951.83,25.247,42705,25.21,25.33,25.125,4069.9,8,4058.3,4059.2,4058.3,1741.6,118174,1744.4,1744.1,1736,156.375,301183,156.4062,156.2812,155.9062
4/6/21,Down,2104.03,29222865881,2114.96,2128.25,2082.07,25.227,52014,24.905,25.225,25.16,4009.9,N/A,4009.9,4009.9,4009.9,1743,148878,1729.2,1745.5,1742.2,156.5312,320425,155.9062,156.625,155.5938
4/5/21,Down,2121.24,28889391170,2029.49,2150.78,2108.81,24.78,38324,25.05,25.14,24.66,4009.9,N/A,4009.9,4009.9,4009.9,1728.8,100575,1730,1734.4,1721.6,155.5938,207421,155.6562,156.1875,155.1875
4/1/21,UP,1993.19,30914259795,1925.82,2010.3,1949.99,24.948,62056,24.46,25.045,24.27,4009.9,N/A,4009.9,4009.9,4009.9,1728.4,166688,1709,1732,1706.4,155.6875,89424,156.4062,156.8125,155.5
3/31/21,UP,1917.44,30226902621,1839.94,1944.08,1914.09,24.532,64445,24.045,24.565,23.74,4064,16,3947.3,3953.7,3947.3,1715.6,205346,1685.9,1716.3,1677.3,154.5938,605914,155.3125,155.4375,154.5
3/30/21,UP,1819.79,22512781703,1793.72,1861.85,1817.09,24.137,68953,24.725,24.77,23.88,3947.7,1,3949.3,3949.3,3949.3,1686,218812,1713,1714.8,1678.3,155.0312,452379,155.0312,155.375,155.1562
3/29/21,UP,1796.9,22796570548,1694.6,1827.16,1788.6,24.771,51320,25.105,25.15,24.48,3958.9,16,3943.6,3949.9,3943.6,1714.6,171876,1732.4,1734.8,1705.6,154.7812,336250,155.5938,156.4375,154.6875
3/26/21,UP,1694.38,22548516548,1612.97,1717.19,1687.49,25.114,41109,25.15,25.335,24.92,3964.8,N/A,3964.8,3964.8,3964.8,1734.7,98882,1727.5,1737.9,1721.2,155.9688,372301,156.2188,156.5938,155.3125
3/25/21,UP,1620.25,29650328701,1570.57,1628.28,1586.36,25.047,84471,25.17,25.24,24.925,3900.5,N/A,3900.5,3900.5,3900.5,1727.3,73549,1736,1732.2,1722.5,156.6875,500866,156.7812,157.25,156.2188
3/24/21,UP,1572.02,31228051473,1679.82,1597.09,1550.11,25.231,42488,25.12,25.43,25.02,3907.5,N/A,3907.5,3907.5,3907.5,1735.5,68820,1728.2,1739.9,1724.8,156.75,368697,156.4062,157.125,155.9062
3/23/21,Down,1678.98,21998237965,1700.94,1685.04,1652.07,25.227,61646,25.85,25.11,25.055,3907.5,N/A,3907.5,3907.5,3907.5,1727.5,62567,1741.2,1729.3,1727.7,156.1562,358070,155,156.5625,154.875
3/22/21,Down,1697.77,23599296129,1783.57,1712.43,1668.86,25.769,60953,26.34,26.35,25.45,#N/A,#N/A,#N/A,#N/A,#N/A,1740.4,36260,1747.5,1749.2,1728.6,155.25,348083,154.4062,155.4375,154.3125
3/19/21,Down,1828,21249297710,1779.84,1835.31,1801.6,26.321,51175,26.15,26.4,25.925,3880.8,61,3909.2,3909.2,3907,1743.9,36859,1736.3,1748.2,1729.3,154.0938,471098,154.3125,154.3438,154.0312
3/18/21,UP,1782.3,23263845504,1834.11,1848.88,1735.42,26.351,75265,26.4,26.74,25.875,3906,N/A,3906,3906,3906,1734.6,18942,1745.9,1756,1719.1,154,627543,155.1875,154.4688,154.0938
3/17/21,Down,1835.14,24512917348,1766.07,1849.23,1812.94,26.058,53877,26.005,26.615,25.805,3884,N/A,3884,3884,3884,1727.1,214084,1730,1750.6,1722,155.1562,534169,155.9375,155.3438,155.0625
3/16/21,UP,1766.73,23828509590,1749.34,1811.93,1763.65,26.003,46881,26.34,26.405,25.885,3873.3,N/A,3873.3,3873.3,3873.3,1730.9,170463,1730.7,1740.5,1724.4,155.8438,428383,156.25,156.625,155.7188
3/15/21,UP,1747.84,26244738810,1883.93,1803.06,1715.97,26.288,47263,26.07,26.39,25.845,3879.5,N/A,3879.5,3879.5,3879.5,1729.2,158839,1726.5,1733.2,1719.2,156.125,395124,155.6562,156.4375,156.0312
3/12/21,Down,1755.68,22435821312,1804.91,1767.3,1730.46,25.911,55551,26.195,26.235,25.425,3853,N/A,3853,3853,3853,1719.8,222995,1720.5,1728,1696.6,155.5625,507070,157.5,157.75,155.375
3/11/21,Down,1804.89,24013132909,1800.28,1841.19,1797.03,26.193,54167,26.315,26.545,25.885,3873.3,N/A,3873.3,3873.3,3873.3,1722.6,197168,1725,1738,1716.8,157.9062,535259,158.0625,158.0938,157.4375
3/10/21,UP,1798.94,25154173185,1793.22,1816.29,1764.46,26.13,52439,26.025,26.315,25.61,3873.3,N/A,3873.3,3873.3,3873.3,1721.8,213679,1714.5,1725.3,1705.6,158.1562,430655,158.0938,158.2188,158
3/9/21,UP,1791.89,23461244507,1836.52,1875.98,1759.5,26.183,65856,25.17,26.22,25.09,3873.3,N/A,3873.3,3873.3,3873.3,1716.9,233565,1679.3,1718.7,1676.7,157.7812,482993,156.75,158.1875,156.6562
3/8/21,Down,1843.43,27630991158,1728.08,1858.77,1809.09,25.269,60615,25.4,25.965,24.97,3936.7,2,3813.8,3813.9,3813.8,1678,258100,1701.6,1712,1673.3,156.75,364812,156.5312,157.125,156.25
3/5/21,UP,1528.31,21067146937,1467.96,1548.06,1521.6,25.287,78031,25.385,25.505,24.845,3798.8,N/A,3798.8,3798.8,3798.8,1698.5,254927,1695.3,1705.7,1683,157.2188,570697,156.7812,157.5,155.8438
3/4/21,UP,1483.07,22906118718,1536.46,1540.66,1447.45,25.461,92025,26.175,26.385,25.08,3798.8,N/A,3798.8,3798.8,3798.8,1700.7,271077,1708.4,1721.6,1687.6,157.0938,539381,158.1562,157.375,156.75
3/3/21,Down,1543.9,22674780680,1540.21,1623.73,1535.9,26.387,80568,26.86,26.915,25.875,3839,N/A,3839,3839,3839,1715.8,251741,1736.5,1739.1,1699.4,158.5312,450954,159.875,158.6562,158
3/2/21,UP,1543.85,22523669722,1576.03,1547,1477.72,26.879,80549,26.63,26.985,25.82,3867.6,7,3895.9,3895.9,3895.3,1733.6,230514,1722.8,1737.8,1704.6,159.4688,443967,159.5,159.9688,159.3438
3/1/21,Down,1568.58,24032838645,1440.72,1602.13,1515.22,26.678,70094,26.7,27.175,26.51,3898.8,2,3846.7,3852.9,3846.7,1723,238037,1732.8,1757.4,1717.2,159.1875,548005,160.25,159.625,159.0312
2/26/21,UP,1503.8,31435997881,1503.15,1515.83,1439.84,26.44,111818,27.53,26.72,26.545,3809.2,2,3839.9,3839.9,3839.8,1728.8,351549,1770.9,1734.4,1725.5,159.2188,851584,158.375,161.0625,157.4375
2/25/21,Down,1508.01,24481681873,1589.77,1526.62,1449.19,27.685,107568,28.08,27.9,27.345,3828,N/A,3828,3828,3828,1775.4,309165,1804.9,1781.7,1763.9,158.2188,675093,160.0938,160.2188,156.25
2/24/21,Down,1595.49,31329000537,1643.15,1655.45,1588.7,27.928,61339,27.785,28.15,27.415,3922.6,11,3884.4,3891.9,3884.1,1797.9,220240,1805,1813,1782.2,161.5312,952762,162.5625,162.9062,160.5
2/23/21,Down,1636.05,52029864713,1632.56,1652.01,1505.79,27.742,60669,28.31,28.47,27.335,3918.8,N/A,3918.8,3918.8,3918.8,1805.9,187078,1809.3,1815.2,1794.5,162.1562,1073451,162.4688,162.7812,161.7188
2/22/21,UP,1609.62,42409646036,1864.79,1781.44,1609.62,28.131,47738,27.59,28.39,27.37,#N/A,#N/A,#N/A,#N/A,#N/A,1808.4,216129,1782,1812.4,1778.6,162.375,977440,163.0312,163.4062,162.0625
2/19/21,Down,2025.19,26268814253,1903.83,2040.79,1924.17,27.293,27253,27.145,27.74,26.155,3877.9,3,3918.6,3918.8,3918.6,1777.4,247288,1774.6,1790.9,1759,163.0938,606962,164.4062,164.6875,162.8125
2/18/21,UP,1904.01,28255902969,1901.06,1951.26,1892.7,27.118,21148,27.49,27.17,27.065,3928,N/A,3928,3928,3928,1775,220586,1776,1775.8,1772.8,164.5,482256,165.0312,164.7812,164.25
2/17/21,UP,1898.89,35955412703,1738.69,1916.3,1849.05,27.315,71766,27.31,27.49,27.165,3928,N/A,3928,3928,3928,1772.8,250909,1793.1,1779.9,1770.6,164.4062,677438,163.9375,165,164.1875
2/16/21,UP,1740.05,34269369268,1812.81,1785.72,1734.15,27.325,127726,27.355,27.385,27.28,3909.5,7,3950.3,3951,3950.3,1799,348000,1795,1796.1,1793,164.0938,662767,165.8125,165.875,163.9062
2/12/21,Down,1859.33,37905036865,1750.21,1871.36,1840.72,27.328,52719,27.02,27.455,27.33,3931.1,N/A,3931.1,3931.1,3931.1,1823.2,169671,1825.4,1825.1,1819.1,166.1562,399098,167.0312,166.3438,165.875
2/11/21,UP,1745.83,36021495262,1722.42,1806.86,1741.04,27.047,58722,27.095,27.35,26.75,3931.1,N/A,3931.1,3931.1,3931.1,1826.8,143597,1844.3,1848.6,1821.7,167.25,422177,167.7188,168,167.0312
2/10/21,UP,1722.27,41916084617,1787.5,1746.32,1704.97,27.078,67179,27.35,27.595,26.88,3931.1,N/A,3931.1,3931.1,3931.1,1842.7,173508,1838.3,1856.6,1834,167.5312,404637,167.0625,167.7812,166.6562
2/9/21,Down,1787.21,44180727529,1735.72,1824,1760.05,27.402,78282,27.37,27.875,27.13,3931.1,N/A,3931.1,3931.1,3931.1,1837.5,151353,1832.4,1849.5,1830.3,167.0625,310063,166.9062,167.5938,166.875
2/8/21,UP,1739.05,48012285956,1618.84,1765.88,1711.4,27.576,79156,27.2,27.7,26.93,3931.1,N/A,3931.1,3931.1,3931.1,1834.2,171978,1818.1,1840.6,1807.3,167.125,392180,166.6875,167.375,166.0938
2/5/21,UP,1680.93,40108628454,1635.47,1742.9,1651.54,27.019,84868,26.42,27.105,26.255,3931.1,9,3882.6,3883.5,3882.6,1813,202612,1794.3,1816,1792.2,166.7188,536048,167.3438,167.7188,166.4062
2/4/21,UP,1634.08,44396871836,1661.46,1651.61,1589.28,26.234,101270,26.96,27.015,25.935,3864.6,N/A,3864.6,3864.6,3864.6,1791.2,269731,1834.5,1835.7,1784.6,167.4688,318933,167.5938,167.5938,167.3438
2/3/21,Down,1659.29,41874566399,1552.97,1693.64,1635.72,26.889,90973,26.735,27.26,26.545,3823.6,12,3828.8,3838.7,3828.8,1835.1,134552,1838.5,1845.9,1830.1,167.8438,301017,168.5625,167.8438,167.5938
2/2/21,UP,1554.28,45437142801,1381.14,1560.3,1510.27,26.402,199371,29.095,29.15,26.35,3765,N/A,3765,3765,3765,1833.4,226676,1863.6,1866.3,1830.4,168.4375,281848,168.8438,169.0312,168.0625
2/1/21,UP,1381.97,29210670920,1315.29,1410.06,1361.63,29.418,308231,28.425,30.35,28.155,#N/A,#N/A,#N/A,#N/A,#N/A,1863.9,237650,1865,1876,1851.7,169,301905,169.25,169.375,168.6875
1/29/21,UP,1346.21,53611955259,1306.37,1405.78,1327.66,26.914,181322,26.625,27.14,26.91,3818.3,4,3748,3768,3748,1850.3,269474,1845.6,1851.7,1843.8,168.7188,597260,169.7188,169.9062,168.4062
1/28/21,UP,1305.36,39790481941,1283.04,1373.56,1288.26,25.922,184884,25.33,26.73,26.42,3779.3,9,3737.2,3746.2,3737.2,1841.2,270329,1847.2,1846.1,1843.1,169.5625,462144,170.4062,170.9062,169.1875
1/27/21,UP,1279.75,39394416990,1311.55,1291.83,1221.15,25.389,94884,25.53,25.34,25.13,3744.2,N/A,3744.2,3744.2,3744.2,1848.9,163249,1854.3,1847.6,1841.5,170.4375,411889,170.0312,170.7812,169.625
1/26/21,Down,1306.99,41572917750,1341.04,1372.31,1299.62,25.538,51039,25.395,25.72,25.23,3842.6,N/A,3842.6,3842.6,3842.6,1854.8,89895,1858.7,1864.5,1851.1,169.875,268008,170.125,170.2812,169.6562
1/25/21,Down,1330.64,43565777745,1423.2,1377.94,1299.52,25.484,72512,25.535,25.835,25.205,3848.4,5,3847.3,3848,3847.3,1859,86197,1858.6,1870.9,1850,169.9688,350728,168.9688,170.1875,168.5938
1/22/21,UP,1246.4,43918338506,1158.45,1250.31,1207.41,25.556,73295,26.025,26.045,25.05,3834.2,8,3840.3,3840.3,3840.3,1859.9,74763,1874,1874.1,1839.7,168.875,293455,168.4062,169.1562,168.2188
1/21/21,UP,1154.44,45932464754,1288.75,1185.94,1045.02,25.854,58922,25.91,26.1,25.93,3846,N/A,3846,3846,3846,1869.3,47567,1875.6,1874.5,1870.8,168.4375,371401,169.1562,169.3438,168.1875
1/20/21,Down,1299.96,46784030909,1357.1,1387.39,1294.54,25.766,79320,25.29,25.96,25.67,3845,13,3798.9,3814.2,3798.9,1870.2,51238,1843.2,1875.6,1865.8,169,285285,169,169.375,168.6562
1/19/21,Down,1359.85,47195935190,1305.16,1406.56,1321.61,25.32,107669,24.835,25.48,24.04,3811.8,N/A,3811.8,3811.8,3811.8,1840.2,324829,1828.8,1845,1800.8,168.9688,382008,169.0312,169.25,168.3125
1/15/21,UP,1178.3,35972039310,1208.32,1197.51,1158.33,24.866,102595,25.61,25.865,24.61,3811.8,N/A,3811.8,3811.8,3811.8,1829.9,224725,1847.3,1856.6,1822.1,168.8125,324242,168.125,169.1562,168.75
1/14/21,Down,1215,33410915929,1108.45,1256.13,1203.63,25.802,82618,25.29,25.885,25.525,3811.8,N/A,3811.8,3811.8,3811.8,1851.4,242126,1845.6,1853.6,1843.4,168.2188,435983,169.4062,168.8125,168.0312
1/13/21,UP,1106.15,30109792795,1024.1,1144.05,1088.52,25.572,57858,25.655,25.63,25.205,3790.6,N/A,3790.6,3790.6,3790.6,1854.9,203544,1855,1859.3,1841.6,169.375,457224,168.3438,169.4688,169.125
1/12/21,UP,1021.17,37494601692,1097.37,1058.07,990.96,25.435,64420,25.015,25.725,25.615,3794.5,N/A,3794.5,3794.5,3794.5,1844.2,225729,1845.4,1856.9,1854.3,168.1875,398915,168.0625,168.375,167.3438
1/11/21,Down,1085.9,60733630300,1118.53,1101.03,1042.16,24.985,103896,25.47,25.595,24.365,#N/A,#N/A,#N/A,#N/A,#N/A,1850.8,253190,1849.4,1856,1817.1,168.3438,305795,168.4688,168.9688,168.0312
1/8/21,Down,1221.03,44334826666,1169.55,1233.44,1172.39,24.637,180099,27.28,27.335,24.53,3792,8,3807.3,3807.3,3807.3,1835.4,422485,1915.2,1918.4,1827.8,168.75,509648,168.9375,169.4062,168.1562
1/7/21,UP,1170.08,40468027280,1210.66,1230.75,1069.25,27.261,68907,27.41,27.495,27.02,3681.5,N/A,3681.5,3681.5,3681.5,1913.6,192365,1921.5,1929.6,1907.5,169.2188,396181,169.7188,169.9688,168.6562
1/6/21,Down,1211.33,44699914188,1116.23,1223.43,1181.5,27.042,127147,27.72,28.105,26.7,3681.5,N/A,3681.5,3681.5,3681.5,1908.6,356182,1952.8,1962.5,1902.6,169.7188,671450,171.9375,172.3125,169.4062
1/5/21,UP,1115.89,41535932781,1004.08,1132.76,1060.67,27.64,66177,27.355,27.85,27.15,3681.5,N/A,3681.5,3681.5,3681.5,1954.4,192111,1946,1957,1938.4,172,398538,173.0312,173.0312,171.7188
1/4/21,UP,1024.04,56945985763,1027.21,1131.56,990.8,27.364,110753,26.77,27.76,26.73,3681.5,N/A,3681.5,3681.5,3681.5,1946.6,261675,1908.2,1948.7,1906.1,173.0312,392652,172.8438,173.3438,172.8125
12/31/20,UP,742.94,13926846861,742.62,748.96,730.02,26.412,38811,26.835,26.88,26.345,3681.5,N/A,3681.5,3681.5,3681.5,1895.1,127578,1899,1904.9,1889.1,173.1875,205210,172.875,173.25,172.5625
12/30/20,UP,741.69,17294574210,730.27,755.13,730.13,26.573,46765,26.325,26.835,26.26,3681.5,N/A,3681.5,3681.5,3681.5,1893.4,128688,1881.8,1899,1879.5,172.8438,204231,172.5625,172.9062,172.0312
12/29/20,UP,729.47,18710683199,703.67,747.11,726.12,26.217,63573,26.45,26.77,26.075,3681.5,N/A,3681.5,3681.5,3681.5,1882.9,145905,1878,1891.3,1875.6,172.6562,211278,172.875,172.875,172.1562
12/28/20,UP,700.79,24222565862,704.72,739.77,690.24,26.539,79943,26.13,26.98,26,3681.5,N/A,3681.5,3681.5,3681.5,1880.4,194545,1887,1904.1,1873,172.8438,185179,172.9375,172.9375,172.2812
12/24/20,UP,608.98,14317413703,574.9,615.54,605.01,25.908,34881,25.74,26.08,25.535,3681.5,N/A,3681.5,3681.5,3681.5,1883.2,87445,1877.3,1887.4,1873.1,172.75,95197,172.2812,172.9062,172.0625
12/23/20,UP,577.76,15261413038,623.18,586.67,566.15,25.921,64584,25.315,25.96,25.185,3681.5,N/A,3681.5,3681.5,3681.5,1878.1,157856,1865.6,1883.7,1860.9,172.0625,324076,173.0625,173.4375,171.5
12/22/20,Down,619.31,14745890080,610.04,638.11,618.36,25.535,105634,26.42,26.815,25.225,3795.6,8,3694.7,3694.7,3694.7,1870.3,173183,1883,1889.4,1863.7,173.0312,218184,172.5938,173.0938,172.4375
12/21/20,UP,611.52,14419493621,644.99,615.04,602.33,26.379,131716,26.11,27.635,25.12,3685.8,1,3637.2,3637.2,3637.2,1882.8,226997,1892.9,1912,1859,172.375,388165,172.2812,173.75,172.1562
12/18/20,Down,654.9,15756303983,643.49,659.56,645.91,26.033,68739,26.255,26.35,25.865,3706.2,43,3708.8,3720,3708.8,1888.9,149960,1891.3,1895.7,1881.9,172.125,250031,172.5,173.0312,172.0625
12/17/20,UP,645.76,25479532147,637.49,653.77,630.44,26.181,93565,25.5,26.305,25.335,3712.8,N/A,3712.8,3712.8,3712.8,1890.4,213170,1868.4,1902,1865.9,172.6562,356566,172.9688,173.6875,172.2812
12/16/20,UP,639.81,15817248373,583.43,651.74,635.64,25.052,94852,24.645,25.64,24.575,3605.1,N/A,3605.1,3605.1,3605.1,1859.1,196702,1857.7,1870,1848.2,172.9375,402585,173.25,173.375,172.125
12/15/20,UP,584.1,9326645840,583.61,589.15,580.9,24.644,59608,23.965,24.7,23.94,3598.6,N/A,3598.6,3598.6,3598.6,1855.3,169218,1830.5,1859.3,1828.5,172.9062,273213,173.625,173.9688,172.8438
12/14/20,Down,589.41,8125837102,585.49,596.97,585.65,24.047,54519,24.14,24.01,23.94,3554.3,N/A,3554.3,3554.3,3554.3,1832.1,166785,1845,1832.7,1828.1,173.6875,299724,173.5,173.6875,173.5312
12/11/20,UP,553.73,11098819124,545.86,555.89,543.99,24.092,49652,24.135,24.245,23.69,3567.5,N/A,3567.5,3567.5,3567.5,1843.6,150634,1840,1851.8,1826.8,173.6562,288923,173.5625,174.2812,173.3438
12/10/20,UP,545.75,11672582040,567.5,560.28,541.11,24.094,58194,24.055,24.43,23.825,3572.7,N/A,3572.7,3572.7,3572.7,1837.4,162513,1843,1854.2,1831.5,173.4688,350316,172.625,173.625,172.5312
12/9/20,Down,568.12,15855915840,547.55,575.56,565.12,23.99,83486,24.735,24.755,23.695,3672.4,16,3706.8,3708.2,3706.8,1838.5,216843,1875.4,1875.9,1828.2,172.4688,300153,172.8438,172.875,171.9375
12/8/20,UP,549.8,14398919320,589.5,556.38,543.13,24.736,58412,24.655,25.015,24.55,3702,N/A,3702,3702,3702,1874.9,147902,1866.1,1879.8,1863.9,173.0625,272969,172.625,173.5,172.25
12/7/20,Down,589.53,10720480962,596.36,591.33,586.6,24.794,81408,24.31,24.94,24.525,3690.8,N/A,3690.8,3690.8,3690.8,1866,204259,1841.1,1870.8,1862.1,172.5312,289330,171.5312,172.6562,172.1875
12/4/20,UP,579.52,16337589997,605.84,579.85,561.24,24.253,67363,24.195,24.585,24.065,3697.9,N/A,3697.9,3697.9,3697.9,1840,167301,1844.7,1852.7,1832,171.6562,406698,173.1562,173.4688,171.125
12/3/20,Down,605.8,16146190946,593.14,619.61,601.18,24.137,72592,24.22,24.42,23.85,3664.6,8,3668.4,3668.4,3668.4,1841.1,177988,1833.9,1847.4,1826.7,172.875,317229,172.4375,173.3125,172.1562
12/2/20,UP,594,16883292129,582.37,599.92,589.22,24.08,75782,24.13,24.25,23.99,3660.5,N/A,3660.5,3660.5,3660.5,1830.2,182809,1819.1,1835.7,1828.2,172.1562,393549,172.8125,173.1875,171.6875
12/1/20,UP,582.44,27178964465,604.17,597.12,575.24,24.09,87027,22.7,24.18,22.665,3660.5,N/A,3660.5,3660.5,3660.5,1818.9,197184,1780.3,1821.1,1778.4,172.6562,448039,175,175.1562,172.5
11/30/20,Down,606.09,20276867833,584.88,616.78,602.58,22.593,92943,22.78,22.83,21.96,3667.3,29,3644.4,3646.3,3631.8,1780.9,235285,1790.8,1793.3,1767.2,174.9062,437460,175,175.3125,174.5625
11/27/20,UP,511.77,16831105703,520.06,520.26,509.83,22.639,93554,23.485,23.575,22.4,3636.5,21,3632,3634.2,3628.8,1788.1,277091,1812.1,1822.6,1776.5,175.0312,162269,173.9688,175.0625,173.9688
11/25/20,Down,526.94,20088492893,581.9,577.08,512.11,23.446,30230,23.39,23.64,23.21,3627.3,19,3640.3,3640.3,3629.4,1811.2,121112,1812,1821.7,1804.7,172.875,513226,172.9688,173.6562,172.5312
11/24/20,Down,586.46,23281758100,618.55,605.63,581.44,23.41,42706,23.735,23.45,23.275,3632.7,N/A,3632.7,3632.7,3632.7,1810.9,125089,1842.6,1813.1,1807.4,172.9062,907878,173.5,173.5625,172.625
11/23/20,Down,618.57,27272302872,580.95,619.86,600.53,23.757,25369,24.305,23.79,23.71,3576,7,3577.3,3578,3577.3,1844.1,106315,1875.9,1844.5,1839.6,173.4688,808363,174.2188,174.25,173.2812
11/20/20,UP,506.03,18629943296,486.32,518.09,505.23,24.491,18721,24.2,24.505,24.335,3554.2,N/A,3554.2,3554.2,3554.2,1872.4,180515,1864.8,1873.9,1868.7,174.0625,469373,173.9062,174.2812,173.4688
11/19/20,UP,487.04,12473929218,476.23,487.97,471.06,24.164,18318,24.53,24.31,24.2,3580.1,1,3550.4,3550.4,3550.4,1861.5,217146,1872,1866.7,1862,173.25,438507,172.7812,173.9062,172.75
11/18/20,UP,476.65,17880199224,493.69,480.55,474.41,24.558,13856,24.685,24.51,24.415,3564.9,N/A,3564.9,3564.9,3564.9,1873.9,203979,1879.5,1871.5,1868.2,172.5312,357012,172.9062,173.4688,172.1562
11/17/20,Down,492.79,14593057877,461.77,495.04,481.87,24.651,57191,24.88,24.9,24.435,3606.8,4,3611.2,3613.1,3610.9,1885.1,155099,1888.2,1892.7,1876.3,172.5625,305535,171.875,172.9062,171.5938
11/16/20,UP,465.31,11441239444,449.61,468.45,459.74,24.802,81247,24.8,25.155,24.255,3623,3,3618.8,3619,3618.8,1887.8,217991,1886.6,1898,1861.5,171.9062,298186,172.0938,172.6875,171.2812
11/13/20,Down,468.91,13191505725,463.79,477.34,468.01,24.775,59687,24.365,24.765,24.68,3581.9,N/A,3581.9,3581.9,3581.9,1886.2,158776,1875.6,1888.9,1885.3,172.1875,235223,172.3438,172.25,172
11/12/20,UP,463.56,12877327234,457.96,466.8,461.31,24.306,59150,24.36,24.475,24.09,3532.5,1,3556.7,3556.7,3556.7,1873.3,199543,1863.9,1883,1860.7,172.2812,415745,170.5312,172.4688,170.4688
11/11/20,UP,458.7,14075403511,462.97,464.08,452.65,24.267,72493,24.305,24.51,23.81,3568.1,3,3567.2,3567.2,3567.2,1861.6,201067,1876.1,1882.5,1853.9,170.6562,106272,170.2188,170.8438,170.3125
11/10/20,Down,460.3,12090381666,450.95,466.08,449.51,24.462,83204,24.18,24.355,24.16,3541,2,3539.4,3539.4,3539.3,1876.4,243090,1864.1,1877.1,1870.9,170,434903,171,171.4375,169.9375
11/9/20,UP,451.7,13704320630,451.96,451.7,439.5,23.701,162454,25.86,24.39,23.955,3544,4,3629.3,3658.4,3629.3,1854.4,475721,1956,1869.3,1861.2,170.1875,624264,173.0312,171.0938,170.0938
11/6/20,Down,457.44,16738305610,429.4,467.88,454.78,25.662,109781,25.45,25.975,25.01,3500.7,10,3466.7,3502.7,3466.7,1951.7,233903,1950,1961.8,1937.2,173.3125,358427,174.75,174.9688,172.9062
11/5/20,UP,429.42,15440711038,403.07,440.91,415.08,25.191,104934,23.98,25.54,25.36,3504.8,1,3491.2,3491.2,3491.2,1946.8,288663,1903.4,1952.6,1948,174.3438,409024,174.625,174.7812,174.3125
11/4/20,UP,403.94,15126077675,385.62,406.22,400.59,23.893,100641,24.29,24.005,23.885,3434.9,2,3344.9,3344.9,3344.8,1896.2,284598,1910.3,1905.8,1897.8,174.4375,821648,171.1562,174.6562,174.0625
11/3/20,UP,385.66,12588494762,374.34,388.39,381.27,24.334,58515,24.17,24.325,24.165,3361.6,3,3337,3344.8,3336.8,1910.4,166642,1896.4,1911.8,1906.9,172.0312,333548,172.8125,172.0312,171.4062
11/2/20,UP,374.33,13997574252,398.31,385.08,370.96,24.033,73322,23.635,24.26,23.46,3300.5,29,3303.9,3314.2,3296,1892.5,161958,1877,1897.1,1873.3,172.75,331943,172.1562,172.8125,172.5625
10/30/20,Down,382.13,13688056970,384.85,387.63,380.53,23.646,77991,23.35,23.755,23.49,3264.7,16,3252.7,3285.6,3252.2,1879.9,207865,1867.9,1885.9,1875,172.4688,566732,173.2188,173.5938,172
10/29/20,Down,385.39,12920477749,391.26,391.98,383.6,23.36,101168,23.44,23.65,22.625,3302.3,13,3286.3,3286.3,3269.7,1868,219592,1877.5,1885.1,1859.2,172.8438,473682,174.25,174.4062,172.625
10/28/20,Down,390.06,15276441134,405.9,392.04,387.82,23.359,125279,24.495,23.5,23.3,3263.5,10,3367.3,3367.3,3277.8,1879.2,289026,1909.8,1882.1,1875.7,174.0312,367295,174.375,174.3438,174.1875
10/27/20,Down,406.19,13940434102,392.5,408.1,402.95,24.57,51247,24.385,24.76,24.265,3383.1,8,3396.8,3396.8,3368.3,1911.9,149056,1904.4,1913.8,1898.7,174.0938,266305,173.5312,174.4062,173.375
10/26/20,UP,392.37,15155684229,408.94,395.3,391.93,24.42,66833,24.75,24.765,24.145,3393.5,1,3417.3,3417.3,3417.3,1905.7,161841,1906,1911.1,1892.5,173.5938,330261,172.7188,173.9375,172.6875
10/23/20,Down,412.14,14256222052,413.25,413.52,407.74,24.675,51327,24.835,24.98,24.5,3428.3,N/A,3428.3,3428.3,3428.3,1905.2,168148,1906.5,1917.3,1895.2,172.5938,289436,171.9688,172.7812,171.6875
10/22/20,Down,413.28,15772846485,393.13,415.07,410.5,24.709,73168,25.18,25.225,24.46,3428.3,N/A,3428.3,3428.3,3428.3,1904.6,208087,1927.4,1929.4,1894.2,172.3438,349935,172.9062,173.4688,171.7812
10/21/20,UP,393.07,20241324322,378.12,397.63,391.21,25.241,76573,24.795,25.425,24.775,3451.8,1,3428.3,3428.3,3428.3,1929.5,194754,1911.6,1936,1911.6,173.0938,393550,173.6562,173.5625,172.8438
10/20/20,UP,378.6,13741586582,379.83,378.82,368.06,24.98,56490,24.485,24.915,24.735,3483,N/A,3483,3483,3483,1915.4,160356,1906.4,1915.5,1909,173.5,316406,174.25,174.4375,173.375
10/19/20,Down,379.95,12811242092,372.87,380.14,377.68,24.698,62583,24.29,25.12,24.215,#N/A,#N/A,#N/A,#N/A,#N/A,1911.7,155479,1903.2,1923.4,1900.2,174.5,288198,174.75,174.8438,173.9375
10/16/20,UP,367.51,14670784817,377.86,368.28,363.18,24.405,50140,24.43,24.66,24.185,3432.2,2,3483,3483,3483,1906.4,144094,1912.7,1918.7,1901.1,174.9062,281829,175.0938,175.5625,174.5
10/15/20,Down,377.24,14964182545,376.66,379.6,375.9,24.224,70895,24.37,24.44,23.65,3475.4,5,3445.3,3445.4,3437.1,1908.9,205615,1906,1913.2,1892.7,175.25,327440,175.25,176.3125,175
10/14/20,UP,376.75,13918846567,382.14,379.2,375.44,24.395,62163,24.24,24.725,23.93,3480.9,4,3500.7,3505.3,3495.8,1907.3,185374,1895.4,1917.5,1885,175.375,236504,175.1562,175.375,175.1875
10/13/20,Down,382.98,N/A,383.02,384.8,380.71,24.129,91366,25.24,25.31,24.015,3504.8,4,3511.8,3519.5,3511.8,1894.6,260044,1927.3,1930.6,1889.3,175.1875,262107,174.375,175.25,174.25
10/12/20,Down,383.73,N/A,373.89,387.06,382.33,25.271,69132,25.28,25.71,24.905,3532.8,3,3484.3,3498.1,3484.3,1928.9,155906,1935,1939.4,1923.8,174.375,63362,174.0938,174.4375,174
10/9/20,UP,376.76,N/A,350.82,377.97,364.57,25.108,73241,23.97,25.33,23.965,3473.3,16,3450.3,3451.9,3450.3,1926.2,224808,1898.4,1936.8,1898,174.0312,306017,173.75,174.1562,173.9688
10/8/20,UP,350.34,11511016796,339.16,351.32,348.29,23.876,45989,23.925,24.355,23.775,3424.8,4,3426.7,3426.7,3424.8,1895.1,179968,1890.6,1905.3,1885.3,174.1875,298142,173.5938,174.3125,173.5625
10/7/20,UP,339.24,10537119715,338.39,341.94,338.4,23.896,57886,23.16,24.12,23.09,3406.8,6,3363.8,3380.2,3363.8,1890.8,183295,1882.6,1902.4,1877.1,173.6562,343876,174.875,175,173.3125
10/6/20,UP,337.78,11497841885,353.55,340.61,334.11,23.921,70956,24.52,24.65,22.965,3353.2,N/A,3353.2,3353.2,3353.2,1908.8,172605,1917.8,1927,1902.9,174.6875,488386,173.75,174.9375,174.4375
10/5/20,Down,353.76,9933790982,354.22,354.73,351.95,24.56,49226,24.075,24.675,24.01,3392.9,N/A,3392.9,3392.9,3392.9,1920.1,176090,1910.9,1924.9,1902.5,174.2188,348295,175.6875,174.0625,173.6875
10/2/20,UP,348.24,12946215647,352.83,348.69,343.74,24.029,65809,23.9,24.355,23.58,3339.2,9,3361.2,3361.2,3304.7,1907.6,209696,1911,1923.6,1895.2,175.9062,396859,176.2188,177,175.5938
10/1/20,Down,352.13,12360670278,362.24,353.61,350.18,24.254,69981,23.355,24.32,23.325,3367.7,N/A,3367.7,3367.7,3367.7,1916.3,257047,1891.2,1917.9,1890,176.3438,380374,176.0938,176.5625,176.125
9/30/20,Down,362.29,9773649426,355.75,363.36,358.78,23.494,89045,24.505,24.505,23.235,3352,8,3316.3,3331.9,3303.2,1895.5,256446,1903.2,1908.2,1885.8,176.2812,504356,177.0938,177.2812,175.4375
9/29/20,UP,355.89,10286529445,353.67,359.91,355.35,24.445,76907,23.805,24.545,23.51,3297.9,N/A,3297.9,3297.9,3297.9,1903.2,213482,1886.4,1904.8,1880.8,177.2188,210811,177.0625,177.375,176.8438
9/28/20,UP,353.32,12102509266,357.82,355.46,352.09,23.604,77561,22.995,23.86,22.61,3297.9,N/A,3297.9,3297.9,3297.9,1882.3,232907,1862.7,1888.2,1851.1,176.8438,166456,177.125,177.1875,176.5938
9/25/20,UP,351.83,12254269350,345.1,353.51,350.21,23.093,92164,23.24,23.415,22.52,3287.3,2,3238.8,3238.8,3210.7,1866.3,226076,1872.7,1879.3,1854.1,177.0312,214370,176.875,177.2812,176.625
9/24/20,UP,345.97,13460565701,325.05,349.83,345.92,23.196,157037,22.875,23.44,21.81,3238,8,3228.4,3228.4,3217,1876.9,338361,1866.9,1880.9,1851,176.9688,282856,176.5938,177,176.375
9/23/20,UP,324.78,12047020995,341.64,326.04,317.27,23.105,149462,24.525,24.62,22.725,3231.2,16,3295.3,3307.9,3295.3,1868.4,402011,1905.1,1909.9,1856,176.4688,261128,176.5,176.9688,175.9375
9/22/20,Down,341.82,12732578043,343.16,344.12,341.17,24.523,107856,24.785,25.3,23.91,3299.3,N/A,3299.3,3299.3,3299.3,1907.6,279441,1918.1,1925.5,1898.9,176.6875,224004,176.625,176.8125,176.2188
9/21/20,Down,343.17,17398267133,374.93,344.9,338.28,24.387,176173,27.005,27.13,23.78,3275.1,13,3310.8,3310.8,3277.2,1910.6,380526,1957.3,1962.9,1885.4,176.5312,280553,176.0625,177.2812,176.0625
9/18/20,Down,382.35,14108357740,387.56,385.28,381.61,27.129,52391,27.285,27.58,26.87,3316.2,43,3346.7,3362,3346.4,1962.1,174242,1951.1,1968.2,1951.1,176,216435,176.3125,176.875,175.9062
9/17/20,Down,387.14,19899531080,376.93,392.21,385.88,27.1,93485,27.345,27.4,26.405,3351,4,3347.1,3347.1,3347.1,1949.9,263192,1967.6,1969.3,1938.2,176.4688,312495,176.0938,177.4375,176.0938
9/16/20,UP,378.77,16107612177,359.19,384.4,363.54,27.476,63279,27.35,27.705,27.055,3379.4,18,3394.2,3412,3394.1,1970.5,287073,1961.4,1983.8,1957.2,176.2188,278827,176.4375,177.125,175.875
9/15/20,UP,358.9,16140584321,376.16,364.57,355.18,27.464,59641,27.38,27.865,27.195,3395,25,3382,3393,3382,1966.2,232698,1966.2,1982.4,1955.6,176.5,257271,176.5938,176.75,176.0938
9/14/20,Down,376.13,17536695361,366.05,381.67,374.64,27.355,50898,26.91,27.545,26.85,#N/A,#N/A,#N/A,#N/A,#N/A,1963.7,196763,1948.9,1972.5,1945.2,176.6875,188762,176.625,177.0625,176.3125
9/11/20,UP,369.38,27296269329,357.81,374,368.61,26.857,59509,27.035,27.235,26.76,3372.2,N/A,3372.2,3372.2,3372.2,1947.9,202859,1953.8,1959,1945.7,176.5938,225882,176.375,176.6875,175.8125
9/10/20,UP,358.29,31421134556,369.82,371.54,358.12,27.291,85482,27.185,27.07,26.9,3340.6,2,3387,3387,3386.9,1964.3,268963,1955.3,1954.9,1949.9,176.25,331062,175.7188,176.4688,175
9/9/20,Down,369.47,14547933520,333.96,370.46,350.86,27.083,58920,26.905,27.325,26.565,3400.3,2,3345.7,3355.6,3345.7,1954.9,224190,1939.4,1959.7,1926.3,175.7188,290788,176.5,177,175.5312
9/8/20,UP,332.83,17991403432,349.24,340.86,331.12,26.991,138765,27.04,27.385,25.985,3335.5,9,3401,3401,3372.8,1943.2,412083,1938,1948.3,1911.7,176.2812,320547,175.4062,176.9688,175.125
9/4/20,Down,388.18,16747106257,384.69,394.12,384.88,26.712,114122,26.765,27.195,26.455,3417.6,23,3446.7,3469,3446.7,1934.3,300921,1938,1945.9,1923,175.375,346478,177.5,176.8438,175.25
9/3/20,UP,384.74,19622845896,442.75,390.96,376.73,26.875,122922,27.635,27.89,26.63,3461.5,2,3567.1,3567.2,3567.1,1937.8,300282,1948.9,1956.6,1927.2,177.875,315532,177.1875,178.5312,176.7812
9/2/20,Down,441.27,19691854014,470.06,466.4,438.08,27.395,123599,28.385,28.54,27.275,3579.2,6,3539.4,3539.4,3539.4,1944.7,326130,1976.8,1980.4,1938.9,177.2188,298264,176.375,177.3438,175.875
9/1/20,Down,471.57,18862763756,443.41,478.8,465.98,28.645,113442,28.43,29.235,27.835,3526.9,6,3504.6,3504.6,3504.6,1978.9,300227,1973.7,2001.2,1969.2,176.3438,330210,175.4062,176.4688,174.6562
8/31/20,UP,443.36,12774741797,425.2,443.81,429.65,28.594,89757,27.83,28.65,27.79,3498.9,N/A,3498.9,3498.9,3498.9,1978.6,242577,1973.9,1985.8,1962.3,175.7188,429963,174.9688,175.8125,174.1875
8/28/20,UP,394.52,9120674421,387.45,395.89,391.97,27.79,101673,27.265,27.99,27.05,3504.4,N/A,3504.4,3504.4,3504.4,1974.9,329609,1937.5,1983,1928.2,174.7812,308392,174.4688,175.25,173.5
8/27/20,UP,386.73,10457777652,384.4,388.55,379.8,27.198,109158,27.775,28.195,26.705,3485.3,N/A,3485.3,3485.3,3485.3,1932.6,461990,1963,1987,1914.7,174.75,545362,176.4062,177.4375,174.4688
8/26/20,UP,384.65,9967343483,386.21,389.15,383.04,27.604,61890,26.76,27.795,26.31,3480.3,7,3444.7,3444.7,3443.8,1952.5,338049,1939,1963.4,1908.4,178.1562,693941,178.4062,178.4688,177.375
8/25/20,Down,384.69,12428442042,401.46,387.7,377.69,26.426,35088,26.81,27.015,26.29,3442.9,N/A,3442.9,3442.9,3442.9,1923.1,271641,1935.9,1944.1,1919.1,178.5312,772335,179.2188,179.2812,177.5938
8/24/20,Down,402.08,10328860398,393.04,409.02,400.64,26.768,35393,27.04,27.495,26.48,3427.5,1,3420.4,3420.4,3420.4,1939.2,284540,1947.9,1970.3,1930.8,179.4375,378566,179.6875,180.0625,179.1562
8/21/20,UP,384.91,11781796374,415.93,388.19,379.96,26.877,36796,27.5,27.775,26.25,3372.7,N/A,3372.7,3372.7,3372.7,1947,352773,1955.6,1963.1,1916.6,179.5938,312900,179.125,179.875,178.875
8/20/20,Down,414.28,10043032427,407.19,418.72,409.83,27.301,25328,26.92,27.77,26.81,3372.7,N/A,3372.7,3372.7,3372.7,1946.5,378970,1934.4,1963.1,1928.9,179.3438,324523,178.2188,179.5,178.2188
8/19/20,UP,408.02,13137391167,415.82,415.16,406.65,27.486,32940,27.98,28.27,26.685,3372.7,N/A,3372.7,3372.7,3372.7,1970.3,440405,2010.5,2015.6,1930.5,178.4375,352008,178.8438,179.4062,178
8/18/20,Down,417.19,11978984079,429.88,426.65,416.35,28.243,32283,27.805,28.775,27.36,3392.6,6,3386.3,3387,3386.3,2013.1,358272,1993.6,2024.6,1985.2,178.8125,258329,178.25,179.0312,178.1875
8/17/20,Down,429.52,13227089410,425.82,433.65,428.13,27.834,27387,26.755,27.88,26.1,#N/A,#N/A,#N/A,#N/A,#N/A,1998.7,285580,1956.4,2000.8,1939.1,178.3438,254529,177.8438,178.75,177.6875
8/14/20,Down,438.73,15064589987,421.08,442.7,435.82,26.089,220726,27.62,27.885,25.78,3379.8,1,3372.7,3372.7,3372.7,1949.8,237092,1963.8,1970,1939.1,177.8438,272432,177.6875,178.4688,177.6562
8/13/20,UP,421.53,18480303526,394.5,429.93,418.37,27.718,240661,25.63,27.855,25.355,3370.1,N/A,3370.1,3370.1,3370.1,1970.4,346000,1927.3,1974.8,1923,177.8125,371998,178.625,179.625,177.5
8/12/20,UP,393.41,12408772745,377.14,394.67,386.56,25.979,236748,24.9,26.355,23.58,3370.1,N/A,3370.1,3370.1,3370.1,1949,450394,1921.6,1961,1874.2,178.7812,363503,179.5,179.9688,178.25
8/11/20,UP,376.63,12792218737,394.25,380.49,372.66,26.049,347002,29.235,29.44,24.48,3367.7,11,3375.6,3375.6,3371.1,1946.3,556617,2038.4,2040.5,1911.3,179.125,401587,181.1562,181.3125,179.0312
8/10/20,Down,393.84,11685827893,397.07,398.13,393.28,29.261,233506,28.525,29.53,27.96,3352.7,1,3346.2,3346.2,3346.2,2039.7,248644,2044.8,2060.8,2027.8,181.2812,193931,181.4688,182,181.0625
8/7/20,UP,378.28,12751687084,395.62,382.67,376.38,27.54,276165,29.025,29.275,27.43,3344.8,1,3341.3,3341.3,3341.3,2028,391017,2076.4,2082.1,2024.8,181.5938,270454,182.2812,182.8125,181.4062
8/6/20,Down,395.91,11304626458,395.64,398.14,394.04,28.4,231393,27.105,29.2,26.935,3344.3,N/A,3344.3,3344.3,3344.3,2069.4,307517,2055,2081.8,2049,182.25,258487,181.875,183.1875,181.7188
8/5/20,UP,395.63,12875466638,389.24,403.18,394.91,26.89,209091,26.29,27.25,25.64,3316,25,3315,3315,3314.9,2049.3,361949,2037,2070.3,2027.5,182.0938,279275,182.9688,183,181.6562
8/4/20,UP,388.81,14086704221,390.94,391.89,384.84,26.028,153133,24.49,26.26,24.24,3299.9,1,3288.9,3288.9,3288.9,2021,269790,1993.5,2037.7,1982.6,182.7812,211480,181.7812,183,181.5938
8/3/20,Down,389.43,12834648062,379.28,402.01,385.86,24.417,77403,24.68,25.275,24.16,3288.4,N/A,3288.4,3288.4,3288.4,1986.3,176729,1997.4,2009.5,1975.2,181.5938,260643,182.4062,182.5312,181.2812
7/31/20,UP,352.68,12030600492,329.05,352.68,343.33,24.216,137357,23.625,24.67,23.41,3263.5,1,3258.7,3258.7,3258.7,1985.9,275460,1973.6,2005.4,1971.4,182.2812,348208,182.125,182.8125,181.6562
7/30/20,UP,330.22,11827689045,316.24,336.35,329.05,23.362,151041,24.45,24.58,23,3248.8,2,3244.6,3245,3244.6,1966.8,268606,1986.4,1987.3,1952.3,182.3125,225856,181.375,182.4688,181.3125
7/29/20,UP,316.67,10878845706,316.51,319.4,315.62,24.321,137360,24.58,25.12,23.435,3252.4,43,3217.6,3255.2,3217.6,1976.7,191033,1971.9,1998.4,1955.7,181.2812,209388,181.5,181.625,180.9062
7/28/20,UP,316.34,12357108065,319.14,318.81,312.64,24.3,250138,24.7,26.275,22.46,3213,N/A,3213,3213,3213,1963.9,154485,1963.2,2000,1927.5,181.4375,227592,180.4688,181.5938,179.9375
7/27/20,Down,318.05,15644257058,325.15,326.53,316.3,24.501,183880,22.97,24.82,22.94,3232.2,1,3217.1,3217.1,3217.1,1955.4,127487,1929,1971.3,1926.8,180.6562,203213,181,181.6562,180.4062
7/24/20,UP,283.36,9466060358,272.94,284.35,279.33,22.85,110586,22.835,23.185,22.58,3203.9,N/A,3203.9,3203.9,3203.9,1897.5,288088,1884.9,1904.6,1880.5,181.0312,239887,181.2812,181.9375,180.7188
7/23/20,UP,273.22,10281309262,263.85,275.31,272.16,22.988,179598,23.405,23.67,22.475,3227.6,3,3266.7,3284,3266.7,1890,400358,1871.6,1897.7,1863.1,181.0938,237140,180.5312,181.3125,180.5
7/22/20,UP,263.83,7702077383,244.47,265.51,262.57,23.144,198641,21.7,23.42,21.68,3265.6,N/A,3265.6,3265.6,3265.6,1865.1,376705,1842.8,1871.8,1842.1,180.625,226481,180.3438,181,180.25
7/21/20,UP,244.56,6806696015,237.07,245.66,243.51,21.557,139272,20.34,21.725,20.315,3251.3,5,3270,3270,3267.3,1843.9,265677,1819.6,1844.9,1817.2,180.2812,179098,180.25,180.625,179.8438
7/20/20,UP,237.03,5600686192,238.69,237.5,235.67,20.192,76261,19.765,20.34,19.655,3213.9,N/A,3213.9,3213.9,3213.9,1817.4,173983,1812.3,1823.4,1806.6,180,171818,179.6875,180.4688,179.6875
7/17/20,UP,232.96,5859850529,233.17,233.36,232.4,19.764,53671,19.535,19.79,19.355,3213.9,N/A,3213.9,3213.9,3213.9,1810,162684,1796.9,1813.9,1795.2,179.7188,147076,180.0625,180.5625,179.5938
7/16/20,UP,232.91,5832057567,238.48,234.44,232.8,19.573,52546,19.82,19.87,19.475,3245.2,6,3222.2,3222.2,3199.3,1800.3,190841,1813.1,1816.2,1794.1,180.2188,169052,179.6562,180.4688,179.5
7/15/20,Down,238.47,6189328448,239.33,239.47,237.98,19.761,54929,19.645,19.845,19.525,3227.2,480,3206.1,3227.2,3198.8,1813.8,179267,1811.1,1819.5,1804,179.7188,209618,179.75,180.1875,179.0938
7/14/20,Down,239.75,7357458555,238.77,241.36,239.75,19.53,71583,19.495,19.685,19.495,3183.6,N/A,3183.6,3183.6,3183.6,1813.4,235992,1810.9,1813.6,1809.6,180.2812,241791,180.0938,180.75,179.7812
7/13/20,UP,238.97,7787751468,241.71,240.21,238.52,19.788,83442,19.08,19.81,19.08,3148.2,11,3183.7,3202,3183.7,1814.1,218006,1803.4,1818.8,1802.1,179.625,209845,179.5938,180.2188,178.9688
7/10/20,Down,240.46,7281370522,240.54,241.64,240.25,19.053,60338,19.025,19.195,18.91,3178.4,1,3127.3,3127.3,3127.3,1801.9,208264,1808.4,1817,1796.5,179.8125,261710,180.1562,181.4375,179.5312
7/9/20,UP,240.12,8429099199,244.79,242.17,239.99,18.962,100545,19.15,19.445,18.83,3141.1,N/A,3141.1,3141.1,3141.1,1803.8,265280,1818.8,1825.5,1799.6,180.375,308868,178.625,180.5625,178.5938
7/8/20,Down,244.8,9892586411,241.91,246.96,243.33,19.161,80426,18.625,19.215,18.585,3163.4,3,3146.3,3146.3,3138,1820.6,232708,1807.9,1829.8,1803.8,178.9375,211969,179.2188,179.2812,178.4375
7/7/20,UP,241.49,6441497597,239.42,242.28,238,18.699,68464,18.585,18.72,18.235,3136.4,1,3146.8,3146.8,3146.8,1809.9,217229,1793.9,1810.8,1781.2,179,193087,178.0312,179.375,177.7812
7/6/20,UP,239.58,8782917553,227.89,243.43,238.17,18.582,51126,18.335,18.78,18.245,#N/A,#N/A,#N/A,#N/A,#N/A,1793.5,140564,1787,1799,1779.2,177.9688,165006,178.125,178.5625,177.1875
7/2/20,UP,228.34,6212210566,227.57,232.04,227.94,18.322,48212,18.285,18.4,17.995,3171.9,26,3099.7,3143,3099.7,1790,181017,1779,1791.7,1766.3,178.2812,199426,178.2812,178.5625,177.2812
7/1/20,Down,231.06,6463737443,225.45,232.04,230.62,18.218,84985,18.58,18.85,18.095,3079.4,3,3079.2,3080.3,3079.2,1779.9,258541,1798.9,1807.7,1767.9,178.125,268371,178.4688,178.5,177.4688
6/30/20,UP,225.16,6094093001,227.02,225.93,224.33,18.637,71444,18.605,18.655,18.52,3090.2,N/A,3090.2,3090.2,3090.2,1800.5,190351,1799.2,1801.4,1795.5,178.5625,306603,179.3125,179.5312,178.2188
6/29/20,Down,227.17,6726164653,224.69,228.57,226.95,18.064,48885,18.11,18.285,17.935,3047.7,2,3019.6,3019.7,3019.6,1781.2,128441,1789.2,1790.4,1776.5,179.0312,209054,179.0312,179.3125,178.7812
6/26/20,Down,229.74,7187490226,232.36,230.06,228.77,18.168,35638,18.075,18.255,17.68,3006.9,N/A,3006.9,3006.9,3006.9,1780.3,195963,1774.8,1786.2,1754,179.0938,213837,179.1562,179.2188,178.9688
6/25/20,Down,232.61,7010426122,229.67,233.5,231.23,18.051,23263,17.72,18.085,17.65,3040.7,34,3031.7,3040.7,3011.8,1770.6,148788,1772.3,1779.6,1764.1,178.2188,228047,178.0625,178.625,177.8438
6/24/20,UP,228.94,8815030025,245.37,235.29,227.99,17.811,24838,18.275,18.425,17.595,3049,5,3126.8,3126.8,3106.3,1775.1,230610,1784.4,1796.1,1770.6,177.875,254543,176.8125,178.125,176.4062
6/23/20,Down,244.92,6624530348,242.72,245.91,242.97,18.239,30579,17.935,18.31,17.905,3118.5,2,3134.2,3134.2,3134.2,1782,190018,1764.9,1786.8,1758.3,176.9375,189918,177.1875,177.9375,176.5
6/22/20,UP,242.79,9079586552,234.25,244.67,240.94,18.074,18925,18.08,18.36,17.95,3110.7,14,3079,3093.2,3079,1766.4,219460,1765.8,1779,1753.5,177.2188,159487,177.4375,178.0312,177.0938
6/19/20,UP,230.19,6946372590,227.79,230.96,228.78,18.022,13110,17.66,18.205,17.64,3059.4,166,3111.3,3137,3111.3,1753,174981,1729.8,1760.9,1728.3,177.2812,188520,176.9062,177.5625,176.0625
6/18/20,UP,227.44,6713800872,233.63,231.51,226.97,17.67,10696,17.86,18.07,17.565,3097.9,N/A,3097.9,3097.9,3097.9,1731.1,152628,1735.5,1749.2,1722.7,177.4062,193613,175.9688,177.4688,175.9375
6/17/20,Down,233.84,7701391592,233.11,234.69,233.07,17.775,42829,17.63,17.815,17.515,3107.1,4,3135.8,3135.8,3128.1,1735.6,137879,1735.3,1739.3,1717.3,176.1875,227345,175.5625,176.4062,175.2812
6/16/20,UP,233.19,7965648016,233.23,235.64,232.34,17.652,64317,17.52,17.79,17.465,3040.9,N/A,3040.9,3040.9,3040.9,1736.5,177702,1732.3,1741.3,1721.8,175.6875,331551,176.875,176.9062,174.9062
6/15/20,UP,233.07,10536099884,225.95,233.66,228.99,17.399,73661,17.56,17.63,17.015,2988,N/A,2988,2988,2988,1727.2,195205,1740.7,1743.8,1706.2,177.3125,201495,177.3438,178.4375,176.8125
6/12/20,Down,236.04,8868955009,233.6,237.92,235.82,17.482,59673,17.755,17.87,17.47,2953.3,N/A,2953.3,2953.3,2953.3,1737.3,148176,1733.6,1753,1728.2,177.1875,235599,178.0625,178.2812,176.6875
6/11/20,UP,233.66,12356528860,248.21,234.19,228.62,17.889,87756,18.335,18.39,17.6,3010.3,72,3184.7,3184.7,3102.6,1739.8,202214,1746.6,1754.9,1727.5,178.3438,339243,176.125,178.4062,176.125
6/10/20,Down,248.2,8792990206,243.89,249.77,247.81,17.796,85513,17.74,18.405,17.685,3186,70,3211.2,3222.8,3183.2,1720.7,195593,1718.9,1749.4,1714.1,175.9062,262997,174.375,176.2812,174.2188
6/9/20,UP,243.92,8446545788,243.19,244.71,243.49,17.794,52027,17.945,17.99,17.685,3205.4,317,3224.7,3224.7,3190.7,1721.9,178128,1703.9,1729.4,1697.6,174.3125,244912,173.0312,174.9688,173
6/8/20,UP,243.28,8076783299,244.09,249.45,240.18,17.893,57640,17.545,17.98,17.495,3227.5,176,3196.2,3227.3,3188.2,1705.1,151461,1686.7,1707.6,1680.7,172.875,218727,172.5625,173.4062,171.7188
6/5/20,UP,240.14,9293963914,243.11,241.36,238.38,17.479,82974,18.02,18.05,17.375,3186.8,133,3114.4,3187.5,3114.4,1683,267086,1720.8,1723.2,1671.7,172.5,456073,173.875,174.4688,170.9375
6/4/20,Down,240.3,10170414304,238.05,246.41,238.5,18.061,54247,17.965,18.13,17.785,3110.5,71,3113.9,3125.5,3096,1727.4,193873,1702.8,1729,1698.9,174,306616,175.7812,176.0312,173.7812
6/3/20,Down,245.73,9861760817,235.81,246.41,243.31,17.958,70257,18.395,18.405,17.675,3117.7,43,3076.8,3118.5,3076.4,1704.8,249036,1733.7,1738.9,1690.3,175.5,306389,177.1875,177.375,175.0938
6/2/20,UP,235.9,13782107567,247.23,238.6,235.43,18.26,75982,18.85,18.9,18.115,3076.9,226,3051.3,3068,3036.2,1734,172030,1750.3,1757,1728,177.3438,175207,177.6562,178.0312,176.9375
6/1/20,Down,247.23,13951727936,238.77,248.75,245.8,18.827,60748,18.635,18.95,18.455,3054,129,3033.5,3054.3,3009.1,1750.3,142807,1749.8,1761,1737.6,177.75,215315,178.375,178.8125,177.0625